hanja	readings	wonhoek	pilhoek	element	meaning	namefit	avoid
㒃	이	14	14	火		0	1
㒚	온,은	16	16	火		0	1
㒤	섭	20	20	火		0	1
㓏	경	9	9	水		0	1
㓗	결	14	14	水		0	1
㔕	글	6	6			0	1
㔡	별	12	12			0	1
㖀	률,율	9	9	水		0	1
㗿	하	16	16	水		0	1
㘔	새	20	20	水		0	1
㙫	집	15	15	土		0	1
㙯	예	15	15	土		0	1
㚱	구	8	8	土		0	1
㚾	형	8	8	土		0	1
㛃	결	9	9	土		0	1
㛄	의	9	9	土		0	1
㛅	이	9	9	土		0	1
㛆	타	9	9	土		0	1
㛦	남,람	11	11	土		0	1
㜏	운	13	13	土		0	1
㜖	조	14	14	土		0	1
㜣	연	15	15	土		0	1
㜯	희	17	17	土		0	1
㜺	찬	22	22	土		0	1
㝢	우	12	12	木		0	1
㞼	승	8	8	土		0	1
㟳	률	13	13	土		0	1
㠌	기	15	15	土		0	1
㠘	서	17	17	土		0	1
㠱	기	11	11	土		0	1
㡸	사	8	8	木		0	1
㢃	낭,랑	10	10	木		0	1
㢋	치	11	11	木		0	1
㢺	현	11	11	金		0	1
㣧	윤	11	11	火		0	1
㣭	종	12	12	火		0	1
㣽	서	7	7	火		0	1
㤊	효	8	7	火		0	1
㤖	저	9	8	火		0	1
㤞	탁	10	9	火		0	1
㥁	덕	12	12	火		0	1
㥠	서	13	12	火		3	1
㥥	우	13	12	火		0	1
㥯	은	14	14	火		0	1
㥼	언,은	15	14	火		0	1
㦀	봉	15	14	火		0	1
㦃	산	15	14	火		0	1
㦆	하	15	14	火		0	1
㦐	니,이	16	15	火		0	1
㦕	륭	16	15	火		0	1
㦥	헌	20	19	火		0	1
㦳	재	9	9	金		0	1
㦶	용	10	10	金		0	1
㧢	인	10	9	木		0	1
㨙	혜	14	13	木		0	1
㨜	건	14	13	木		0	1
㨣	옹	14	13	木		0	1
㨹	설	15	14	木		0	1
㩳	송	22	21	木		0	1
㩴	구	22	21	木		0	1
㩵	알	24	23	木		0	1
㩼	지	10	10	土		0	1
㪤	필	15	15	金		0	1
㫜	단	9	9	火		0	1
㫰	랑	11	11	火		0	1
㫶	주	12	12	火		0	1
㬂	우	13	13	火		0	1
㬃	대	13	13	火		0	1
㬈	온	13	13	火		0	1
㬎	현	14	14	火		0	1
㬚	철	16	16	火		0	1
㬣	대	18	18	火		0	1
㬳	오	8	8	水		0	1
㭲	극,급	11	11	木		0	1
㭸	도	12	12	木		0	1
㭹	현	12	12	木		0	1
㮁	효	12	12	木		0	1
㯖	덕,적	16	16	木		0	1
㯙	철	16	16	木		0	1
㯝	로	16	16	木		0	1
㯳	경	17	17	木		0	1
㰔	섭	21	21	木		0	1
㰤	하	9	9	火		0	1
㰩	해	10	10	火		0	1
㰫	참	10	10	火		0	1
㰭	후	10	10	火		0	1
㱆	희	17	17	火		0	1
㲀	진	11	11	金		0	1
㲽	인	7	6	水		0	1
㲾	우	7	7	水		0	1
㳄	연	8	7	水		0	1
㳘	충	10	9	水		0	1
㳹	왕	12	11	水		0	1
㳼	필	12	12	水		0	1
㴍	승	12	11	水		0	1
㵒	비	16	15	水		0	1
㵛	선	16	15	水		0	1
㵟	미	17	16	水		0	1
㵪	선,연	17	16	水		0	1
㵿	효	19	18	水		0	1
㶡	화	6	6	火		0	1
㶼	애	11	11	火		0	1
㷂	서	12	12	火		0	1
㷏	옹	13	13	火		0	1
㷡	경	14	14	火		0	1
㸎	섭	22	22	火		0	1
㸾	인	11	11	土		0	1
㺿	이	11	10	金		0	1
㻄	보	11	10	金		0	1
㻍	오	12	11	金		0	1
㻭	슬	16	15	金		0	1
㻽	선,수	18	17	金		0	1
㼄	기	20	19	金		0	1
㽘	강	9	9	土		0	1
㽥	유	14	14	土		0	1
㿩	당	25	25	金		0	1
䀭	해	11	11	木		0	1
䀯	보	12	12	木		0	1
䀴	영	12	12	木		0	1
䀸	절,체	12	12	木		0	1
䁐	영	14	14	木		0	1
䁗	개	15	15	木		0	1
䁢	선	16	16	木		0	1
䂦	진	10	10	金		0	1
䂩	연	11	11	金		0	1
䃉	민	14	14	金		0	1
䄄	인	11	11	木		0	1
䄇	정	12	12	木		0	1
䄉	아	12	12	木		0	1
䄗	연	14	14	木		0	1
䄷	석	10	10	木		3	1
䅨	향	14	14	木		0	1
䆑	정	7	7	水		0	1
䆚	동	11	11	水		0	1
䆬	운	15	15	水		0	1
䆸	정	17	17	水		0	1
䉙	운	18	18	木		0	1
䊡	만	17	17	木		0	1
䊨	라	18	18	木		0	1
䋍	아	11	11	木		0	1
䋛	미	12	12	木		0	1
䋴	유	15	15	木		0	1
䌥	은	20	20	木		0	1
䍘	미	12	11	木		0	1
䎙	빈	20	20	火		0	1
䎸	오	13	13	火		0	1
䎻	주	14	14	火		0	1
䏇	표	17	17	火		0	1
䏓	원	10	8	水		0	1
䏧	나	12	10	水		0	1
䏪	이	12	10	水		0	1
䑃	몽	20	18	水		0	1
䑐	진	11	11			0	1
䒤	일	10	8	木		0	1
䔒	배	17	15	木		0	1
䕦	영	22	20	木		0	1
䗲	린,인	18	18	水		0	1
䘘	소,어	16	16	火		0	1
䙘	초,축	17	17	木		0	1
䚂	혁	14	14	火		0	1
䚟	대	15	15	木		0	1
䚷	혜	11	11	金		0	1
䛃	완	11	11	金		0	1
䛆	주	12	12	金		0	1
䛈	시	12	12	金		0	1
䛋	자	12	12	金		0	1
䛔	나	13	13	金		0	1
䛘	임	13	13	金		0	1
䛥	흔,희	14	14	金		0	1
䛲	면	15	15	金		0	1
䛵	수	15	15	金		0	1
䜅	유	18	18	金		0	1
䜌	난,란,련,연	19	19	金		0	1
䜔	수	20	20	金		0	1
䜪	구	9	9	水		0	1
䜫	강,홍	10	10	水		0	1
䜭	예,준	12	12	水		0	1
䝬	주	12	12	金		0	1
䝮	현	12	12	金		0	1
䝽	애	15	15	金		0	1
䞒	동	13	13	火		0	1
䞟	백	12	12	火		0	1
䞭	준	14	14	火		0	1
䞻	용	16	16	火		0	1
䠯	약	24	24	土		0	1
䡣	헌	16	16	火		0	1
䢃	예	15	15	金		0	1
䢐	조	12	9	土		0	1
䢖	건,율	13	10	土		0	1
䢦	솔	18	15	土		0	1
䣊	당	15	11	土		0	1
䣜	차	18	14	土		0	1
䣡	의	20	16	土		0	1
䤥	귀	14	14	金		0	1
䤿	결	18	18	金		0	1
䦞	윤	15	15	木		0	1
䦥	한	16	16	木		0	1
䧋	현	15	10	土		0	1
䨍	영	12	12	水		0	1
䨒	우	14	14	水		3	1
䨭	소	19	19	水		0	1
䪯	영	19	19	金		0	1
䪸	민	14	14	火		2	1
䫟	운,혼	19	19	火		0	1
䫨	오	20	20	火		0	1
䫻	율	13	13	木		0	1
䬈	태	16	16	木		0	1
䭓	안,온	19	19	水		0	1
䭰	봉	17	17	木		0	1
䭱	별	17	17	木		0	1
䮨	재	20	20	火		0	1
䲅	규	22	22	水		1	1
䲻	연,현	16	16	火		0	1
䳟	명	19	19	火		0	1
䳠	수	19	19	火		0	1
䳲	진	21	21	火		0	1
䴛	소	18	18	水		0	1
䵥	울	18	18	水		0	1
一	일	1	1	木	한 일	4	1
丁	정	2	2	火	장정 정	4	0
七	칠	7	2	金	일곱 칠	4	1
万	만	3	3		일만 만	3	1
丈	장	3	3		어른 장	4	1
三	삼	3	3	火	석 삼	4	1
上	상	3	3		위 상	4	1
下	하	3	3		아래 하	4	1
丌	기	3	3			0	1
不	부,불	4	4		아닐 부	4	1
丑	축	4	4	土	소 축	3	1
且	차	5	5		또 차	4	1
丕	비	5	5		클 비	3	0
世	세	5	5		세상 세	4	1
丘	구	5	5		언덕 구	3	0
丙	병	5	5	火	남녘 병	4	1
丞	승	6	6		이을 승	3	1
丟	주	6	6		갈 주	2	1
並	병	8	8		竝과 同字	2	1
丨	곤	1	1		뚫다	0	1
丫	아	3	3		가장귀 아	1	1
中	중	4	4	土	가운데 중	4	0
丰	봉	4	4		예쁠 봉	1	0
丱	관	5	5		쌍상투 관	1	1
串	곶,관	7	7		땅이름 곶	4	1
丸	환	3	3		알 환	4	1
丹	난,단,란	4	4		붉을 단	3	0
主	주	5	5		주인 주	4	0
乂	예	2	2		풀 벨 예	3	1
乃	내	2	2		이에 내	3	1
久	구	3	3		오랠 구	4	0
之	지	3	3		갈 지	4	1
乍	사	5	5		잠깐 사	3	1
乎	호	5	5		인가 호	3	1
乏	핍	4	4		없을 핍	4	1
乖	괴	8	8		어그러질 괴	4	1
乘	승	10	10		오를 승	4	0
乙	을	1	1	木	새 을	4	1
九	구	9	2	水	아홉 구	4	1
乞	걸	3	3	木	구걸할 걸	4	1
也	야	3	3	木	단정의 어조사 야	4	1
乧	둘	5	5	木	음역자 둘	0	1
乫	갈	6	6	木	땅이름 갈	3	1
乬	걸	6	6	木	갈 걸	0	1
乭	돌	6	6	木	이름 돌	3	1
乳	유	8	8	木	젖 유	4	1
乶	볼	8	8	木	땅이름	3	1
乷	살	8	8	木	음역자 살	3	1
乹	건	9	9	木		0	1
乺	솔	9	9	木		0	1
乻	늘,얼	9	9	木		0	1
乼	줄	9	9	木	줄 줄	0	1
乾	건	11	11	木	하늘 건	4	0
亂	난,란	13	13	木	어지러울 난	4	1
了	료,요	2	2		마칠 료	4	1
予	여	4	4		자기 여	3	1
事	사	8	8		일 사	4	1
二	이	2	2	木	두 이	4	1
于	우	3	3		갈 우	3	1
云	운	4	4		이를 운	3	1
互	호	4	4		서로 호	4	1
五	오	5	4	土	다섯 오	4	1
井	정	4	4		우물 정	4	1
亘	긍,선	6	6		뻗칠	3	1
亙	긍	6	6		뻗칠 긍	1	1
些	사	8	8		적을 사	4	1
亜	아	7	7			1	1
亞	아	8	8		버금 아	4	1
亟	극	8	8		빠를 극	1	1
亡	망	3	3		망할 망	4	1
亢	항	4	4		목 항	3	1
交	교	6	6		사귈 교	4	1
亥	해	6	6	水	열 둘째 지지 해	3	0
亦	역	6	6		또 역	3	1
亨	형	7	7		형통할 형	3	0
享	향	8	8		드릴 향	4	1
京	경	8	8		서울 경	4	1
亭	정	9	9		정자 정	4	1
亮	량,양	9	9		밝을 량	4	0
亰	경	9	9			0	1
亳	박	10	10		땅이름 박	1	1
亴	우	12	12			0	1
亶	단	13	13		믿을 단	3	0
亹	미	22	22		힘쓸 미	0	0
人	인	2	2	火	사람 인	4	1
什	십,집	4	4	火	열 사람 십	4	0
仁	인	4	4	火	어질 인	4	0
仃	정	4	4	火		1	1
仄	측	4	4	火	기울 측	3	1
仇	구	4	4	火	짝 구	4	1
仉	장	4	4	火		0	1
今	금	4	4	火	이제 금	4	1
介	개	4	4	火	낄 개	4	1
仍	잉	4	4	火	인할 잉	3	1
仔	자	5	5	火	자세할 자	4	1
仕	사	5	5	火	벼슬할 사	3	0
他	타	5	5	火	다를 타	4	1
仗	장	5	5	火	병장기 장	4	1
付	부	5	5	火	줄 부	4	1
仙	선	5	5	火	신선 선	4	1
仚	현	5	5	火		0	1
仜	홍	5	5	火		0	1
仝	동	5	5	火	同의 古字	3	1
仞	인	5	5	火	길 인	1	0
仟	천	5	5	火	일천 천	3	1
仡	흘	5	5	火	날랠 흘	1	1
代	대	5	5	火	대신할 대	4	1
令	령,영	5	5	火	명령 령	4	1
以	이	4	4	火	써 이	4	1
仰	앙	6	6	火	우러를 앙	4	1
仱	금,긍	6	6	火		0	1
仲	중	6	6	火	버금 중	3	1
仳	비	6	6	火	떠날 비	1	1
仵	오	6	6	火	짝 오	1	1
件	건	6	6	火	조건 건	4	1
价	개	6	6	火	착할 개	3	0
任	임	6	6	火	맡길 임	4	0
份	빈	6	6	火		2	1
仿	방	6	6	火	헤멜 방	2	1
伀	종	6	6	火	두려워할 종	0	1
企	기	6	6	火	꾀할 기	3	1
伃	여	6	6	火		0	1
伈	심	6	6	火		0	1
伉	항	6	6	火	강직할 항	3	1
伊	이	6	6	火	저 이	3	0
伋	급	5	5	火	속일 급	3	1
伍	오	6	6	火	五의 갖은자	4	1
伎	기	6	6	火	재주 기	3	0
伏	복	6	6	火	엎드릴 복	4	1
伐	벌	6	6	火	칠 벌	3	1
休	휴	6	6	火	쉴 휴	4	1
伒	근	6	6	火		0	1
优	우	6	6	火		1	1
伙	화	6	6	火		2	1
会	회	6	6	火		1	1
伯	백	7	7	火	맏 백	4	1
估	고	7	7	火	값 고	2	1
伴	반	7	7	火	짝 반	4	1
伶	령,영	7	7	火	영리할 령	3	1
伷	주	7	7	火		0	1
伸	신	7	7	火	펼 신	4	0
伺	사	7	7	火	엿볼 사	4	1
伻	팽	7	7	火		0	1
似	사	6	6	火	같을 사	4	1
伽	가	7	7	火	절 가	3	1
伾	비	7	7	火		0	1
佂	정	7	7	火	두려워할 정	0	1
佃	전	7	7	火	밭 맬 전	3	1
但	단	7	7	火	다만 단	4	1
佇	저	7	7	火	오래 설 저	3	1
佈	포	7	7	火	펼칠 포	4	0
佉	거,구	7	7	火	나라이름 거	0	0
佋	소	7	7	火	소개할 소	0	1
位	위	7	7	火	벼슬 위	4	0
低	저	7	7	火	낮을 저	4	1
住	주	7	7	火	살 주	4	1
佐	좌	7	7	火	도울 좌	3	0
佑	우	7	7	火	도울 우	3	0
体	분	7	7	火	용렬할 분	1	1
佔	점	7	7	火	엿볼 점	1	1
何	하	7	7	火	어찌 하	4	1
佖	필	7	7	火	점잔피울 필	2	1
佗	타	7	7	火	다를 타	1	1
余	여	7	7	火	자기 여	3	0
佚	일	7	7	火	편안할 일	3	0
佛	불	7	7	火	부처 불	4	1
作	작	7	7	火	지을 작	4	1
佝	구	7	7	火	꼽추 구	1	1
佞	녕,영	7	7	火	재주 녕	1	0
佟	퉁	7	7	火		1	1
佩	패	8	8	火	패옥 패	4	1
佪	회	8	8	火	어정거릴 회	0	1
佯	양	8	8	火	거짓 양	3	1
佰	백	8	8	火	백사람의어른	4	1
佳	가	8	8	火	아름다울 가	3	0
佴	이	8	8	火		0	1
佶	길	8	8	火	건장할 길	3	1
佸	괄	8	8	火	힘 쓸 괄	0	1
佹	궤	8	8	火	포갤 궤	0	1
佺	전	8	8	火	신선이름	3	1
佻	조	8	8	火	방정맞을 조	1	1
佼	교	8	8	火	예쁠 교	1	0
佽	차	8	8	火	도울 차	0	0
佾	일	8	8	火	춤 일	3	1
使	사	8	8	火	하여금 사	4	1
侀	형	8	8	火		0	1
侁	신	8	8	火	떼지어 갈 신	3	1
侃	간	8	8	火	강직할 간	3	1
侄	질	8	8	火	어리석을 질	4	1
侅	해	8	8	火		0	1
來	내,래	8	8	火	올 내	4	1
侈	치	8	8	火	사치할 치	3	1
侉	과	8	8	火	자랑할 과	0	1
侊	광	8	8	火	성한 모양 광	3	1
例	례,예	8	8	火	법식 례	4	1
侍	시	8	8	火	모실 시	4	1
侎	미	8	8	火		0	1
侏	주	8	8	火	난쟁이 주	3	1
侐	혁	8	8	火		0	1
侑	유	8	8	火	도울 유	3	0
侒	안	8	8	火		0	1
侔	모	8	8	火	가지런 할 모	0	1
侖	륜,윤	8	8	火	둥글 륜	3	0
侗	동	8	8	火	무지할 동	1	1
侘	차	8	8	火	실의할 차	3	1
侚	순	8	8	火	좇을 순	0	1
供	공	8	8	火	이바지할 공	4	1
侜	주	8	8	火	속일 주	0	1
依	의	8	8	火	의지할 의	4	1
侞	여	8	8	火		0	1
侮	모	9	9	火	업신여길 모	3	1
侯	후	9	9	火	과녁 후	3	1
侲	진	9	9	火	동자 진	0	1
侵	침	9	9	火	범할 침	3	1
侶	려,여	9	9	火	짝 려	3	1
侹	정	8	8	火		0	1
侻	탈	9	9	火	간사할 탈	0	1
侽	남	9	9	火		0	1
侾	효	9	9	火		0	1
便	변,편	9	9	火	똥오줌 변	4	1
俁	우	9	9	火		0	1
係	계	9	9	火	걸릴 계	4	1
促	촉	9	9	火	핍박할 촉	4	1
俄	아	9	9	火	갑자기 아	3	1
俅	구	9	9	火	공손할 구	0	0
俉	오	9	9	火	맞이할 오	3	1
俊	준	9	9	火	준걸 준	3	0
俌	보	9	9	火	도울 보	0	0
俍	량,양	9	9	火		0	1
俎	조	9	9	火	도마 조	3	1
俏	초	9	9	火	거문고 뒤치는 소리 소	1	1
俐	리,이	9	9	火	똑똑할 리	2	1
俑	용	9	9	火	시체와 함께 매장하는	3	1
俒	혼	9	9	火		0	1
俓	경	9	9	火	徑과 同字	3	1
俔	현	9	9	火	연탐할 현	3	1
俖	배	9	9	火		0	1
俗	속	9	9	火	익을 속	4	1
俘	부	9	9	火	사로잡을 부	1	1
俙	희	9	9	火		2	1
俚	리,이	9	9	火	속될 리	3	1
俛	면	9	9	火	힘쓸 면	0	0
保	보	9	9	火	지킬 보	4	0
俞	유	9	9	火		1	1
俟	사	9	9	火	기다릴 사	3	1
俠	협	9	9	火	의기 협	4	1
信	신	9	9	火	믿을 신	4	0
俣	오	9	9	火	갈래질 오	1	1
俤	제	9	9	火		0	1
修	수	9	9	火	닦을 수	4	0
俯	부	10	10	火	구푸릴 부	3	1
俰	화	10	10	火	화할 화	0	0
俱	구	10	10	火	함께 구	3	1
俳	배	10	10	火	광대 배	3	1
俴	천	10	10	火	엷을 천	0	1
俵	표	10	10	火	나누어 줄 표	3	1
俶	숙	10	10	火	비롯할 숙	1	1
俸	봉	10	10	火	녹 봉	3	1
俺	엄	10	10	火	자기 엄	3	1
俽	흔	10	10	火		0	1
俾	비	10	10	火	더할 비	1	1
倀	창	10	10	火	미칠 창	1	1
倂	병	10	10	火	아우를 병	3	1
倅	쉬	10	10	火	버금 쉬	1	1
倆	량,양	10	10	火	재주 량	3	0
倇	원	10	10	火		0	1
倈	래	10	10	火		1	1
倉	창	10	10	火	곳집 창	4	1
個	개	10	10	火	낱 개	4	1
倌	관	10	10	火		1	1
倍	배	10	10	火	곱 배	4	1
倏	숙	10	10	火	잠간 숙	1	1
們	문	10	10	火	들 문	4	0
倒	도	10	10	火	넘어질 도	4	1
倓	담	10	10	火		0	1
倔	굴	10	10	火	딱딱할 굴	1	1
倕	수	10	10	火		0	1
倖	행	10	10	火	요행 행	4	1
倘	당	10	10	火	혹시 당	1	1
候	후	10	10	火	물을 후	4	1
倚	의	10	10	火	기댈 의	4	1
倛	기	10	10	火		0	1
倜	척	10	10	火	대범할 척	3	1
倞	경	10	10	火	굳셀 경	3	0
借	차	10	10	火	빌 차	4	1
倡	창	10	10	火	여광대 창	4	1
倢	첩	10	10	火	빠를 첩	1	1
倣	방	10	10	火	본뜰 방	4	1
値	치	10	10	火	값 치	3	1
倥	공	10	10	火	어리석을 공	1	1
倦	권	10	10	火	게으를 권	4	1
倧	종	10	10	火	상고 신인 종	3	1
倨	거	10	10	火	거만할 거	3	1
倩	천	10	10	火	예쁠 천	1	0
倪	예	10	10	火	어릴 예	3	1
倫	륜,윤	10	10	火	인륜 륜	3	1
倬	탁	10	10	火	환할 탁	3	0
倭	왜	10	10	火	나라이름 왜	3	0
倮	나,라	10	10	火	알몸 라	0	1
倰	능,릉	10	10	火	속일 릉	0	1
倲	동	10	10	火		0	1
倻	야	10	10	火	땅이름 야	3	1
偀	영	10	10	火		0	1
偃	언	11	11	火	자빠질 언	3	1
偄	난	11	11	火	언약할 난	0	1
偆	준	11	11	火		0	1
假	가	11	11	火	거짓 가	4	1
偈	게	11	11	火	쉴 게	3	1
偉	위	11	11	火	클 위	4	0
偊	우	11	11	火		0	1
偎	외	11	11	火	사랑할 외	1	0
偏	편	11	11	火	치우칠 편	3	1
偓	악	11	11	火	거리낄 악	0	1
偕	해	11	11	火	함께할 해	3	1
偗	성	11	11	火		0	1
偘	간	11	11	火	侃과 同字	0	1
偙	제	11	11	火		0	1
做	주	11	11	火	지을 주	4	1
停	정	11	11	火	머무를 정	4	1
偞	엽	11	11	火		0	1
偠	요	11	11	火	허리 가늘 요	0	1
偢	초	11	11	火	얼이 빠져 있을 초	0	0
健	건	10	10	火	굳셀 건	4	0
偦	서	11	11	火		0	1
偪	핍	11	11	火	핍박할 핍	0	1
偰	설	11	11	火	맑을 설	0	0
偲	시	11	11	火	간절히 책망할 시	1	1
偳	단	11	11	火		0	1
側	측	11	11	火	곁 측	4	1
偵	정	11	11	火	엿볼 정	3	1
偶	우	11	11	火	짝지울 우	4	1
偸	투	11	11	火	훔칠 투	3	1
傀	괴	11	11	火	클 괴	3	0
傃	소	12	12	火		0	1
傅	부	12	12	火	스승 부	4	0
傋	강	12	12	火	아첨 아니할 강	0	1
傍	방	12	12	火	곁 방	4	1
傑	걸	12	12	火	호걸 걸	3	1
傒	혜	12	12	火	묶을 혜	0	1
傔	겸	12	12	火	겸종 겸	0	1
傕	각	12	12	火		1	1
傖	창	12	12	火	천할 창	1	1
傘	산	12	12	火	우산 산	4	1
備	비	12	12	火	깆출 비	4	1
傚	효	12	12	火	본받을 효	1	1
傛	용	12	12	火	혁혁할 용	0	1
傝	탑	12	12	火	답답할 탑	0	1
傞	사	11	11	火	취하여 춤추는 모양 사	0	1
催	최	13	13	火	재촉할 최	4	1
傭	용	13	13	火	머슴 용	3	1
傮	조	13	13	火	마칠 조	0	1
傲	오	12	12	火	업신여길 오	4	1
傳	전	13	13	火	전할 전	4	1
傴	구	13	13	火	구부릴 구	0	1
債	채	13	13	火	빚 채	3	1
傷	상	13	13	火	상처 상	4	1
傹	경	13	13	火		0	1
傽	장	13	13	火	놀랄 장	0	1
傾	경	13	13	火	기울 경	4	1
傿	언	13	13	火	鄢과 同字	0	1
僀	제	13	13	火		0	1
僂	누,루	13	13	火	구부릴 루	1	1
僄	표	13	13	火	몸이 가벼울 표	0	1
僅	근	13	13	火	겨우 근	4	1
僆	련,연	12	12	火		0	1
僉	첨	13	13	火	다 첨	3	1
僊	선	14	14	火	춤출 선	3	1
僌	웅	13	13	火		0	1
働	동	13	13	火		1	1
僎	선,준	14	14	火		1	1
像	상	13	13	火	형상 상	4	1
僑	교	14	14	火	높을 교	4	0
僔	준	14	14	火		0	1
僕	복	14	14	火	종 복	4	1
僖	희	14	14	火	기쁠 희	3	0
僙	광	13	13	火		0	1
僚	료,요	14	14	火	동료 료	3	1
僛	기	14	14	火	취하여 춤추는 모양 기	0	1
僞	위	14	14	火	거짓 위	3	1
僡	혜	14	14	火		0	1
僢	천	14	14	火	어그러질 천	0	1
僥	요	14	14	火	거짓 요	4	1
僦	추	14	14	火	임금 추	0	1
僧	승	14	14	火	중 승	3	1
僩	한	14	14	火	노할 한	1	1
僬	초	14	14	火	밝게 살필 초	0	1
僭	참	14	14	火	참람할 참	3	1
僮	동	14	14	火	아이 동	1	1
僵	강	15	15	火	엎드러질 강	1	1
僶	민	15	15	火		0	1
價	가	15	15	火	값 가	4	1
僻	벽	15	15	火	후미질 벽	3	1
僾	애	15	15	火	어렴풋할 애	0	1
僿	사	15	15	火	잘게 부슬 사	3	1
儀	의	15	15	火	꼴 의	3	1
儁	준	14	14	火	雋·俊과 同字	3	1
儃	천	15	15	火	머뭇거릴 천	0	1
億	억	15	15	火	억 억	4	1
儆	경	14	14	火	경계할 경	3	1
儇	현	15	15	火	영리할 현	0	1
儉	검	15	15	火	검소할 검	3	1
儋	담	15	15	火	기운차고 날쌜해집 담	0	1
儌	요	15	15	火		0	1
儐	빈	16	16	火	인도할 빈	2	1
儒	유	16	16	火	선비 유	3	0
儓	대	16	16	火	하인 대	0	1
儔	주	16	16	火	무리 주	1	1
儕	제	16	16	火	동배 제	1	1
儗	의	16	16	火	서로 못믿을 의	0	0
儘	진	16	16	火	盡과 同字	1	1
儛	무	16	16	火	舞와 同字	0	1
儜	녕,영	16	16	火	고달플 녕	0	1
償	상	17	17	火	갚을 상	3	1
儡	뇌,뢰	17	17	火	영락할 뢰	3	1
儢	려,여	17	17	火	맘에 하기 싫을 려	0	1
儤	포	17	17	火		0	1
儥	육	17	17	火	팔 육	0	1
儧	찬	17	17	火	모일 찬	0	1
儩	사	17	17	火		0	1
優	우	17	17	火	넉넉할 우	4	0
儫	호	16	16	火	영웅 호	0	1
儱	농,롱	18	18	火	건목칠 롱	0	1
儲	저	17	17	火	쌓을 저	4	1
儳	참	19	19	火	어긋날 참	1	1
儵	숙	18	18	火	잿빛 숙	0	1
儷	려,여	21	21	火	짝 려	3	1
儸	나,라	21	21	火		1	1
儹	찬	21	21	火	모을 찬	0	1
儺	나	21	21	火	역귀 쫓을 나	3	1
儻	당	22	22	火	빼어날 당	1	0
儼	엄	21	21	火	공경할 엄	3	1
儿	인	2	2		어진사람	1	1
兀	올	3	3		우뚝할 올	3	1
允	윤	4	4		미쁠 윤	3	0
元	원	4	4		으뜸 원	4	0
兄	형	5	5		맏이 형	4	1
充	충	6	6		가득찰 충	4	1
兆	조	6	6		조짐 조	3	1
兇	흉	6	6		흉악할 흉	4	1
先	선	6	6		먼저 선	4	1
光	광	6	6		빛 광	4	0
克	극	7	7		이길 극	4	1
兌	태	7	7		기쁠 태	3	0
免	면	7	7		면할 면	4	1
兎	토	7	7		兔의 俗字	3	1
児	아	7	7			1	1
兒	아,예	8	8		아이 아	4	1
兔	토	8	8			2	1
兕	시	7	7		외뿔난 소 시	1	1
兖	연	8	8			1	1
兗	연	9	9		고을이름 연	1	0
兜	두	11	11		투구 두	4	1
兟	신	12	12			0	1
兢	긍	14	14		삼갈 긍	4	0
兤	황	20	20			0	1
入	입	2	2		들 입	4	0
內	내	4	4		안 내	4	1
全	전	6	6		온전할 전	4	0
兩	량,양	8	8		두 량	4	1
兪	유	9	9		그럴 유	3	0
八	팔	8	2	金	여덟 팔	4	1
公	공	4	4		공변될 공	4	1
六	륙,육	6	4	土	여섯 륙	4	1
兮	혜	4	4		어조사 혜	3	1
共	공	6	6		함께 공	4	1
兵	병	7	7		군사 병	4	1
其	기	8	8		그 기	4	1
具	구	8	8		갖출 구	4	0
典	전	8	8		책 전	4	0
兼	겸	10	10		겸할 겸	4	1
冀	기	16	16		바랄 기	4	1
冂	경	2	2		멀다	0	0
円	엔	4	4		일본화폐단위	3	1
冉	염	5	5		가는 털 늘어질 염	1	1
冊	책	5	5		책 책	4	0
册	책	5	5			2	1
再	재	6	6		두 번 재	4	1
冏	경	7	7		빛날 경	2	0
冑	주	9	9			2	1
冒	모	9	9		가릴 모	4	1
冓	구	10	10		재목 어긋매겨 쌓을 구	0	1
冗	용	4	4		宂과 同字	3	1
冘	유	4	4		머뭇거릴 유	0	1
冞	미	8	8			0	1
冠	관	9	9		갓 관	4	1
冢	총	10	10			1	1
冣	취	10	10		쌓을 취	0	1
冤	원	10	10		원통할 원	1	0
冥	명	10	10		어두울 명	4	1
冪	멱	15	15		덮을 멱	3	1
冬	동	5	5	水	겨울 동	4	1
冱	호	6	6	水	찰 호	0	1
冲	충	6	6	水	깊을 충	1	0
冶	야	7	7	水	단련할 야	4	1
冷	냉,랭	7	7	水	차가울 냉	4	1
冽	렬,열	8	8	水	찰 렬	3	1
冾	협	8	8	水		1	1
冿	전,점	8	8	水		0	1
凄	처	10	10	水	쓸쓸할 처	3	1
凅	고	10	10	水	얼어붙을 고	0	1
准	준	10	10	水	승인할 준	4	1
凈	정	10	10	水		1	1
凉	량,양	10	10	水	涼의 俗字	3	1
凊	청	10	10	水	서늘할 청	0	1
凋	조	10	10	水	시들 조	4	1
凌	능,릉	10	10	水	얼음 능	3	1
凍	동	10	10	水	얼 동	4	1
凑	주	11	11	水		1	1
凒	의	12	12	水	눈서리 쌓일 의	0	1
凔	창	12	12	水	찰 창	0	1
凖	준	12	12	水		1	1
凛	늠,름	15	15	水	찰 름	1	1
凜	늠,름	15	15	水	찰 늠	4	1
凝	응	16	16	水	엉길 응	3	1
凞	희	16	16	水	빛날 희	3	0
几	궤	2	2		안석 궤	1	1
凡	범	3	3		무릇 범	4	1
処	처	5	5			1	1
凭	빙	8	8		기대다 빙	1	1
凰	황	11	11		봉황새 황	3	0
凱	개	12	12		싸움 이긴 풍류 개	3	0
凳	등	14	14		걸상 등	2	1
凶	흉	4	4		흉할 흉	3	1
凸	철	5	5		볼록할 철	4	1
凹	요	5	5		오목할 요	4	1
出	출	5	5		날 출	4	1
函	함	8	8		상자 함	4	1
刀	도	2	2	金	칼 도	4	1
刁	조	2	2	金	바라 조	1	1
刃	인	3	3	金	칼날 인	3	1
分	분	4	4	金	나눌 분	4	1
切	절,체	4	4	金	끊을 절	4	1
刈	예	4	4	金	풀 벨 예	3	1
刊	간	5	5	金	책 펴낼 간	4	0
刎	문	6	6	金	목 벨 문	3	1
刑	형	6	6	金	형벌 형	4	1
刓	완	6	6	金	깎을 완	0	1
刖	월	6	6	金	발꿈치 자를 월	1	1
列	렬,열	6	6	金	줄 렬	4	1
初	초	7	7	金	처음 초	4	0
判	판	7	7	金	판단할 판	4	0
別	별	7	7	金	나눌 별	4	1
刦	겁	7	7	金	겁탈할 겁	0	1
刧	겁	7	7	金	刦의 俗字	0	1
利	리,이	7	7	金	날카로울 리	4	1
刪	산	7	7	金	깎을 산	4	1
刮	괄	8	8	金	깍을 괄	4	1
到	도	8	8	金	이를 도	4	1
刱	창	8	8	金	비롯할 창	0	1
刲	규	8	8	金	찌를 규	0	1
刳	고	8	8	金	가를 고	1	1
制	제	8	8	金	억제할 제	3	1
刷	쇄	8	8	金	긁을 쇄	4	1
券	권	8	8	金	엄쪽 권	4	1
刹	찰	8	8	金	절 찰	3	1
刺	자,척	8	8	金	찌를 자	4	1
刻	각	8	8	金	새길 각	4	1
剃	체	9	9	金	머리 깎을 체	3	1
剄	경	9	9	金	목 벨 경	1	1
剆	나,라	8	8	金		0	1
則	칙	9	9	金	법칙 칙	4	1
剉	좌	9	9	金	꺽을 좌	1	1
削	삭	9	9	金	깎을 삭	3	1
剋	극	9	9	金	깍일 극	3	1
剌	날,라,랄	9	9	金	어그러질 랄	3	1
前	전	9	9	金	앞 전	4	1
剔	척	10	10	金	바를 척	3	0
剕	비	10	10	金	발 벨 비	0	1
剖	부	10	10	金	쪼갤 부	3	1
剗	잔	10	10	金	깍을 잔	0	1
剘	기	10	10	金		0	1
剚	사	10	10	金	찌를 사	0	1
剛	강	10	10	金	굳을 강	4	0
剝	박	10	10	金	벗길 박	4	1
剞	기	10	10	金	새김칼 기	0	1
剟	철	10	10	金	깎을 철	0	1
剠	경	10	10	金		0	1
剡	섬	10	10	金	날카로울	3	1
剩	잉	12	12	金	남을 잉	4	1
剪	전	11	11	金	가위 전	4	1
剬	단	11	11	金		0	1
副	부	11	11	金	버금 부	4	1
割	할	12	12	金	벨 할	4	1
剴	개	12	12	金	낫 개	1	1
創	창	12	12	金	비롯할 창	4	1
剷	산	13	13	金	깎을 산	1	1
剺	리,이	13	13	金	벗길 리	0	1
剽	표	13	13	金	표독할 표	3	1
剿	초	13	13	金	죽일 초	4	1
劂	궤	14	14	金		1	1
劃	획	14	14	金	쪼갤 획	4	1
劇	극	15	15	金	심할 극	4	1
劈	벽	15	15	金	쪼갤 벽	4	1
劉	류,유	15	15	金	죽일 류	3	1
劍	검	15	15	金	칼 검	4	1
劑	제	16	16	金	약 지을 제	3	1
劒	검	16	16	金	劎의 譌字	3	1
劓	의	16	16	金	코 베일 의	1	1
劗	찬	21	21	金	끊을 찬	0	1
劘	마	21	21	金	깍을 마	0	1
力	력,역	2	2		힘 력	4	1
功	공	5	5		공 공	4	1
加	가	5	5		더할 가	4	1
劣	렬,열	6	6		못할 렬	4	1
劤	근	6	6		힘많을 근	3	0
劦	협	6	6			1	1
劧	지	6	6			0	1
助	조	7	7		도울 조	4	0
劫	겁	7	7		위협할 겁	4	1
劬	구	7	7		수고로울 구	1	1
劭	소	7	7			1	1
劮	일	7	7			0	1
劵	권	8	8			0	1
効	효	8	8			1	1
劾	핵	8	8		캐물을 핵	3	1
勁	경	9	9		굳셀 경	3	0
勃	발	9	9		갑작스러울 발	3	1
勅	칙	9	9		신칙할 칙	3	1
勇	용	9	9		날랠 용	4	1
勉	면	9	9		힘쓸 면	4	0
勌	권	10	10		倦과 同字	0	1
勍	경	10	10		셀 경	3	1
勒	늑,륵	11	11		굴레 늑	3	1
勓	개	11	11			0	1
動	동	11	11		움직일 동	4	1
勖	욱	11	11		힘쓸 욱	3	0
勘	감	11	11		마감할 감	3	1
務	무	10	10		일 무	4	1
勛	훈	12	12		勳의 古字	3	1
勝	승	12	12		이길 승	4	0
勞	노,로	12	12		수고할 노	4	1
募	모	12	12		모을 모	3	1
勠	륙,육	13	13		협력할 륙	0	1
勡	표	13	13		겁탈할 표	0	1
勢	세	13	13		권세 세	4	1
勣	적	13	13		공적 적	3	1
勤	근	13	13		부지런할 근	4	0
勦	초	13	13		수고롭게 할 초	1	1
勩	예	14	14			0	1
勫	번	14	14			0	1
勭	동	14	14			0	1
勱	매	14	14			0	1
勲	훈	15	15			1	1
勳	훈	16	16		공 훈	3	0
勴	려	17	17			0	1
勵	려,여	16	16		힘쓸 려	4	0
勸	권	19	19		권할 권	4	1
勺	작	3	3		구기 작	3	1
勻	균,윤	4	4		고를 균	3	1
勼	구	4	4			0	1
勾	구	4	4		글귀절 구	3	0
勿	물	4	4		말 물	3	1
匀	균,윤	4	4			1	1
匃	개	5	5		청구할 개	0	1
包	포	5	5		꾸릴 포	4	1
匈	흉	6	6		가슴	3	1
匉	평	7	7			0	1
匊	국	8	8		움켜 뜰 국	0	0
匌	합	8	8		기운 답답할 합	0	1
匍	포	9	9		엉금엉금 길 포	3	0
匏	포	11	11		박 포	3	1
匐	복	11	11		길 복	3	0
匕	비	2	2	金	비수 비	3	1
化	화	4	4	金	될 화	4	0
北	배,북	5	5	金	달아날	4	1
匙	시	11	11	金	숟가락 시	3	1
匠	장	6	6		장인 장	4	1
匡	광	6	6		바룰 광	3	1
匣	갑	7	7		궤 갑	3	1
匧	협	9	9		옷상자 협	0	1
匪	비	10	10		대상자 비	4	1
匯	회	13	13		물돌 회	3	1
匱	궤	14	14		갑 궤	1	1
匶	구	19	19		柩의 古字	0	1
匸	혜	2	2		감추다	0	1
匹	필	4	4		짝 필	4	1
医	예,의	7	7			1	1
匽	언	9	9		숨길 언	0	1
匾	편	11	11			1	1
匿	닉,익	10	10		숨쉴 닉	3	1
區	구	11	11		감출 구	4	1
十	십	10	2	水	열 십	4	0
千	천	3	3		일천 천	4	0
卄	입	3	3		스물 입	3	1
卅	삽	4	4		서른 삽	1	1
升	승	4	4		되 승	4	1
午	오	4	4	火	낮 오	4	1
卉	훼	5	5		풀 훼	3	1
半	반	5	5		반 반	4	1
卍	만	4	4		만자 만	3	1
卑	비	8	8		낮을 비	4	1
卒	졸	8	8		군사 졸	3	1
卓	탁	8	8		높을 탁	3	0
協	협	8	8		조화할 협	3	0
南	남	9	9		남녘 남	4	0
卙	집	11	11			0	1
博	박	12	12		넓을 박	4	0
卜	복	2	2		점 복	3	1
卞	변	4	4		조급할 변	4	0
占	점	5	5		점칠 점	3	1
卡	잡	5	5		관 잡	1	1
卦	괘	8	8		걸 괘	3	1
卨	설	10	10		사람이름 설	3	1
卬	앙	4	4		자기 앙	0	1
卮	치	5	5		술잔 치	1	1
卯	묘	5	5	木	토끼 묘	3	1
印	인	5	5		도장 인	4	0
危	위	6	6		위태할 위	4	1
卲	소	7	7		높을 소	0	0
即	즉	7	7		卽의 俗字	2	1
却	각	7	7		물리칠 각	3	1
卵	난,란	7	7		알 난	3	1
卶	치	8	8			0	1
卷	권	8	8		굽을 권	4	1
卸	사	9	9		풀 사	1	1
卹	휼	8	8			1	1
卻	각	9	9		却의 本字	2	1
卽	즉	9	9		곧 즉	3	1
卿	경	10	10		벼슬 경	3	0
厄	액	4	4	土	재앙 액	3	1
厎	지	7	7	土		1	1
厓	애	8	8	土	언덕 애	3	0
厖	방	9	9	土	클 방	1	0
厘	리,이	9	9	土	釐의 俗字	3	1
厚	후	9	9	土	두터울 후	4	0
厝	조	10	10	土	措와 同字	1	1
原	원	10	10	土	근본 원	4	0
厠	측	11	11	土	뒷간 측	3	1
厥	궐	12	12	土	그 궐	3	1
厦	하	12	12	土	큰 집 하	3	0
厭	염	14	14	土	넉넉할 염	4	0
厮	시	14	14	土	부릴 시	1	1
厲	려,여	14	14	土	갈 려	2	1
厳	엄	16	16	土		1	1
厹	구	4	4		세모창 구	0	1
去	거	5	5		갈 거	4	1
參	삼,참	11	11		석 삼	3	1
又	우	2	2		또 우	4	1
叉	차	3	3		깍지낄 차	3	1
及	급	3	3		미칠 급	4	1
友	우	4	4		벗 우	4	1
双	쌍	4	4			1	1
反	반	4	4		돌이킬 반	4	1
叔	숙	8	8		아재비 숙	4	1
取	취	8	8		거둘 취	4	1
受	수	8	8		이을 수	4	1
叙	서	9	9			2	1
叛	반	9	9		배반할 반	3	1
叟	수	9	9		어른 수	1	1
叡	예	16	16		밝을 예	3	0
叢	총	18	18		떨기 총	4	1
口	구	3	3	水	입 구	4	1
古	고	5	5	水	옛 고	4	1
句	구,귀	5	5	水	글귀절 구	4	0
另	령,영	5	5	水	나눌 령	1	1
叨	도	5	5	水	탐할 도	1	1
叩	고	5	5	水	두드릴 고	3	1
只	지	5	5	水	다만 지	4	1
叫	규	5	5	水	부를 규	4	1
召	소	5	5	水	부를 소	4	1
叭	팔	5	5	水	나팔 팔	3	1
叮	정	5	5	水	단단히 부탁할 정	2	1
可	가	5	5	水	옳을 가	4	0
台	태	5	5	水	별 태	4	0
叱	질	5	5	水	꾸짖을 질	3	1
史	사	5	5	水	역사 사	3	0
右	우	5	5	水	오른쪽 우	4	1
叴	구	5	5	水	소리 높일 구	0	1
叵	파	5	5	水	못할 파	1	1
叶	협	5	5	水	화합할 협	1	1
号	호	5	5	水		1	1
司	사	5	5	水	맡을 사	4	1
吁	우	6	6	水		1	1
吃	흘	6	6	水	말더듬을 흘	4	1
各	각	6	6	水	각각 각	4	1
合	합	6	6	水	합할 합	4	1
吉	길	6	6	水	길할 길	3	0
吊	적	6	6	水	슬퍼할	3	1
吋	촌	6	6	水	인치 촌	1	1
同	동	6	6	水	같을 동	4	1
名	명	6	6	水	이름 명	4	1
后	후	6	6	水	임금 후	4	1
吏	리,이	6	6	水	벼슬아치 리	3	0
吐	토	6	6	水	토할 토	4	1
向	향	6	6	水	향할 향	4	1
吘	우	7	7	水		0	1
君	군	7	7	水	임금 군	3	1
吝	린,인	7	7	水	아낄 린	3	1
吟	음	7	7	水	읊을 음	3	1
吠	폐	7	7	水	짖을 폐	4	1
否	부	7	7	水	아닐 부	3	1
吩	분	7	7	水	뿜을 분	4	1
吪	와	7	7	水		0	1
含	함	7	7	水	머금을 함	4	1
听	은	7	7	水	벙긋거릴 은	1	1
吮	전	7	7	水	빨 전	2	1
吱	지	7	7	水		2	1
吳	오	7	7	水	오나라 오	3	0
吸	흡	6	6	水	숨 들이쉴 흡	4	1
吹	취	7	7	水	불 취	4	1
吻	문	7	7	水	입술 문	4	1
吼	후	7	7	水	울 후	3	1
吽	후	7	7	水	개 싸울 우	1	1
吾	오	7	7	水	자기 오	3	1
呀	하	7	7	水	입 벌릴 하	2	1
呂	려,여	7	7	水	음률 려	3	0
呆	매	7	7	水	어리석을 매	1	1
呇	계	7	7	水		0	1
呈	정	7	7	水	보일 정	3	1
告	고	7	7	水	알릴 고	4	1
呏	승	7	7	水		0	1
呑	탄	7	7	水	삼킬 탄	3	1
呝	액	8	8	水	울 액	0	1
呟	현	8	8	水		2	1
呢	니,이	8	8	水	소근거릴 니	2	1
呤	령,영	8	8	水	속삭일 령	1	1
呦	유	8	8	水	사슴 우는 소리 유	1	1
周	주	8	8	水	두루 주	4	1
呪	주	8	8	水	빌 주	3	1
呫	첩	8	8	水	맛 볼 첩	0	1
呭	예	8	8	水		0	1
呰	자	9	9	水	주차할 자	0	1
呱	고	8	8	水	울 고	3	1
味	미	8	8	水	맛 미	4	1
呵	가	8	8	水	꾸짖을 가	3	1
呻	신	8	8	水	읊조릴 신	3	1
呼	호	8	8	水	부를 호	4	1
命	명	8	8	水	목숨 명	4	1
呿	거	8	8	水	입 딱 벌일 거	0	1
咀	저	8	8	水	씹을 저	4	1
咄	돌	8	8	水	꾸짖을 돌	1	1
咆	포	8	8	水	고함지를 포	3	1
咇	필	8	8	水	향기날 필	1	0
咋	사	8	8	水	잠간 사	1	1
和	화	8	8	水	화할 화	3	0
咍	해	8	8	水	비웃을 해	0	0
咎	구	8	8	水	허물 구	3	1
咏	영	8	8	水	노래할 영	2	0
咐	부	8	8	水	분부할 부	4	1
咠	집	9	9	水	참소할 집	0	1
咢	악	9	9	水	놀랄 악	1	1
咣	굉	9	9	水		1	1
咤	타	9	9	水	꾸짖을 타	3	1
咥	희	9	9	水	허허 웃을 희	0	0
咨	자	9	9	水	물을 자	3	1
咪	미	9	9	水		1	1
咫	지	9	9	水	길이 지	3	1
咬	교	9	9	水	새소리 교	4	1
咭	길	9	9	水		1	1
咮	주	9	9	水		0	1
咯	각	9	9	水	토할 각	1	1
咲	소	9	9	水		1	1
咳	해	9	9	水	기침 해	4	1
咸	함	9	9	水	모두 함	3	0
咻	휴	9	9	水	떠들 휴	1	1
咼	괘	8	8	水	입 비뚤어질 괘	0	1
咽	열,인	9	9	水	목 멜 열	3	1
咿	이	9	9	水	선웃음칠 이	1	1
哀	애	9	9	水	슬플 애	4	1
品	품	9	9	水	뭇 품	4	1
哂	신	9	9	水	빙그레 웃을 신	1	0
哃	동	9	9	水	클말할 동	0	0
哄	홍	9	9	水	떠들썩할 홍	3	1
哆	치	9	9	水	입 딱 벌일 치	1	1
哇	와	9	9	水	음란한 소리 와	2	1
哈	합	9	9	水	한 모금 합	4	1
哉	재	9	9	水	비로소 재	3	1
哠	호	10	10	水		0	1
員	운,원	10	10	水	관원 원	4	1
哥	가	10	10	水	노래 가	4	0
哦	아	10	10	水	놀람의 어조사 아	1	1
哨	초	10	10	水	망 볼 초	4	1
哩	리,이	10	10	水	어조사 리	1	1
哪	나	9	9	水		1	1
哬	하	10	10	水		0	1
哭	곡	10	10	水	울 곡	4	1
哮	효	10	10	水	으르렁거릴 효	3	1
哱	발	10	10	水	어지러울 발	0	1
哲	철	10	10	水	밝을 철	3	0
哺	포	10	10	水	씹어 먹을 포	3	1
哽	경	10	10	水	목멜 경	1	1
哿	가	10	10	水	좋을 가	1	1
唄	패	10	10	水	염불소리 패	3	1
唆	사	10	10	水	부추길 사	3	1
唇	진	10	10	水	놀랄 진	3	1
唉	애	10	10	水	대답하는 소리 애	2	1
唍	완	10	10	水		0	1
唎	리,이	10	10	水	가는 소리 리	3	1
唏	희	10	10	水	슬퍼할 희	1	1
唐	당	10	10	水	당나라 당	3	0
唔	오	10	10	水	글 읽는 소리 오	1	0
唜	말	10	10	水	끝	3	1
唪	봉	11	11	水		1	1
唫	금	11	11	水	입 다물 금	0	1
唬	호	11	11	水		1	1
售	수	11	11	水	팔 수	1	1
唯	유	11	11	水	오직 유	3	1
唱	창	11	11	水	노래 창	4	0
唳	려,여	11	11	水	울 려	1	1
唵	암	11	11	水	머금을	3	1
唹	어	11	11	水		0	1
唻	래	11	11	水		0	1
唼	삽	11	11	水	쪼아먹을 삽	0	1
唾	타	11	11	水	침 타	3	1
啀	애	11	11	水	물어뜯을 애	0	1
啁	조,주	11	11	水		1	1
啄	탁	11	11	水	쪼을 탁	4	1
商	상	11	11	水	헤아릴 상	4	1
啇	적	11	11	水		0	1
啊	아	10	10	水		2	1
啎	오	11	11	水		0	1
問	문	11	11	水	물을 문	4	1
啓	계	11	11	水	열 계	3	0
啖	담	11	11	水	씹을 담	3	1
啗	담	11	11	水	씹을 담	1	1
啜	철	11	11	水	마실 철	1	1
啞	아	11	11	水	벙어리 아	4	1
啣	함	12	12	水	재갈 함	3	1
啻	시	12	12	水	뿐 시	1	1
啼	제	12	12	水	울 제	4	1
啽	암	12	12	水	잠꼬대 암	0	1
啾	추	12	12	水	두런거릴 추	1	1
啿	담	12	12	水		0	1
喀	객	12	12	水	기침할 객	3	1
喁	옹	12	12	水	물고기 입 오물거릴 옹	1	1
喃	남	12	12	水	재잘거릴 남	1	1
善	선	12	12	水	착할 선	3	0
喆	철	12	12	水	哲과 同字	3	1
喇	나,라	12	12	水	나팔 라	3	1
喉	후	12	12	水	목구멍 후	4	1
喊	함	12	12	水	소리 함	4	1
喋	첩	12	12	水	재잘거릴 첩	1	1
喑	음	12	12	水	소리지를 음	1	1
喓	요	12	12	水	벌레소리 요	0	1
喔	악	12	12	水	닭 우는 소리 악	2	1
喘	천	12	12	水	헐떡거릴 천	3	1
喙	훼	12	12	水	부리 훼	3	1
喚	환	12	12	水	부를 환	4	1
喜	희	12	12	水	기뻐할 희	4	1
喝	갈	12	12	水	꾸짖을 갈	4	1
喞	즉	12	12	水	두런거릴 즐	0	1
喟	위	12	12	水	한숨쉴 위	1	1
喣	후	12	12	水	불 후	0	1
喤	황	12	12	水	어린아이 울음 황	0	1
喧	훤	12	12	水	의젓할 훤	4	1
喨	량,양	12	12	水	소리 맑을 량	1	0
喩	유	12	12	水	깨우쳐 줄 유	3	1
喪	상	12	12	水	죽을 상	4	1
喫	끽	12	12	水	마실 끽	3	1
喬	교	12	12	水	높을 교	4	0
單	단	12	12	水	홀로 단	4	1
嗂	요	13	13	水		0	1
嗃	학	13	13	水		0	1
嗅	후	13	13	水	맡을 후	4	1
嗇	색	13	13	水	아낄 색	3	1
嗉	소	13	13	水	멀떠구니 소	1	0
嗑	합	13	13	水	잔말할 합	1	1
嗔	진	13	13	水	성낼 진	3	1
嗙	방	13	13	水		0	1
嗚	오	13	13	水	탄식할 오	4	1
嗛	겸	13	13	水	부족히 여길 겸	0	1
嗜	기	13	13	水	즐길 기	4	1
嗟	차	12	12	水	탄식할 차	3	1
嗠	낙,락	13	13	水		0	1
嗢	올	12	12	水	목 멜 올	0	1
嗣	사	13	13	水	이을 사	3	1
嗤	치	13	13	水	비웃을 치	3	0
嗷	오	13	13	水	여럿이 걱정할 오	1	1
嗽	수	14	14	水	기침할 수	4	1
嗾	주	14	14	水	시킬	3	1
嗿	탐	14	14	水	여럿이 먹는 소리 탐	0	1
嘄	교	14	14	水	부르짖을 교	0	1
嘆	탄	14	14	水	한숨쉴 탄	3	1
嘈	조	14	14	水	지껄일 조	2	1
嘉	가	14	14	水	아름다울 가	3	0
嘌	표	14	14	水	휙 불 표	1	1
嘍	누,루	14	14	水	시끄러울 루	1	1
嘎	알	14	14	水	새소리 알	1	1
嘏	가,하	14	14	水		0	1
嘐	교	14	14	水	닭 울 교	1	1
嘒	혜	14	14	水	가냘플 혜	0	1
嘔	구	14	14	水	토할 구	4	1
嘕	언	14	14	水		0	1
嘖	책	14	14	水	외칠 책	1	1
嘗	상	14	14	水	맛볼 상	4	1
嘟	도	13	13	水		1	1
嘩	화	13	13	水	譁와 同字	1	1
嘬	최	15	15	水	물 최	0	0
嘯	소	16	16	水	휘파람 소	3	1
嘲	조	15	15	水	조롱할 조	3	1
嘴	취	16	16	水	부리 취	4	1
嘵	효	15	15	水		0	1
嘶	시	15	15	水	말 울 시	3	1
嘷	호	15	15	水	짖을 호	0	1
嘸	무	15	15	水	분명하지 않을 무	1	1
嘹	료,요	15	15	水	울 료	1	1
嘻	희	15	15	水	웃을 희	1	0
嘾	담	15	15	水		0	1
嘿	묵	15	15	水	고요할 묵	2	0
噁	오	15	15	水	성낼 오	1	1
噉	담	14	14	水	씹을 담	0	1
噋	톤	15	15	水	啍과 同字	0	1
噍	초	15	15	水	먹을 초	0	1
噎	열	15	15	水	목 멜 열	1	1
噏	흡	15	15	水	숨 들이쉴 흡	1	1
噓	허	15	15	水	불 허	3	1
噤	금	16	16	水	입 다물 금	1	1
器	기	16	16	水	그릇 기	4	1
噩	악	16	16	水	놀랄 악	1	1
噪	조	16	16	水	떠들썩할 조	2	1
噫	희	16	16	水	탄식할 희	3	1
噬	서	16	16	水	씹을 서	1	1
噭	교	16	16	水	부르짖을 교	0	1
噯	애	16	16	水	트림할 애	1	1
噲	쾌	16	16	水	목구멍 쾌	0	1
噴	분	15	15	水	뿜을 분	4	1
噵	도	15	15	水		0	1
噶	갈	15	15	水	벼슬이름 갈	1	0
噾	음	17	17	水		0	1
嚀	녕,영	17	17	水	정녕할 녕	1	1
嚄	획	16	16	水	외칠 획	0	1
嚆	효	16	16	水	울릴 효	3	1
嚇	하,혁	17	17	水	놀라게 할 하	2	1
嚎	호	17	17	水		1	1
嚙	교	18	18	水	깨물 교	1	1
嚚	은	18	18	水	어리석을 은	0	1
嚥	연	19	19	水	침 삼킬 연	3	1
嚧	노,로	19	19	水		0	1
嚫	친	19	19	水		0	1
嚬	빈	19	19	水	찡그릴 빈	3	1
嚭	비	19	19	水		1	1
嚮	향	17	17	水	향할 향	3	1
嚳	곡	20	20	水		0	1
嚴	엄	19	19	水	굳셀 엄	4	0
嚶	앵	20	20	水	새 소리 앵	1	1
嚼	작	20	20	水	씹을 작	4	1
囀	전	21	21	水	새 지저귈 전	1	1
囁	섭	21	21	水	말하려다 멈출 섭	1	1
囂	효	21	21	水	시끄럽다 효	1	1
囃	잡	21	21	水	장단 잡을 잡	1	1
囈	예	21	21	水	잠꼬대할 예	1	1
囉	나,라	22	22	水	소리 읽힐 라	1	1
囊	낭	22	22	水	주머니 낭	3	1
囍	희	24	24	水	쌍희 희	3	1
囑	촉	24	24	水	부탁할 촉	3	1
囚	수	5	5	水	가둘 수	3	1
四	사	4	5	火	넉 사	4	1
囝	건	6	6	水		1	1
回	회	6	6	水	돌 회	4	0
囟	신	6	6	水	숨구멍 신	1	1
因	인	6	6	水	인할 인	4	1
囦	연	7	7	水	물 깊을 연	0	0
囧	경	7	7	水		0	1
囫	홀	7	7	水	온전할 홀	1	1
囮	와	7	7	水	새 후릴 와	1	1
困	곤	7	7	水	괴로울 곤	4	1
囷	균	8	8	水	둥근곳집 균	0	1
囹	령,영	8	8	水	옥 령	3	1
固	고	8	8	水	굳을 고	4	0
国	국	8	8	水		1	1
囿	유	9	9	水	엔담 유	1	1
圁	은	10	10	水	물이름 은	0	1
圂	혼	10	10	水	뒷간 혼	0	1
圃	포	10	10	水	채마밭 포	3	1
圄	어	10	10	水	가둘 어	3	1
圇	륜,윤	11	11	水		1	1
圈	권	11	11	水	둥글 권	4	0
圉	어	11	11	水	마부 어	1	1
圊	청	11	11	水	뒷간 청	0	1
國	국	11	11	水	나라 국	4	0
圍	위	12	12	水	둘레 위	4	1
園	원	13	13	水	동산 원	4	1
圓	원	13	13	水	둥글 원	4	0
圖	도	14	14	水	그림 도	4	0
團	단	14	14	水	둥글 단	4	0
圜	환	16	16	水	두를 환	1	1
圝	란	22	22	水		0	1
土	토	3	3	土	흙 토	4	1
圢	정	5	5	土		0	1
在	재	6	6	土	있을 재	4	0
圩	우	6	6	土		1	1
圪	을	6	6	土		0	1
圬	오	6	6	土	흙손 오	1	1
圭	규	6	6	土	서옥 규	3	1
圮	비	6	6	土	무너질 비	1	1
地	지	6	6	土	땅 지	4	1
圳	수	6	6	土		1	1
圴	작	6	6	土		0	1
圻	기,은	7	7	土	경기 기	3	1
圾	급	6	6	土	위태할 급	2	1
址	지	7	7	土	터 지	3	0
坁	지	7	7	土		0	1
坂	판	7	7	土	언덕 판	3	0
均	균,연	7	7	土	고를 균	3	1
坊	방	7	7	土	동네 방	4	1
坋	분	7	7	土		0	1
坌	분	7	7	土	먼지 분	1	1
坍	담	7	7	土	물이 언덕 찰 담	3	0
坎	감	7	7	土	구덩이 감	3	1
坏	배	7	7	土	언덕 배	1	0
坐	좌	7	7	土	앉을 좌	4	1
坑	갱	7	7	土	빠질 갱	4	1
坡	파	8	8	土	언덕 파	4	0
坤	곤	8	8	土	땅 곤	3	1
坦	탄	8	8	土	너그러울 탄	4	0
坧	척	8	8	土	기지 척	0	1
坨	타	8	8	土		1	1
坩	감	8	8	土	도가니 감	1	1
坪	평	8	8	土	벌판 평	3	1
坫	점	8	8	土		0	1
坮	대	8	8	土	들 대	3	1
坰	경	8	8	土	들 경	3	1
坱	앙	8	8	土	티끌 앙	0	1
坳	요	8	8	土	凹와 同字	1	1
坵	구	8	8	土	丘의 俗字	3	1
坶	목	8	8	土		0	1
坷	가	8	8	土	험할 가	1	1
坸	구	8	8	土	垢와 同字	0	1
坻	지	8	8	土	모래섬 지	1	1
坼	탁	8	8	土	찢을 탁	3	1
坽	령,영	8	8	土		0	1
垀	호	8	8	土		0	1
垂	수	8	8	土	드리울 수	4	1
垈	대	8	8	土	터 대	3	0
型	형	9	9	土	거푸집 형	4	1
垌	동	9	9	土	항아리 동	2	1
垓	해	9	9	土	땅 가장자리 해	3	1
垕	후	9	9	土	厚의 古字	2	1
垘	복	9	9	土		0	1
垙	광	9	9	土		0	1
垚	요	9	9	土		1	1
垞	택	9	9	土		2	1
垠	은	9	9	土	언덕 은	3	0
垢	구	9	9	土	때 구	3	1
垣	원	9	9	土	낮은 담 원	3	1
垤	질	9	9	土	개밋둑 질	0	1
垶	성	10	10	土		0	1
垸	완	10	10	土	회 섞어 바를 완	2	0
垽	은	10	10	土	해감 은	0	1
埂	경	10	10	土		2	1
埃	애	10	10	土	티끌 애	3	1
埆	각	10	10	土	메마를 각	1	1
埇	용	10	10	土	골목길 용	3	1
埈	준	10	10	土	가파를 준	3	1
埉	협	10	10	土		0	1
埋	매	10	10	土	묻을 매	4	1
埍	현	10	10	土		0	1
城	성	9	9	土	보루 성	4	1
埏	연	9	9	土	땅 가장자리 연	0	1
埑	철	10	10	土	밝을 철	0	0
埒	날,랄	10	10	土	바자울 랄	1	1
埜	야	11	11	土	들판 야	1	1
域	역	11	11	土	경계 역	3	1
埠	부	11	11	土	선창 부	3	1
埤	비	11	11	土	더할 비	1	1
埩	정	9	9	土		0	1
埭	태	11	11	土	보뚝 태	1	1
埮	담	11	11	土		0	1
埰	채	11	11	土	영지 채	3	1
埱	숙	11	11	土		0	1
埳	감	11	11	土	구덩이 감	0	1
埴	식	11	11	土	찰진흙 식	3	1
埶	예	11	11	土		0	1
執	집	11	11	土	잡을 집	3	1
培	배	11	11	土	북돋을 배	4	1
基	기	11	11	土	터 기	4	0
埻	준	11	11	土	과녘 준	2	1
埼	기	11	11	土	崎와 同字	3	1
埽	소	11	11	土	쓸 소	0	1
埾	추	11	11	土		0	1
堀	굴	11	11	土	굴뚝 굴	3	1
堂	당	11	11	土	집 당	4	0
堃	곤	11	11	土	따 곤	1	1
堄	예	11	11	土		0	1
堅	견	11	11	土	굳을 견	4	0
堆	퇴	11	11	土	흙무더기 퇴 놓을 퇴	4	1
堇	근	11	11	土		1	1
堈	강	11	11	土	언덕 강	3	0
堉	육	11	11	土	기름진 땅 육	3	1
堊	악	11	11	土	흰 흙 악	3	1
堋	붕	11	11	土		0	1
堗	돌	12	12	土	굴똑 돌	1	1
堙	인	12	12	土	막을 인	0	1
堜	련,연	12	12	土		0	1
堝	과	11	11	土	도가니 과	1	1
堞	첩	12	12	土	성가퀴 첩	3	1
堠	후	12	12	土	봉화대 후	1	1
堡	보	12	12	土	작은 성 보	4	1
堣	우	12	12	土		2	1
堤	제	12	12	土	둑 제	4	1
堥	무	12	12	土		0	1
堦	계	12	12	土	섬돌 계	0	1
堧	연	12	12	土	빈 땅 연	3	1
堪	감	12	12	土	견딜 감	3	1
堭	황	12	12	土		2	1
堯	요	12	12	土	높을 요	3	0
堰	언	12	12	土	방죽 언	4	1
報	보	12	12	土	갚을 보	4	1
堳	미	12	12	土		0	1
場	장	12	12	土	마당 장	4	1
堵	도	11	11	土	담 도	3	1
堹	종	12	12	土		0	1
堺	계	12	12	土	界와 同字	3	1
塉	척	13	13	土	메마른 땅 척	0	1
塊	괴	12	12	土	흙덩이 괴	4	1
塋	영	13	13	土	무덤 영	3	1
塌	탑	13	13	土	낮은 땅 탑	1	1
塍	승	13	13	土		0	1
塏	개	13	13	土	시원한 땅 개	3	1
塐	소	13	13	土	塑와 同字	0	1
塑	소	13	13	土	허수아비 소	4	1
塒	시	13	13	土	홰 시	1	1
塔	탑	12	12	土	탑 탑	4	1
塗	도	13	13	土	바를 도	4	1
塘	당	13	13	土	연못 당	4	0
塚	총	13	13	土	冢의 俗字	3	1
塝	방	13	13	土		0	1
塞	새,색	13	13	土	변방 새	3	1
塡	전,진	13	13	土	메일 전	3	1
塢	오	13	13	土	산 언덕 오	4	0
塤	훈	13	13	土	壎과 同字	3	1
塵	진	14	14	土	띠끌 진	4	1
塹	참	14	14	土	구덩이 참	3	1
塼	전	14	14	土	벽돌 전	3	1
塽	상	14	14	土	높고밝은땅 상	2	1
塾	숙	14	14	土	사랑방 숙	3	0
墀	지	15	15	土	계단 위의 공지 지	1	1
墁	만	14	14	土	흙손 만	0	1
境	경	14	14	土	지경 경	4	1
墅	서	14	14	土	농막 서	3	1
墆	절,체	14	14	土		0	1
墇	장	14	14	土		0	1
墉	용	14	14	土	작은 성 용	3	1
墊	점	14	14	土	빠질 점	2	1
墌	척	14	14	土		0	1
墍	기	14	14	土	맥질할 기	0	1
墐	근	14	14	土	진흙 근	2	1
墒	상	14	14	土		1	1
墓	묘	13	13	土	무덤 묘	4	1
墜	추	14	14	土	떨어질 추	3	1
墝	요	15	15	土	메마른 밭 요	0	1
增	증	15	15	土	불을 증	4	1
墟	허	14	14	土	옛 터 허	3	0
墠	선	15	15	土		0	1
墡	선	15	15	土	백토 선	2	1
墣	복	15	15	土	흙덩이 복	1	1
墨	묵	15	15	水	먹 묵	4	1
墩	돈	15	15	土	돈대 돈	3	1
墫	준	15	15	土	樽·罇과 同字	0	1
墮	타	14	14	土	떨어질 타	3	1
墰	담	15	15	土	목긴 술병 담	0	1
墱	등	15	15	土	자드락길 등	0	1
墳	분	15	15	土	무덤 분	4	1
墺	오	15	15	土	방 구들 오	3	1
墻	장	16	16	土	牆과 同字	3	1
墾	간	16	16	土	따비질할 간	3	1
壁	벽	16	16	土	벽 벽	4	1
壃	강	16	16	土	疆과 同字	0	1
壅	옹	16	16	土	막을 옹	3	1
壆	학	16	16	土		1	1
壇	단	16	16	土	제터 단	3	1
壎	훈	17	17	土	진나팔 훈	3	1
壑	학	17	17	土	골짜기 학	3	1
壓	압	17	17	土	누를 압	4	1
壔	도	17	17	土	작은 성 도	0	1
壕	호	17	17	土	해자 호	3	1
壖	연	17	17	土		0	1
壘	누,루	18	18	土	진 누	3	1
壙	광	17	17	土	광 광	3	1
壚	노,로	19	19	土	흑토 로	0	1
壜	담	19	19	土	술병 담	1	1
壝	유	18	18	土	토담 유	0	1
壞	괴	19	19	土	무너질 괴	4	1
壟	농,롱	19	19	土	밭두둑 농	3	1
壡	예	19	19			0	1
壤	양	20	20	土	흙 양	3	1
壩	파,패	24	24	土		1	1
士	사	3	3	木	선비 사	4	0
壬	임	4	4	水	아홉째천간 임	3	1
壮	장	6	6	木		1	1
壯	장	7	7	木	씩씩할 장	4	0
壹	일	12	12	木	한 일	3	1
壺	호	12	12	木	병 호	4	1
壻	서	12	12	木	사위 서	3	1
壽	수	14	14	木	목숨 수	4	1
夆	봉	7	7		끌 봉	1	1
夈	재	9	9			0	1
夋	준	7	7			0	1
夏	하	10	10		여름 하	4	0
夐	형	14	14		멀 형	0	0
夔	기	21	21		조심할 기	3	1
夕	석	3	3	水	저녁 석	4	1
外	외	5	5	水	바깥 외	4	1
夙	숙	6	6	水	이를 숙	3	1
多	다	6	6	水	많을 다	4	0
夛	다	6	6	水		1	1
夜	야	8	8	水	밤 야	4	1
夠	구	11	11	水		2	1
夢	몽	13	13	水	꿈 몽	4	1
夤	인	14	14	水	조심할 인	1	1
夥	과	14	14	水	많을 과	1	0
大	대	3	3	木	클 대	4	0
天	천	4	4	木	하늘 천	4	0
太	태	4	4	木	클 태	4	0
夫	부	4	4	木	지아비 부	4	0
夬	쾌	4	4	木	결단할 쾌	2	1
夭	요	4	4	木	어여쁠 요	3	0
央	앙	5	5	木	가운데 앙	4	0
夯	항	5	5	木	멜 항	1	1
夰	고,호	5	5	木		0	1
失	실	5	5	木	잃을 실	4	1
夲	도	5	5	木		0	1
夷	이	6	6	木	동쪽 오랑캐 이	3	1
夸	과	6	6	木	자랑할 과	1	1
夽	운	7	7	木		3	1
夾	협	7	7	木	곁 협	3	1
奄	엄	8	8	木	문득 엄	3	1
奇	기	8	8	木	기이할 기	4	0
奈	나,내	8	8	木	어찌 나	3	1
奉	봉	8	8	木	받들 봉	3	1
奌	점	8	8	木		0	1
奎	규	9	9	木	별 규	3	0
奏	주	9	9	木	아뢸 주	4	1
奐	환	9	9	木	빛날 환	3	0
契	계,글,설	9	9	木	맺을 계	3	1
奔	분	8	8	木	달릴 분	4	1
奕	혁	9	9	木	아름다울 혁	3	0
套	투	10	10	木	전례 투	4	1
奘	장	10	10	木	클 장	2	0
奚	해	10	10	木	어찌 해	3	1
奛	황	11	11	木		0	1
奜	비	11	11	木		0	1
奝	조	11	11	木		0	1
奠	전	12	12	木	정할 전	3	1
奢	사	11	11	木	사치할 사	4	1
奧	오	13	13	木	속 오	3	1
奪	탈	14	14	木	빼앗을 탈	4	1
奫	윤	15	15	木	물 깊을 윤	3	0
奬	장	14	14	木	도울 장	2	0
奭	석	15	15	木	클 석	3	0
奮	분	16	16	木	떨칠 분	3	1
奰	비	18	18	木		0	1
奱	련,연	22	22	木		0	1
奲	다,차	23	23	木		0	1
女	녀,여	3	3	土	계집 녀	4	1
奵	정	5	5	土		0	1
奶	내	5	5	土	젖 내	2	1
奸	간	6	6	土	범할 간	4	1
奼	타	6	6	土		1	1
好	호	6	6	土	좋을 호	4	1
如	여	6	6	土	같을 여	4	1
妃	비	6	6	土	왕비 비	3	1
妄	망	6	6	土	허망할 망	3	1
妊	임	7	7	土	아이밸 임	3	1
妌	정	7	7	土		0	1
妍	연	7	7	土		3	0
妏	문	7	7	土		1	1
妑	파	7	7	土	새앙머리 파	0	1
妒	투	7	7	土	투기할 투	1	1
妓	기	7	7	土	기생 기	3	1
妖	요	7	7	土	요괴로울 요	3	1
妗	금	7	7	土	외숙모 금	3	1
妘	운	7	7	土		1	1
妙	묘	7	7	土	묘할 묘	4	1
妝	장	7	7	土	꾸밀 장	1	1
妟	안	7	7	土		0	1
妡	흔	7	7	土		0	1
妢	분	7	7	土		0	1
妣	비	7	7	土	죽은 어미 비	1	1
妤	여	7	7	土		1	1
妥	타	7	7	土	편안할 타	4	0
妦	봉	7	7	土		0	1
妧	완	7	7	土	좋을 완	0	1
妨	방	7	7	土	방해할 방	3	1
妬	투	8	8	土	투기할 투	3	1
妯	축	8	8	土	동서 축	1	1
妰	작	8	8	土		0	1
妱	초	8	8	土		0	1
妲	달	8	8	土	계집의 이름 달	1	1
妴	원	8	8	土		0	1
妵	주	8	8	土	예쁠	0	0
妶	현	8	8	土		0	1
妷	일,질	8	8	土		0	1
妸	아	8	8	土		2	1
妹	매	8	8	土	누이 매	4	1
妺	말	8	8	土		0	1
妻	처	8	8	土	아내 처	4	1
妼	필	8	8	土		0	1
妾	첩	8	8	土	첩 첩	3	1
妿	아	8	8	土		0	1
姀	화	8	8	土		0	1
姁	후	8	8	土		0	1
姃	정	8	8	土	계집단정할	3	1
姆	모	8	8	土	여스승 모	3	0
姈	령,영	8	8	土	계집 슬기로울 령	0	0
姉	자	7	7	土	姊의 俗字	3	1
姊	자	7	7	土		3	1
始	시	8	8	土	비로소 시	4	1
姍	산	8	8	土	헐뜯을 산	1	1
姐	저	8	8	土	맏누이 저	4	1
姑	고	8	8	土	시어미 고	4	1
姒	사	7	7	土	동서 사	1	1
姓	성	8	8	土	일가 성	4	1
委	위	8	8	土	맡길 위	4	0
姖	거	7	7	土		0	1
姙	임	9	9	土	妊과 同字	3	1
姚	요	9	9	土	어여쁠 요	3	0
姛	동	9	9	土		0	1
姜	강	9	9	土	성씨 강	3	0
姝	주	9	9	土	예쁠 주	3	0
姞	길	9	9	土	성 길	2	1
姟	해	9	9	土		0	1
姢	연	9	9	土		0	1
姣	교	9	9	土	예쁠 교	1	0
姤	구	9	9	土	만날 구	0	1
姥	모	9	9	土	할미 모	1	1
姦	간	9	9	土	간사할 간	3	1
姨	이	9	9	土	이모 이	4	1
姪	질	9	9	土	조카 질	4	1
姫	희	9	9	土		3	0
姮	항	9	9	土	항아 항	3	1
姯	광	9	9	土		0	1
姰	순	9	9	土		0	1
姱	과	9	9	土		0	1
姲	안	9	9	土		0	1
姴	렬,열	9	9	土		0	1
姷	유	9	9	土		0	1
姸	연	9	9	土	고을 연	3	0
姹	차	9	9	土		1	1
姺	신	9	9	土	나라이름 신	0	0
姻	인	9	9	土	혼인 인	3	1
姼	제	9	9	土		0	1
姾	전	9	9	土		0	1
姿	자	9	9	土	맵시 자	4	0
威	위	9	9	土	위엄 위	4	1
娃	와,왜	9	9	土	어여쁜 계집 왜	4	1
娉	빙	10	10	土	장가들다 빙	1	1
娊	현	10	10	土		0	1
娌	리	10	10	土		1	1
娍	성	9	9	土		2	1
娑	사	10	10	土	춤출 사	3	1
娓	미	10	10	土	장황할 미	1	1
娗	정	9	9	土		0	1
娘	낭,랑	10	10	土	아가씨 낭	4	1
娙	형	10	10	土	여관 이름 형	0	1
娚	남	10	10	土		1	1
娛	오	10	10	土	즐거울 오	4	0
娜	나	9	9	土	아리따울 나	3	1
娟	연	10	10	土	어여쁠 연	3	0
娠	신	10	10	土	아이밸 신	3	1
娣	제	10	10	土	여동생 제	1	1
娥	아	10	10	土	예쁠 아	3	0
娧	태	10	10	土	기뻐할 태	2	1
娩	만	10	10	土	해산할 만	3	1
娫	연	9	9	土		2	1
娬	무	11	11	土		0	1
娭	애	10	10	土	계집종 애	0	1
娵	추	11	11	土	젊을 추	0	1
娶	취	11	11	土	장가들 취	3	1
娹	현	11	11	土		0	1
娼	창	11	11	土	몸 파는 여자 창	3	1
娾	애	11	11	土		0	1
娿	아	10	10	土	아리따울 아	0	1
婀	아	10	10	土	娿와 同字	1	1
婁	누,루	11	11	土	별 이름 루	3	0
婆	파	11	11	土	할머니 파	4	1
婇	채	11	11	土		0	1
婉	원,완	11	11	土	순할 완	3	1
婋	호,효	11	11	土		0	1
婌	숙	11	11	土	궁녀 벼슬이름 숙	0	0
婍	기	11	11	土		0	1
婐	와	11	11	土	정숙할 와	0	1
婑	유	11	11	土		0	1
婕	첩	11	11	土		1	1
婗	예	11	11	土		0	1
婘	권	11	11	土		0	1
婚	혼	11	11	土	혼인할 혼	4	1
婞	행	11	11	土		0	1
婟	고	11	11	土		0	1
婠	완	11	11	土		2	1
婢	비	11	11	土	여자종 비	3	1
婣	인	12	12	土	姻과 同字	0	1
婤	주	11	11	土		2	1
婥	작	11	11	土		0	1
婦	부	11	11	土	며느리 부	3	1
婧	정,청	11	11	土		1	1
婩	안	11	11	土		0	1
婪	남,람	11	11	土	탐할 람	1	1
婭	아	11	11	土		1	1
婷	정	12	12	土	아리따울 정	2	1
婻	남	12	12	土		0	1
婽	가	12	12	土		0	1
婾	유	12	12	土		0	1
婿	서	12	12	土	사위 서	1	1
媄	미	12	12	土	빛 고울 미	2	0
媋	춘	12	12	土		0	1
媍	부	12	12	土	婦와 同字	0	1
媐	이	13	13	土		0	1
媒	매	12	12	土	중매 매	4	1
媓	황	12	12	土	어머니 황	2	1
媕	암	12	12	土	머뭇거릴 암	0	1
媚	미	12	12	土	아첨할 미	3	1
媛	원	12	12	土	아리따운 여자 원	3	1
媞	시,제	12	12	土		1	1
媟	설	12	12	土	깔볼 설	0	1
媢	모	12	12	土	강새암 할 모	0	1
媤	시	12	12	土	시집 시	3	1
媧	왜	11	11	土	여자이름 왜	1	1
媪	온	12	12	土	할미 오	1	1
媳	식	13	13	土	며느리 식	1	1
媵	잉	13	13	土	보낼 잉	0	1
媶	용	12	12	土		0	1
媺	미	13	13	土	착하고 아름다울 미	1	0
媻	반	13	13	土	비틀거릴 반	0	1
媼	온	13	13	土		2	1
媽	마	13	13	土	어미 마	2	1
媾	구	13	13	土	겹사돈 구	1	1
媿	괴	12	12	土	창피줄 괴	0	1
嫁	가	13	13	土	시집갈 가	4	1
嫂	수	12	12	土	형수 수	4	1
嫄	원	13	13	土	여자이름 원	3	1
嫈	앵	13	13	土	예쁠 앵	1	0
嫉	질	13	13	土	미워할 질	3	1
嫋	뇨,요	13	13	土	날릴 뇨	1	1
嫌	혐	13	13	土	싫어할 혐	3	1
嫏	랑	11	11	土		0	1
嫕	예	14	14	土		0	1
嫖	표	14	14	土	가벼울 표	1	1
嫗	구	14	14	土	할미 구	1	1
嫙	선	14	14	土	예쁠 선	2	0
嫚	만	14	14	土	업신여길 만	1	1
嫛	예	14	14	土	유순할 예	0	1
嫝	강	14	14	土		0	1
嫠	리,이	14	14	土	과부 리	0	1
嫡	적	14	14	土	정실 적	3	1
嫢	규	14	14	土	가는 허리 규	0	1
嫣	언	14	14	土	생긋생긋 웃을 언	1	0
嫤	근	14	14	土		2	1
嫥	전	14	14	土	아름다울 전	0	0
嫦	상,항	14	14	土	항아	3	1
嫫	모	13	13	土	예쁠 모	0	0
嫬	서	14	14	土		0	1
嫭	호	14	14	土		0	1
嫮	호	14	14	土	아름다울 호	0	0
嫯	오	13	13	土	업신여길 오	0	1
嫵	무	15	15	土		1	1
嫶	초	15	15	土	수척할 초	0	1
嫸	선	15	15	土		0	1
嫹	묘	14	14	土		0	1
嫺	한	15	15	土	우아할 한	1	1
嫻	한	15	15	土	우아할 한	1	1
嫽	료,요	15	15	土	외조모 료	0	1
嬀	규	15	15	土	성 규	0	1
嬃	수	15	15	土		1	1
嬅	화	13	13	土	여자 이름 화	2	1
嬈	요	15	15	土	예쁜체 할 요	1	1
嬉	희	15	15	土	즐길 희	4	1
嬋	선	15	15	土	고울 선	3	0
嬌	교	15	15	土	아리따울 교	3	1
嬓	교	16	16	土		0	1
嬖	폐	16	16	土	사랑할 폐	3	0
嬗	선	16	16	土		1	1
嬙	장	16	16	土	궁녀 장	0	1
嬛	현	16	16	土	산뜻할 현	0	1
嬥	조	17	17	土	날씬할 조	0	1
嬨	자	16	16	土	계집성품너그러고순할 자	0	0
嬪	빈	17	17	土	아내 빈	3	1
嬬	유	17	17	土		1	1
嬭	내	17	17	土	젖 내	0	1
嬮	염	17	17	土		0	1
嬰	영	17	17	土	어릴 영	2	1
嬲	뇨,요	17	17	土	샘낼 뇨	1	1
嬴	영	16	16	土	성씨 영	1	1
嬾	난,란	19	19	土	게으를 란	0	1
嬿	연	19	19	土	아름다울 연	1	0
孀	상	20	20	土	과부 상	3	1
孃	양	20	20	土	계집아이 양	3	1
孅	섬	20	20	土	가늘 섬	0	1
孋	려,리	22	22	土		1	1
孌	련,연	22	22	土	아름다울 련	1	0
子	자	3	3	水	아들 자	4	1
孑	혈	3	3	水	외로울 혈	3	1
孔	공	4	4	水	구멍 공	4	0
孕	잉	5	5	水	아이밸 잉	3	1
孖	자	6	6	水	쌍둥이 자	1	1
字	자	6	6	水	글자 자	4	0
存	존	6	6	水	있을 존	4	0
孚	부	7	7	水	미쁠 부	3	0
孛	패	7	7	水	혜성 패	1	1
孜	자	7	7	水	힘쓸 자	3	0
孝	효	7	7	水	효도 효	4	0
孟	맹	8	8	水	맏 맹	3	1
孡	태	8	8	水		0	1
季	계	8	8	水	끝 계	4	1
孤	고	8	8	水	외로울 고	4	1
学	학	8	8	水		1	1
孩	해	9	9	水	어린아이 해	4	1
孫	손	10	10	水	손자 손	4	0
孮	종	11	11	水		0	1
孰	숙	11	11	水	누구 숙	3	1
孱	잔	12	12	水	잔약할 잔	3	1
孲	아	11	11	水		0	1
孵	부	14	14	水	알 깔 부	3	1
孶	자	13	13	水	부지런할 자	0	0
學	학	16	16	水	배울 학	4	0
孺	유	17	17	水	젖먹이 유	3	1
孼	얼	19	19	水	첩자식 얼	3	1
孾	영	20	20	水		0	1
孿	산	22	22	水	쌍둥이 산	1	1
宁	저	5	5	木	조회 받는 곳 저	1	1
宂	용	5	5	木	번잡할 용	0	1
宅	댁,택	6	6	木	집 댁	4	0
宇	우	6	6	木	집 우	3	0
守	수	6	6	木	지킬 수	3	0
安	안	6	6	木	편안할 안	4	0
宋	송	7	7	木	송나라 송	3	0
完	완	7	7	木	완전할 완	4	1
宏	굉	7	7	木	클 굉	3	0
宓	복	8	8	木	성 복	3	1
宕	탕	8	8	木	골집 탕	3	1
宖	횡	8	8	木	집 울릴 횡	3	0
宗	종	8	8	木	마루 종	4	1
官	관	8	8	木	벼슬 관	4	0
宙	주	8	8	木	집 주	3	0
定	정	8	8	木	정할 정	4	0
宛	완,울	8	8	木	어슴푸레할 완	3	1
宜	의	8	8	木	옳을 의	4	0
宝	보	8	8	木		1	1
実	실	8	8	木		1	1
客	객	9	9	木	손님 객	4	1
宣	선	9	9	木	베풀 선	4	0
室	실	9	9	木	집 실	4	0
宥	유	9	9	木	너그러울 유	3	0
宦	환	9	9	木	벼슬 환	3	0
宬	성	9	9	木	사고 성	3	1
宭	군	10	10	木		0	1
宮	궁	10	10	木	굴궐 궁	4	1
宰	재	10	10	木	주관할 재	3	0
害	해	10	10	木	해할 해	4	1
宴	연	10	10	木	잔치할 연	4	1
宵	소	10	10	木	밤 소	4	1
家	가	10	10	木	집 가	4	0
宸	신	10	10	木	집 신	3	0
容	용	10	10	木	얼굴 용	4	0
宿	수,숙	11	11	木	잘 숙	4	1
寀	채	11	11	木	녹봉 채	3	1
寂	적	11	11	木	고요할 적	4	0
寃	원	11	11	木	원통할 원	3	0
寄	기	11	11	木	부칠 기	4	1
寅	인	11	11	木	세째지지 인	3	1
密	밀	11	11	木	빽빽할 밀	4	1
寇	구	11	11	木	도둑 구	3	1
寊	정	12	12	木		0	1
富	부	12	12	木	가멸 부	4	1
寐	매	12	12	木	잠잘 매	3	1
寒	한	12	12	木	찰 한	4	1
寓	우	12	12	木	살 우	4	1
寔	식	12	12	木	이 식	3	1
寖	침	13	13	木	젖을 침	0	1
寗	녕,영	13	13	木	편안할 녕	4	0
寘	치	13	13	木	둘 치	0	1
寛	관	13	13	木		1	1
寞	막	13	13	木	쓸쓸할 막	4	1
察	찰	14	14	木	살필 찰	4	1
寡	과	14	14	木	적을 과	3	1
寢	침	14	14	木	잠잘 침	3	1
寤	오	14	14	木	잠 깨어날 오	3	1
實	실,지	14	14	木	열매 실	4	0
寧	녕,영	14	14	木	편안할 녕	3	0
寨	채	14	14	木	울짱 채	3	1
審	심	15	15	木	살필 심	3	1
寫	사	15	15	木	베낄 사	4	1
寬	관	14	14	木	너그러울 관	4	0
寭	혜	15	15	木	밝힐 혜	0	0
寮	료,요	15	15	木	벼슬아쳐 료	3	0
寯	준	15	15	木	모일 준	3	1
寰	환	16	16	木	기내 환	1	1
寵	총	19	19	木	사랑할 총	3	0
寶	보	20	20	木	보배 보	4	0
寸	촌	3	3	木	치 촌	4	1
寺	사	6	6	木	절 사	4	1
寿	수	7	7	木		1	1
封	봉	9	9	木	봉할 봉	4	1
尃	부	10	10	木		0	1
射	사	10	10	木	궁술 사	4	1
尅	극	10	10	木	剋과 同字	0	1
将	장	9	9	木		1	1
將	장	11	11	木	장차 장	4	1
專	전	11	11	木	오로지 전	4	1
尉	위	11	11	木	벼슬이름 위	3	0
尊	존	12	12	木	존귀할 존	4	0
尋	심	12	12	木	찾을 심	4	1
尌	주	12	12	木	세울 주	0	0
對	대	14	14	木	마주볼 대	4	1
導	도	15	15	木	이끌 도	4	0
小	소	3	3		작을 소	4	1
少	소	4	4		적을 소	4	1
尔	이	5	5		爾와 同字	1	1
尖	첨	6	6		뾰족할 첨	4	1
尙	상	8	8		오히려 상	3	1
尟	선	13	13		尠과 同字	0	1
尤	우	4	4		가장 우	4	1
尨	방	7	7		삽살개 방	3	1
就	취	12	12		좇을 취	4	1
尸	시	3	3	水	시동 시	3	1
尹	윤	4	4		다스릴 윤	3	0
尺	척	4	4	水	자 척	4	1
尻	고	5	5	水	꽁무니 고	3	1
尼	니,이	5	5	水	여승 니	3	1
尽	진	6	6	水		1	1
尾	미	7	7	水	꼬리 미	4	1
尿	뇨,요	7	7	水	오줌 뇨	3	1
局	국	7	7	水	부분 국	4	1
屁	비	7	7	水	방귀 비	1	1
居	거	8	8	水	살 거	4	1
屆	계	8	8	水	이를 계	3	1
屇	전	8	8	水	구멍 전	0	1
屈	굴	8	8	水	굽을 굴	3	1
屋	옥	9	9	水	집 옥	4	0
屍	시	9	9	水	주검 시	3	1
屎	시,히	9	9	水	똥 시	3	1
屐	극	10	10	水	나막신 극	1	1
屑	설	10	10	水	가루 설	4	1
展	전	10	10	水	펼칠 전	4	0
屛	병	11	11	水	병풍 병	3	1
屠	도	11	11	水	잡을 도	3	1
屢	누,루	14	14	水	창 누	3	1
層	층	15	15	水	겹 층	4	1
履	리,이	15	15	水	신 리	3	1
屨	구	17	17	水	삼으로 짠 신 구	1	1
屬	속	21	21	水	무리 속	3	1
屭	희	24	24	水		1	1
屯	둔	4	4	木	진칠 둔	3	1
山	산	3	3	土	뫼 산	4	1
屳	선	5	5	土	날 선	0	1
屹	흘	6	6	土	산 우뚝솟을 흘	3	0
屺	기	6	6	土	민둥산 기	1	1
岈	하	7	7	土	휑뎅그렁할 하	0	1
岊	절	7	7	土	산 모퉁이 우뚝 내밀	0	0
岌	급	6	6	土	높을 급	1	0
岏	완	7	7	土	산 뾰족할 완	0	0
岐	기	7	7	土	갈림길 기	3	1
岑	잠	7	7	土	봉우리 잠	3	0
岒	겸	7	7	土		0	1
岔	차	7	7	土	갈림길 차	1	1
岝	작	8	8	土	산 높을 작	0	0
岠	거	7	7	土		1	1
岡	강	8	8	土	멧동 강	4	1
岢	가	8	8	土		0	1
岣	구	8	8	土	산이름 구	1	1
岥	파	8	8	土	산 비알질 파	0	0
岦	립,입	8	8	土	산 우뚝할 립	0	0
岧	초	8	8	土	산이 높을 초	0	0
岨	저	8	8	土	돌산에 흙 덮일 저	1	1
岩	암	8	8	土	巖의 俗字	3	1
岪	불	8	8	土	산길 불	0	1
岫	수	8	8	土	바위구멍 수	3	1
岬	갑	8	8	土	산 허구리 갑	3	0
岭	령,영	8	8	土	산 이름 령	1	0
岯	비	8	8	土		0	1
岰	유	8	8	土		0	1
岱	대	8	8	土	태산 대	3	1
岳	악	8	8	土	큰 산 악	3	0
岵	호	8	8	土	산 호	3	1
岷	민	8	8	土	산이름 민	3	1
岸	안	8	8	土	물가 언덕 안	4	0
岺	령,영	8	8	土	재 령	3	1
岾	점	8	8	土	고개 점	3	1
峀	수	8	8	土	岫와 同字	3	1
峋	순	9	9	土		1	1
峒	동	9	9	土	산이름 동	1	1
峓	이	9	9	土		0	1
峘	환	9	9	土		0	1
峙	치	9	9	土	산이 우뚝 솟을 치	3	1
峠	상	9	9	土	고개 상	3	1
峨	아	10	10	土	산 높을 아	3	0
峩	아	10	10	土	峨와 同字	0	1
峭	초	10	10	土	가파를 초	1	1
峯	봉	10	10	土	봉우리 봉	4	0
峰	봉	10	10	土	峯과 同字	3	1
峴	현	10	10	土	고개 현	3	1
島	도	10	10	土	섬 도	4	0
峹	도	10	10	土		0	1
峻	준	10	10	土	높을 준	3	0
峼	곡,호	10	10	土		0	1
峽	협	10	10	土	물 낀 두메 협	3	0
崆	공	11	11	土	산이름 공	1	1
崇	숭	11	11	土	높을 숭	4	0
崍	내,래	11	11	土	산 이름 래	3	0
崎	기	11	11	土	험할 기	3	1
崐	곤	11	11	土	곤륜산 곤	0	1
崑	곤	11	11	土	산이름 곤	3	1
崓	고	11	11	土		0	1
崔	최	11	11	土	산 우뚝할 최	3	0
崕	애	11	11	土	崖와 同字	0	1
崖	애	11	11	土	낭떠러지 애	3	1
崗	강	11	11	土	岡의 俗字	3	1
崘	륜,윤	11	11	土		0	1
崙	륜,윤	11	11	土	산 이름 륜	3	0
崛	굴	11	11	土	산 높을 굴	1	0
崟	음	11	11	土	멧부리 음	1	1
崠	동	11	11	土		1	1
崢	쟁	11	11	土	가파를 쟁	1	1
崤	효	11	11	土	산 이름 효	1	0
崦	엄	11	11	土	해 지는 산 이름 엄	0	0
崧	숭	11	11	土	산 불끈 솟을 숭	3	0
崩	붕	11	11	土	무너질 붕	4	1
崴	외	12	12	土	평평치 아니할 외	1	1
崶	봉	12	12	土		0	1
崹	체	12	12	土		0	1
崼	시	12	12	土		0	1
崽	재	12	12	土		1	1
嵁	감	12	12	土	산 험할 감	0	0
嵂	률,율	12	12	土	가파를 률	0	1
嵃	언	12	12	土		0	1
嵄	미	12	12	土		3	1
嵉	정	12	12	土		0	1
嵊	승	13	13	土		0	1
嵋	미	12	12	土	산이름 미	3	1
嵌	감	12	12	土	깊은 골 감	3	1
嵎	우	12	12	土	산모퉁이	1	1
嵏	종	12	12	土		0	1
嵐	남,람	12	12	土	남기 남	3	1
嵒	암	12	12	土		0	1
嵓	암	12	12	土	바위 암	0	1
嵔	외	12	12	土	산이름 외	0	1
嵠	계	13	13	土		0	1
嵢	창	13	13	土		0	1
嵤	형	13	13	土		0	1
嵥	걸	13	13	土		0	1
嵩	숭	13	13	土	높을 숭	3	0
嵬	외	12	12	土	산 뾰족할 외	3	0
嵯	차	12	12	土	우뚝 솟을 차	3	1
嵰	겸	13	13	土		0	1
嵱	용	13	13	土	봉우리 쭝굿쭝굿할 용	0	0
嵷	종	14	14	土		0	1
嵸	종	14	14	土		0	1
嵺	교	14	14	土		0	1
嶁	누,루	14	14	土	봉우리 루	0	0
嶂	장	14	14	土	높고 가파른 산 장	1	0
嶄	참	14	14	土	높을 참	1	0
嶆	조	14	14	土		0	1
嶇	구	14	14	土	산험준할 구	3	1
嶈	장	14	14	土		0	1
嶋	도	14	14	土	섬 도	3	0
嶒	증	15	15	土	산 높고 험할 증	0	0
嶓	파	15	15	土		0	1
嶔	금	15	15	土	높고 험할 금	1	1
嶕	초	15	15	土	높을 초	0	0
嶙	린,인	15	15	土	가파를 린	1	1
嶝	등	15	15	土	고개 등	3	1
嶟	준	15	15	土		0	1
嶠	교	15	15	土	뾰족하게 높을 교	3	0
嶢	요	15	15	土	높을 요	3	0
嶧	역	16	16	土	연달아 있는 산 역	0	0
嶪	업	16	16	土	산이 높고 웅장할 업	3	1
嶫	업	16	16	土	嶪과 同字	0	1
嶮	험	16	16	土	산 가파를 험	1	0
嶰	해	16	16	土	골짝 사이 해	0	1
嶱	갈	15	15	土		0	1
嶲	수	15	15	土		0	1
嶷	의	17	17	土	산이름 의	1	1
嶸	영	17	17	土	산 높을 영	3	0
嶺	령,영	17	17	土	재 령	3	1
嶼	서	16	16	土	섬 서	3	0
嶽	악	17	17	土	높은 산 악	3	0
嶾	은	17	17	土		0	1
巃	롱	19	19	土		0	1
巉	참	20	20	土	가파를 참	1	1
巋	규	21	21	土		0	1
巍	외	20	20	土	높을 외	3	0
巑	찬	22	22	土	높이 솟을 찬	0	1
巒	만	22	22	土	뫼 만	3	1
巓	전	22	22	土	산 꼭대기 전	0	0
巖	암	22	22	土	바위 암	3	1
巘	헌	23	23	土		0	1
巚	헌	23	23	土	봉우리 헌	0	0
川	천	3	3	水	내 천	3	1
州	주	6	6	水	고을 주	3	0
巠	경	7	7	水		0	1
巡	순	10	6	土	돌 순	4	0
巢	소	11	11	水	새집 소	4	1
工	공	3	3	火	장인 공	4	1
左	좌	5	5	火	왼 좌	4	1
巧	교	5	5	火	공교할 교	4	1
巨	거	4	4	火	클 거	4	0
巫	무	7	7	火	무당 무	3	1
巭	부	9	9	火		0	1
差	차	9	9	火	어긋날 차	4	1
己	기	3	3	土	자기 기	4	1
已	이	3	3	土	이미 이	4	1
巳	사	3	3	火	여섯째 지지 사	3	1
巴	파	4	4	土	꼬리 파	4	1
巷	항	9	9	土	거리 항	3	1
巸	이,희	10	10	土		0	1
巹	근	9	9	土	받들 근	0	1
巽	손	12	12	土	사양할 손	3	1
巾	건	3	3	木	수건 건	4	1
市	시	5	5	木	저자 시	3	1
布	포	5	5	木	베 포	4	1
帆	범	6	6	木	돛 범	4	1
帉	분	7	7	木	걸레 분	0	1
希	희	7	7	木	바랄 희	4	1
帑	탕	8	8	木	나라 곳집 탕	3	0
帕	말	8	8	木	머리 동이수건 파	2	1
帖	첩	8	8	木	표제 첩	4	1
帙	질	8	8	木	책갑 질	3	0
帚	추	8	8	木	비 추	2	1
帛	백	8	8	木	비단 백	3	1
帝	제	9	9	木	임금 제	4	1
帠	예	9	9	木		0	1
帥	솔,수	9	9	木	주장할 수	3	1
帨	세	10	10	木	차는 수건 세	0	1
師	사	10	10	木	스승 사	4	0
席	석	10	10	木	자리 석	4	1
帳	장	11	11	木	휘장 장막 장	3	1
帶	대	11	11	木	띠 대	4	1
帷	유	11	11	木	휘장 유	1	1
常	상	11	11	木	항상 상	4	1
帽	모	12	12	木	모자 모	4	1
帿	후	12	12	木	과녁 후	3	1
幀	정	12	12	木	그림족자 정	3	0
幃	위	12	12	木	향낭 위	1	1
幄	악	12	12	木	장막 악	3	1
幅	폭	12	12	木	폭 폭	4	1
幇	방	12	12	木	幫과 同字	3	1
幌	황	13	13	木	휘장 황	3	1
幎	멱	13	13	木	덮을 멱	0	1
幔	만	14	14	木	막 만	1	1
幕	막	13	13	木	막 막	4	1
幘	책	14	14	木	건 책	0	1
幜	경	15	15	木		0	1
幞	복	15	15	木	건 복	0	1
幟	치	15	15	木	깃대 치	3	1
幡	번	15	15	木	기 번	3	1
幢	당	15	15	木	기 당	3	1
幣	폐	14	14	木	폐백 폐	3	1
幨	첨	16	16	木	휘장 첨	0	1
幪	몽	16	16	木	덮을 몽	1	1
幫	방	17	17	木	도울 방	2	0
幬	주	17	17	木	휘장 주	0	1
幰	헌	19	19	木	수레 안장 헌	0	1
幱	난,란	20	20	木	내리다지 란	0	1
干	간	3	3	木	방패 간	4	1
平	평	5	5	木	평탄할 평	4	0
年	년,연	6	6	木	해 년	4	0
并	병	6	6	木		1	1
幷	병	8	8	木	아우를	3	1
幸	행	8	8	木	다행할 행	4	0
幹	간	13	13	木	줄기 간	4	1
幺	요	3	3	火	작을 요	1	1
幻	환	4	4	火	변할 환	4	1
幼	유	5	5	火	어릴 유	4	1
幽	유	9	9	火	숨을 유	3	1
幾	기	12	12	火	기미 기	4	1
广	엄	3	3	木	바윗집 엄	1	1
庀	비	5	5	木		0	1
広	광	5	5	木		1	1
庄	장	6	6	木	장중할 장	3	1
庇	비	7	7	木	덮을 비	3	1
庈	금	7	7	木		0	1
床	상	7	7	木	牀의 俗字	3	1
庋	기	7	7	木	시렁 기	0	1
庌	아	7	7	木		0	1
序	서	7	7	木	차례 서	4	0
底	저	8	8	木	밑 저	4	1
庖	포	8	8	木	푸줏간 포	1	1
店	점	8	8	木	가게 점	4	1
庚	경	8	8	金	일곱째 천간 경	3	1
府	부	8	8	木	곳집 부	4	1
庠	상	9	9	木	학교 상	3	1
庥	휴	9	9	木		1	1
度	도,탁	9	9	木	법도 도	4	0
座	좌	10	10	木	자리 좌	4	1
庨	효	10	10	木		0	1
庩	도	10	10	木		0	1
庫	고	10	10	木	곳집 고	4	1
庭	정	9	9	木	뜰 정	4	0
庲	래	11	11	木		0	1
庳	비	11	11	木		0	1
庵	암	11	11	木	초막 암	3	1
庶	서	11	11	木	여러 서	3	1
康	강	11	11	木	편안할 강	4	0
庸	용	11	11	木	쓸 용	3	1
庽	우	12	12	木		0	1
庾	유	11	11	木	노적 유	3	1
廁	측	12	12	木	뒷간 치	2	1
廂	상	12	12	木	행랑 상	3	1
廈	하	13	13	木	큰 집 하	4	0
廉	렴,염	13	13	木	청렴할 렴	4	0
廊	낭,랑	11	11	木	복도 낭	4	0
廋	수	12	12	木	숨길 수	0	1
廏	구	14	14	木	마구간	1	1
廐	구	12	12	木	마구간 구	3	1
廑	근	14	14	木	작은집 근	0	1
廓	곽,확	13	13	木	둘레 곽	3	1
廕	음	13	13	木	덮을 음	0	1
廖	료,요	14	14	木	공허할 료	3	1
廙	이	14	14	木		0	1
廚	주	15	15	木	부엌 주	4	1
廛	전	15	15	木	전방 전	3	1
廝	시	15	15	木	부릴 시	1	1
廞	흠	15	15	木	진열할 흠	0	1
廟	묘	15	15	木	사당 묘	3	1
廠	창	15	15	木	헛간 창	4	1
廡	무	15	15	木	집 무	1	0
廢	폐	15	15	木	폐할 폐	4	1
廣	광	14	14	木	넓을 광	4	0
廥	괴	16	16	木	여물광 괴	0	1
廧	장	16	16	木	담 장	0	1
廨	해	16	16	木	관청 해	1	1
廩	늠,름	16	16	木	곳집 름	0	1
廬	려,여	19	19	木	오두막집 려	3	1
廮	영	20	20	木		0	1
廱	옹	21	21	木	벽옹 옹	0	1
廳	청	25	25	木	관청 청	4	1
延	연	6	6	木	미칠 연	3	1
廷	정	6	6	木	조정 정	3	0
建	건	8	8	木	세울 건	4	0
廻	회	8	8	木	돌 회	3	0
廾	공	3	3		들다	1	1
廿	입	4	4		스물 입	1	1
弁	변	5	5		고깔 변	3	1
弃	기	7	7		棄의 古字	2	1
弄	농,롱	7	7		희롱할 농	3	1
弅	분	7	7			0	1
弇	감	9	9		뚜껑 감	1	1
弈	혁	9	9		바둑둘 혁	1	1
弊	폐	14	14		해질 폐	3	1
弋	익	3	3	金	주살 익	1	1
式	식	6	6	金	법 식	3	0
弒	시	13	13	金		1	1
弓	궁	3	3	金	활 궁	3	0
弔	조	4	4	金	위문할 조	3	1
引	인	4	4	金	끌 인	4	1
弗	불	5	5	金	아닐 불	3	1
弘	홍	5	5	金	넓을 홍	3	0
弙	오	6	6	金		0	1
弛	이	6	6	金	늦출 이	3	1
弞	신	7	7	金		0	1
弟	제	7	7	金	아우 제	4	1
弢	도	8	8	金	활집 도	0	1
弥	미	8	8	金	彌와 同字	1	1
弦	현	8	8	金	시위 현	3	1
弧	호	8	8	金	활 호	4	1
弭	미	9	9	金	활고자 미	1	1
弱	약	10	10	金	약할 약	4	1
弴	돈	11	11	金	그림 그린 활 돈	1	0
張	장	11	11	金	베풀 장	4	0
強	강	11	11	金	강할	3	1
强	강	12	12	金	강할 강	3	1
弼	필	12	12	金	도울 필	3	0
彀	구	13	13	金	활 잔뜩 당길 구	1	1
彆	별	14	14	金	활 뒤틀릴 별	1	1
彈	탄	15	15	金	쏠 탄	4	1
彊	강	16	16	金	굳셀 강	3	0
彌	미	17	17	金	두루 미	3	1
彎	만	22	22	金	굽을 만	4	1
彔	녹,록	8	8		나무 깍을 록	2	0
彖	단	9	9		결단할 단	3	1
彗	세,혜	11	11		비 혜	2	1
彘	체	12	12		돼지 체	1	1
彙	휘	13	13		무리 휘	3	1
彛	이	16	16		彝의 俗字	3	1
彝	이	18	18		떳떳할 이	1	1
形	형	7	7		모양 형	4	1
彤	동	7	7		붉은 칠 동	1	1
彥	언	9	9			1	1
彦	언	9	9		彥과 同字	3	0
彧	욱	10	10		빛날 욱	3	0
彩	채	11	11		무늬 채	4	0
彪	표	11	11	木	칡범 표	3	1
彫	조	11	11		새길 조	3	1
彬	빈	11	11		빛날 빈	3	0
彭	팽	12	12		성씨 팽	3	0
彰	창	14	14		밝을 창	3	0
影	영	15	15		그림자 영	4	0
彷	방	7	7	火	거닐 방	3	1
役	역	7	7	火	부릴 역	3	1
彼	피	8	8	火	저 피	3	1
彿	불	8	8	火	비슷할 불	3	1
往	왕	8	8	火	갈 왕	4	1
征	정	8	8	火	칠 정	3	1
徂	조	8	8	火	갈 조	1	1
待	대	9	9	火	기다릴 대	4	1
徆	서	9	9	火		0	1
徇	순	9	9	火	조리 돌릴 순	3	1
很	흔	9	9	火	패려궂을 흔	2	1
徉	양	9	9	火	배회할 양	1	1
徊	회	9	9	火	노닐 회	3	1
律	률,율	9	9	火	법 률	4	0
後	후	9	9	火	뒤 후	4	1
徐	서	10	10	火	천천할 서	3	0
徑	경	10	10	火	지름길 경	4	1
徒	도	10	10	火	무리 도	4	1
徖	종	11	11	火		0	1
得	득	11	11	火	얻을 득	4	1
徘	배	11	11	火	노닐 배	3	1
徙	사	11	11	火	옮길 사	4	1
徜	상	11	11	火	노닐 상	1	1
從	종	11	11	火	좇을 종	4	1
徠	내,래	11	11	火	올 래	3	1
御	어	12	12	火	거느릴 어	3	1
徣	차	11	11	火	빌릴 차	0	1
徥	시	12	12	火		0	1
徦	가	12	12	火		0	1
徧	편	12	12	火		1	1
徨	황	12	12	火	노닐 황	3	1
復	복,부	12	12	火	돌아올 복	3	1
循	순	12	12	火	좇을 순	4	1
徬	방	13	13	火	시중들 방	1	1
徭	요	13	13	火	부릴 요	1	1
微	미	13	13	火	작을 미	4	1
徯	혜	13	13	火	기다릴 혜	0	1
徳	덕	14	14	火		1	1
徵	징	15	15	火	부를 징	4	1
德	덕	15	15	火	큰 덕	4	1
徹	철	15	15	火	통할 철	3	0
徼	요	16	16	火	돌아다닐 요	0	1
徽	휘	17	17	火	아름다울 휘	4	0
徿	룡,용	19	19	火		0	1
心	심	4	4	火	마음 심	4	1
必	필	5	5	火	반드시 필	4	1
忇	늑,륵	6	5	火		0	1
忈	인	6	6	火		0	1
忉	도	6	5	火	근심할 도	0	1
忋	개	7	6	火		0	1
忌	기	7	7	火	꺼릴 기	3	1
忍	인	7	7	火	참을 인	4	1
忎	인	7	7	火		0	1
忐	탐	7	7	火		1	1
忒	특	7	7	火	변할 특	1	1
忓	간,한	7	6	火		0	1
忕	세,태	7	6	火		0	1
忖	촌	7	6	火	헤아릴 촌	3	1
志	지	7	7	火	뜻 지	4	0
忘	망	7	7	火	잊을 망	4	1
忙	망	7	6	火	바쁠 망	4	1
忝	첨	8	8	火	더럽힐 첨	1	1
忞	민	8	8	火	강인할 민	2	1
忟	민	8	7	火	강인할 민	1	1
忠	충	8	8	火	충성 충	4	0
忡	충	8	7	火	근심할 충	1	1
忤	오	8	7	火	거스릴 오	1	1
忨	완	8	7	火	탐할 완	0	1
快	쾌	8	7	火	기분이 좋을 쾌	4	1
忬	여	8	7	火		0	1
忭	변	8	7	火	기뻐할 변	0	1
忮	기	8	7	火	해칠 기	1	1
忯	기,지	8	7	火		0	1
忱	침	8	7	火	믿을 침	1	0
念	념,염	8	8	火	생각 념	4	1
忸	뉴,유	8	7	火	익을 뉴	1	1
忻	흔	8	7	火	기뻐할 흔	1	1
忼	강	8	7	火	강개할 강	0	1
忽	홀	8	8	火	소흘히 할 홀	4	1
忿	분	8	8	火	성낼 분	3	1
怊	초	9	8	火	슬퍼할 초	0	1
怋	민	9	8	火		0	1
怍	작	9	8	火	부끄러울 작	0	1
怏	앙	9	8	火	원망할 앙	3	1
怔	정	9	8	火	황겁할 정	1	1
怕	파	9	8	火	두려울 파	2	1
怖	포	9	8	火	두려울 포	4	1
怗	첩	9	8	火	고요할 첩	0	0
怙	호	9	8	火	믿을 호	1	0
怛	달	9	8	火	깜짝 놀랄 달	1	1
怜	령,영	9	8	火	영리할 령	3	1
思	사	9	9	火	생각할 사	4	1
怞	추	9	8	火		0	1
怠	태	9	9	火	게으를 태	3	1
怡	이	9	8	火	기쁠 이	3	0
急	급	9	9	火	급할 급	4	1
怦	평	9	8	火	맘 급할 평	1	1
性	성	9	8	火	성품 성	4	1
怨	원	9	9	火	원망할 원	3	1
怩	니,이	9	8	火	부끄러워할 니	1	1
怪	괴	9	8	火	기이할 괴	4	1
怯	겁	9	8	火	무서워할 겁	3	1
怰	현	9	8	火		0	1
怲	병	9	8	火		0	1
怳	황	9	8	火	멍할 황	0	1
恀	치	10	9	火		0	1
恁	임	10	10	火	생각할 임	3	1
恂	순	10	9	火	진실할 순	3	1
恃	시	10	9	火	믿을 시	3	0
恆	항	10	9	火	恒의 本字	2	1
恇	광	10	9	火	겁낼 광	0	1
恈	모	10	9	火	탐할 모	0	1
恊	협	10	9	火	겁낼 협	0	1
恍	황	10	9	火	황홀할 황	3	1
恐	공	10	10	火	두려울 공	4	1
恒	항	10	9	火	늘 항	3	1
恔	교,효	10	9	火		0	1
恕	서	10	10	火	용서할 서	4	1
恙	양	10	10	火	근심 양	3	1
恚	에	10	10	火	성낼 에	1	1
恝	괄	10	10	火	걱정 없을 괄	3	1
恞	이	10	9	火		0	1
恟	흉	10	9	火	두려워할 흉	0	1
恢	회	10	9	火	넓을 회	4	0
恣	자	10	10	火	방자할 자	3	1
恤	휼	10	9	火	구휼할 휼	3	1
恥	치	10	10	火	부끄럼 치	4	1
恦	상	10	9	火		0	1
恨	한	10	9	火	한탄할 한	4	1
恩	은	10	10	火	은혜 은	4	0
恪	각	10	9	火	삼갈 각	3	0
恫	통	10	9	火	슬플 통	1	1
恬	념,염	10	9	火	편안할 념	3	0
恭	공	10	10	火	공손할 공	4	0
息	식	10	10	火	숨쉴 식	4	1
恰	흡	10	9	火	마치 흡	4	1
恵	혜	10	10	火		1	1
恿	용	11	11	火		1	1
悁	연	11	10	火	분할 연	0	1
悃	곤	11	10	火	정성 곤	0	0
悄	초	11	10	火	근심할 초	2	1
悅	열	11	10	火	즐거울 열	3	0
悆	서,여	11	11	火		0	1
悇	여	11	10	火		0	1
悉	실	11	11	火	모두 실	3	1
悊	철	11	11	火		0	1
悋	린,인	11	10	火	아낄 린	1	1
悌	제	11	10	火	공경할 제	3	1
悍	한	11	10	火	사나울 한	3	1
悏	협	11	10	火		0	1
悒	읍	11	10	火	답답할 읍	0	1
悔	회	11	10	火	뉘우칠 회	4	1
悕	희	11	10	火	슬퍼할 희	0	1
悖	패	11	10	火	거스를 패	3	1
悗	문	11	10	火	잊어버릴 문	0	1
悚	송	11	10	火	두려울 송	3	1
悛	전	11	10	火	고칠 전	3	1
悟	오	11	10	火	깨우칠 오	4	1
悠	유	11	11	火	멀 유	3	0
悢	량,양	11	10	火	슬퍼할 량	0	1
患	환	11	11	火	근심 환	4	1
悤	총	11	11	火	바쁠 총	3	1
悧	리,이	11	10	火	영리할 리	3	1
悰	종	12	11	火	즐길 종	3	1
悱	비	12	11	火	표현 못할 비	1	1
悲	비	12	12	火	슬플 비	4	1
悳	덕	12	12	火	德의 古字	3	1
悴	췌	12	11	火	근심할 췌	3	1
悵	창	12	11	火	슬퍼할 창	1	1
悶	민	12	12	火	번민할 민	4	1
悸	계	12	11	火	두근거를 계	3	1
悻	행	12	11	火	발끈 성낼 행	1	1
悼	도	12	11	火	슬퍼할 도	3	1
悽	처	12	11	火	슬퍼할 처	3	1
悾	강	12	11	火	정성 공	0	0
惀	론	12	11	火		0	1
惄	녁,역	12	12	火	마음 졸일 녁	0	1
情	정	12	11	火	뜻 정	4	0
惆	추	12	11	火	실심할 추	1	1
惇	돈	12	11	火	두터울 돈	3	0
惉	첨	12	12	火	팰 첨	0	1
惋	완	12	11	火	한탄할 완	1	1
惍	금	12	11	火		0	1
惏	남,람	12	11	火	떨릴 람	0	1
惑	혹	12	12	火	미혹할 혹	3	1
惓	권	12	11	火	삼갈 권	0	0
惔	담	12	11	火		0	1
惕	척	12	11	火	두려워할 척	1	1
惗	녑,엽	12	11	火		0	1
惘	망	12	11	火	멍할 망	1	1
惙	철	12	11	火	근심할 철	0	1
惚	홀	12	11	火	황홀할 홀	3	1
惜	석	12	11	火	아낄 석	4	1
惝	창	12	11	火	멍할 창	0	1
惞	흔	12	11	火		0	1
惟	유	12	11	火	꾀할 유	3	1
惠	혜	12	12	火	은혜 혜	4	0
惡	악,오	12	12	火	나쁠 악	4	1
惢	쇄,예	12	12	火	의심낼 솨	0	1
惰	타	13	12	火	게으를 타	4	1
惲	운	13	12	火	의논할 운	1	1
想	상	13	13	火	생각할 상	4	1
惴	췌	13	12	火	두려워할 췌	1	1
惶	황	13	12	火	두려워할 황	4	1
惷	준	13	13	火	어수선할 준	0	1
惸	경	13	12	火	근심할 경	0	1
惹	야	13	12	火	끌릴 야	3	1
惺	성	13	12	火	깨달을 성	3	1
惻	측	13	12	火	슬플 측	3	1
惼	편	13	12	火	조급할 편	0	1
愀	초	13	12	火	정색할 초	1	1
愁	수	13	13	火	근심 수	4	1
愃	선,훤	13	12	火	쾌할 선	2	1
愄	외	13	12	火		0	1
愆	건	13	13	火	죄 건	3	1
愈	유	13	13	火	나을 유	4	1
愉	유	13	12	火	기뻐할 유	4	1
愌	환	13	12	火		0	1
愍	민	13	13	火	근심할 민	3	1
愎	퍅	13	12	火	사나울 퍅	3	1
意	의	13	13	火	뜻 의	4	0
愐	면	13	12	火		0	1
愔	음	13	12	火	조용할 음	1	0
愕	악	13	12	火	놀랄 악	3	1
愖	심	13	12	火		1	1
愚	우	13	13	火	어리석을 우	4	1
愛	애	13	13	火	사랑 애	4	0
愜	협	13	12	火	쾌할 협	1	1
愞	난	13	12	火		0	1
感	감	13	13	火	감동할 감	4	1
愢	새,시	13	12	火		0	1
愧	괴	14	12	火	부끄러워할 괴	4	1
愨	각	14	14	火		0	1
愫	소	14	13	火		1	1
愬	소	14	14	火	고할 소	0	1
愭	기	14	13	火	공손할 기	0	0
愰	황	14	13	火	밝을 황	3	0
愴	창	14	13	火	슬퍼할 창	3	1
愷	개	14	13	火	탐할 개	3	1
愻	손	14	14	火		0	1
愼	신,진	14	13	火	삼갈 신	3	0
愾	개	14	13	火	한숨 쉴 개	3	1
愿	원	14	14	火	정성 원	3	0
慂	용	14	14	火	권할 용	3	1
慄	률,율	14	13	火	두려워할 률	2	1
慆	도	14	13	火	기뻐할 도	0	1
慇	은	14	14	火	은근할 은	3	1
慈	자	14	13	火	사랑할 자	4	0
慊	겸	14	13	火	앙심먹을 겸	3	1
態	태	14	14	火	모양 태	4	1
慌	황	14	12	火	어렴풋할 황	4	1
慍	온	14	13	火	성낼 온	1	1
慏	명	14	13	火		0	1
慒	종	15	14	火	생각할 종	0	1
慓	표	15	14	火	급할 표	3	1
慔	모	15	13	火		0	1
慕	모	15	14	火	그리워할 모	4	1
慘	참	15	14	火	참혹할 참	4	1
慙	참	15	15	火	부끄러울 참	3	1
慚	참	15	14	火	부끄러울 참	2	1
慝	특	15	14	火	간악할 특	3	1
慟	통	15	14	火	서러울 통	3	1
慠	오	15	13	火	거만할 오	0	1
慡	상	15	14	火		0	1
慢	만	15	14	火	게으를 만	4	1
慣	관	15	14	火	버릇 관	4	1
慤	각	15	15	火	삼갈 각	3	0
慧	혜	15	15	火	슬기로울 혜	3	0
慨	개	13	12	火	분할 개	3	1
慪	우	15	14	火		0	1
慫	종	15	15	火	권할 종	4	1
慬	근	15	14	火		0	1
慮	려,여	15	15	火	생각할 려	3	1
慰	위	15	15	火	위로할 위	4	1
慱	단	15	14	火	근심할 단	0	1
慳	간	15	14	火	아낄 간	1	1
慴	습	15	14	火	두려울 접	0	1
慵	용	15	14	火	게으를 용	1	1
慶	경	15	15	火	경사 경	4	0
慷	강	15	14	火	강개할 강	4	1
慺	누,루	15	14	火	정성스러울 루	0	0
慼	척	15	15	火		1	1
慽	척	15	14	火	근심할 척	3	1
慾	욕	15	15	火	욕심낼 욕	3	1
憁	총	15	14	火	바쁠	3	1
憂	우	15	15	火	근심 우	4	1
憃	용	15	15	火	천치 용	0	1
憊	비	16	16	火	고달플 비	3	1
憍	교	16	15	火	교만할 교	0	1
憎	증	16	15	火	미워할 증	4	1
憐	련,연	16	15	火	불쌍히 여길 련	4	1
憑	빙	16	16	火	기대다 빙	4	1
憒	궤	16	15	火	심란할 궤	0	1
憓	혜	16	15	火		2	1
憔	초	16	15	火	수척할 초	3	1
憖	은	16	16	火	물을 은	0	1
憘	희	16	15	火	憙의 古字	3	1
憙	희	16	16	火	성할 희	3	0
憚	탄	16	15	火	수고로울 탄	3	1
憤	분	16	15	火	결낼 분	4	1
憧	동	16	15	火	동경할 동	3	1
憨	감	16	15	火	어리석을 감	1	1
憩	게	16	16	火	쉴 게	3	1
憪	한	16	15	火		0	1
憫	민	16	15	火	불쌍히 여길 민	3	1
憬	경	16	15	火	깨달을 경	3	1
憮	무	16	15	火	어루만질 무	3	1
憯	참	16	15	火	슬퍼할 참	0	1
憲	헌	16	16	火	법 헌	3	0
憶	억	17	16	火	생각 억	4	1
憸	섬	17	16	火	간사할 섬	0	1
憺	담	17	16	火	고요할 담	3	0
憻	탄	18	16	火	坦과 同字	0	1
憼	경	17	16	火	공경할 경	0	1
憽	송	17	15	火		0	1
憾	감	17	16	火	섭섭할 감	3	1
懁	환	17	16	火		0	1
懃	근	17	17	火	은근할 근	3	1
懆	조	17	16	火	근심할 조	0	1
懇	간	17	17	火	정성 간	4	0
懈	해	17	16	火	게으를 해	3	1
應	응	17	17	火	응당 응	4	1
懊	오	17	15	火	원망할 오	3	1
懋	무	17	17	火	힘쓸 무	3	0
懌	역	17	16	火	기꺼울 역	0	1
懍	름	17	16	火		1	1
懏	준	17	15	火		0	1
懕	염	18	18	火	편안할 염	0	0
懗	하	18	17	火	속일 하	0	1
懞	몽	18	16	火	어두울 몽	1	1
懟	대	18	18	火	원망할 대	1	1
懣	문	18	18	火	번거로울 문	1	1
懦	나	18	17	火	나약할 나	3	1
懩	양	19	17	火		0	1
懬	광	19	18	火		0	1
懰	류,유	19	18	火		0	1
懲	징	19	19	火	혼날 징	3	1
懶	나,라	20	19	火	게으를 나	4	1
懷	회	20	19	火	품을 회	4	1
懸	현	20	20	火	매달 현	4	1
懺	참	21	20	火	뉘우칠 참	3	1
懼	구	22	21	火	두려워할 구	4	1
懽	환	22	20	火	기뻐할 환	0	1
懾	섭	22	21	火	무서울 섭	1	1
懿	의	22	22	火	아름다울 의	3	0
戀	련,연	23	23	火	사모할 련	2	1
戇	당	28	28	火	어리석을 당	3	1
戈	과	4	4	金	창 과	3	1
戊	무	5	5	土	다섯째 천간 무	3	1
戌	술	6	6	土	개 술	3	1
戍	수	6	6	金	수자리 수	3	1
戎	융	6	6	金	병장기 융	3	1
成	성	6	6	金	이룰 성	4	0
我	아	7	7	金	자기 아	4	1
戒	계	7	7	金	경계할 계	4	1
戕	장	8	8	金	죽일 장	1	1
或	혹	8	8	金	혹 혹	4	1
戚	척	11	11	金	겨레 척	4	1
戟	극	12	12	金	갈래진 창 극	3	1
戡	감	13	13	金	찌를 감	3	1
戢	집	12	12	金	그칠 집	1	1
戧	창	14	14	金	다칠 창	0	1
戩	전	14	14	金		1	1
截	절	14	14	金	끊을 절	3	1
戭	연,인	15	15	金		0	1
戮	륙,육	15	15	金	죽일 륙	3	1
戰	전	16	16	金	싸움 전	3	1
戱	희	16	16	金	戲의 俗字	3	1
戲	희	17	17	金	탄식할 희	2	1
戳	착	18	18	金	창으로 찌를 착	1	1
戴	대	17	17	金	받들 대	4	1
戵	구	22	22	金	창 구	0	1
戶	호	4	4	木	지게 호	3	1
戹	액	5	5	木	좁을 액	0	1
戾	려,여	8	8	木	여그러질 려	3	1
房	방	8	8	木	방 방	4	0
所	소	8	8	木	바 소	4	1
扁	편	9	9	木	특별할 편	4	1
扃	경	9	9	木	빗장 경	1	1
扇	선	10	10	木	사립문 선	4	1
扈	호	11	11	木	뒤따를 호	3	1
扉	비	12	12	木	문짝 비	3	1
扊	염	12	12	木	문 빗장 염	0	1
手	수	4	4	木	손 수	4	1
才	재	4	3	木	재주 재	4	0
扎	찰	5	4	木	뺄 찰	2	1
扑	복	6	5	木	칠 복	1	1
扒	배	6	5	木	뺄 배	2	1
打	타	6	5	木	때릴 타	4	1
扗	재	7	6	木		0	1
托	탁	7	6	木	밀칠 탁	3	1
扛	강	7	6	木	마주 들 강	1	0
扜	우	7	6	木		0	1
扝	우	7	6	木		0	1
扞	한	7	6	木		1	1
扠	차	7	6	木		1	1
扣	구	7	6	木	두드릴 구	2	1
扨	인	7	6	木	그러하나 인	1	1
扮	분	8	7	木	꾸밀 분	4	1
扱	급	8	6	木	미칠 급	3	1
扳	반	8	7	木	끌 반	1	1
扶	부	8	7	木	도울 부	4	0
扷	오	8	7	木		0	1
批	비	8	7	木	칠 비	4	1
扺	지	8	7	木	손바닥 지	1	1
扼	액	8	7	木	움켜쥘 액	3	1
找	조	8	7	木	채울 조	2	0
承	승	8	8	木	받들 승	4	0
技	기	8	7	木	재주 기	4	0
抁	연	8	7	木		0	1
抃	변	8	7	木	손뼉칠 변	0	1
抄	초	8	7	木	베낄 초	4	1
抆	문	8	7	木	닦을 문	1	1
抉	결	8	7	木	긁을 결	3	1
把	파	8	7	木	잡을 파	4	1
抎	운	8	7	木		0	1
抏	완	8	7	木		0	1
抑	억	8	7	木	누를 억	3	1
抒	서	8	7	木	풀 서	3	1
抔	부	8	7	木	움킬 부	1	1
投	투	8	7	木	던질 투	4	1
抖	두	8	7	木	퍼주거릴 두	2	1
抗	항	8	7	木	막을 항	4	1
折	절	8	7	木	꺾을 절	4	1
抛	포	8	7	木	拋와 同字	3	1
抦	병	9	8	木		1	1
抨	평	9	8	木	탄핵할 평	1	1
披	피	9	8	木	헤칠 피	3	1
抬	대	9	8	木	칠 태	2	1
抮	진	9	8	木		2	1
抱	포	9	8	木	안을 포	4	1
抲	하	9	8	木		0	1
抴	설	9	8	木		0	1
抵	저	9	8	木	밀칠 저	4	1
抹	말	9	8	木	바랄 말	4	1
押	압	9	8	木	수결 둘 압	3	1
抽	추	9	8	木	뺄 추	4	1
抾	거,겁	9	8	木		0	1
抿	민	9	8	木		1	1
拂	불	9	8	木	떨 불	3	1
拄	주	9	8	木	떠받칠 주	1	1
担	단	9	8	木	원숭이 같은 짐승 단	1	1
拆	탁	9	8	木	터질 탁	2	1
拇	무	9	8	木	엄지손가락 무	4	1
拈	념,염	9	8	木	집을	3	1
拉	납,랍	9	8	木	꺽을 납	4	1
拊	부	9	8	木	어루만질 부	1	1
拋	포	9	8	木		2	1
拌	반	9	8	木	버릴 반	3	1
拍	박	9	8	木	칠 박	4	1
拏	나,라	9	9	木	붙잡을 나	3	1
拐	괴	9	8	木	속일 괴	3	1
拑	겸	9	8	木	자갈 먹일 겸	0	1
拒	거	9	7	木	막을 거	4	1
拓	척,탁	9	8	木	주울 척	3	1
拔	발	9	8	木	뺄 발	4	1
拕	타	9	8	木	끌 타	0	1
拖	타	9	8	木	拕와 同字	4	1
拗	요	9	8	木	고집스러울 요	3	1
拘	구	9	8	木	잡을 구	4	1
拙	졸	9	8	木	서툴 졸	3	1
招	초	9	8	木	부를 초	4	1
拜	배	9	9	木	절 배	4	1
拫	흔	10	9	木		0	1
括	괄	10	9	木	묶을 괄	4	1
拭	식	10	9	木	닦을 식	3	1
拮	길	10	9	木	일할 길	3	1
拯	증	10	9	木	건질 증	3	1
拱	공	10	9	木	두 손 맞잡을 공	3	1
拳	권	10	10	木	주먹 권	4	1
拵	존	10	9	木	꽂을 존	1	1
拷	고	10	9	木	가질 고	3	1
拹	협	10	9	木		0	1
拽	예	10	9	木	당길 예	1	1
拾	습,십	10	9	木	주울 습	4	1
拿	나	10	10	木	붙잡을 나	4	1
持	지	10	9	木	가질 지	4	1
挂	괘	10	9	木	그림족자 괘	1	0
指	지	10	9	木	손가락 지	4	1
挈	계,설	10	10	木		1	1
按	안	10	9	木	살필 안	4	1
挌	격	10	9	木	칠 격	0	1
挏	동	10	9	木		0	1
挐	나	10	10	木	붙잡을 나	0	1
挑	도	10	9	木	돋을 도	4	1
挒	렬,열	10	9	木		0	1
挓	차	10	9	木		0	1
挨	애	11	10	木	밀칠 애	1	1
挪	나	11	9	木	옮길 나	1	1
挫	좌	11	10	木	꺽을 좌	4	1
挭	경	11	10	木		0	1
振	진	11	10	木	떨칠 진	4	1
挰	정	11	10	木		0	1
挶	국	11	10	木		0	1
挹	읍	11	10	木	잡아당길 읍	1	1
挺	정	11	9	木	빼어날 정	4	0
挻	연	11	9	木	당길 연	3	1
挽	만	11	10	木	당길 만	4	1
挾	협	11	10	木	낄 협	3	1
捀	봉	11	10	木		0	1
捂	오	11	10	木	부닥칠 오	1	1
捃	군	11	10	木	주울 군	0	1
捄	구	11	10	木	흙파올릴 구	0	1
捅	통	11	10	木		1	1
捆	곤	11	10	木	두드릴 곤	1	1
捈	도	11	10	木		0	1
捉	착	11	10	木	잡을 착	4	1
捌	팔	11	10	木	깨뜨릴 팔	3	1
捍	한	11	10	木	막을 한	1	1
捎	소	11	10	木	덜 소	1	1
捏	날	11	10	木	이길 날	4	1
捐	연	11	10	木	버릴 연	4	1
捒	속,송,수	11	10	木		0	1
捓	야	11	9	木		0	1
捕	포	11	10	木	사로잡을 포	4	1
捖	완	11	10	木		0	1
捗	척	11	10	木		1	1
捘	준	11	10	木		0	1
捚	재	11	10	木		0	1
捧	봉	12	11	木	받들 봉	4	1
捨	사	12	11	木	버릴 사	4	1
捩	렬,열	12	11	木	비틀 렬	1	1
捫	문	12	11	木	어루만질 문	1	1
捬	부	12	11	木		0	1
据	거	12	11	木	가질 거	3	1
捱	애	12	11	木	막을 애	2	1
捲	권	12	11	木	거둘 권	4	1
捶	추	12	11	木	종아리 칠 추	1	1
捷	첩	12	11	木	이길 첩	4	1
捺	날	12	11	木	누를 날	3	1
捻	념,염	12	11	木	비틀 념	3	1
捿	서	12	11	木	깃들일 서	3	1
掀	흔	12	11	木	치켜들 흔	1	1
掃	소	12	11	木	쓸 소	4	1
掄	론,륜,윤	12	11	木	가릴 륜	1	1
掆	강	12	11	木		0	1
掇	철	12	11	木	주울 철	1	1
授	수	12	11	木	줄 수	3	1
掉	도	12	11	木	흔들 도	4	1
掊	부	12	11	木	그러모을 부	0	1
掌	장	12	12	木	손바닥 장	4	1
掎	기	12	11	木	끌 기	0	1
掏	도	12	11	木	가릴할 도	1	1
掑	기	12	11	木		0	1
排	배	12	11	木	밀칠 배	4	1
掔	견	12	12	木		0	1
掖	액	12	11	木	겨드랑이에 낄 액	3	1
掘	굴	12	11	木	팔 굴	4	1
掛	괘	12	11	木	걸 괘	4	1
掜	예	12	11	木	부칠 예	0	1
掟	정	12	11	木	둘러칠 정	1	1
掠	략,약	12	11	木	노략질할 략	3	1
採	채	12	11	木	캘 채	4	1
探	탐	12	11	木	더듬을 탐	4	1
接	접	12	11	木	사귈 접	4	1
控	공	12	11	木	당길 공	3	1
推	추	12	11	木	옮길 추	4	1
掩	엄	12	11	木	거둘 엄	4	1
措	조	12	11	木	둘 조	3	1
掬	국	12	11	木	두 손으로 움킬 국	1	1
掾	연	13	12	木	아전 연	1	1
揀	간	13	12	木	가릴 간	3	1
揁	정	13	12	木		0	1
揂	추	13	12	木		0	1
揃	전	13	12	木	가를 전	1	1
揄	유	13	12	木	당길 유	3	1
揆	규	13	12	木	헤아릴 규	3	1
揇	남	13	12	木		0	1
揉	유	13	12	木	풀 유	1	1
描	묘	13	11	木	그릴 묘	4	1
提	제	13	12	木	끌 제	4	1
插	삽	13	12	木		2	1
揖	읍	13	12	木	읍할 읍	3	1
揗	순	13	12	木		0	1
揚	양	13	12	木	드높일 양	4	1
換	환	13	12	木	바꿀 환	4	1
揟	서	13	12	木	나무이름 서	0	0
揠	알	13	12	木	뽑을 알	1	1
握	악	13	12	木	잡을 악	4	1
揣	췌	13	12	木	잴 취	1	1
揩	개	13	12	木	문지를 개	2	1
揪	추	13	12	木		1	1
揫	추	13	13	木	묶을 추	0	1
揭	게	13	12	木	높이 들 게	4	0
揮	휘	13	12	木	휘두를 휘	4	1
揲	설	13	12	木	셀 설	1	1
援	원	13	12	木	당길 원	4	1
揵	건	13	11	木	멜 건	0	1
揶	야	13	11	木	희롱할 야	3	1
揷	삽	13	12	木	꽂을 삽	3	1
搆	구	14	13	木	얽어맬 구	1	1
搉	각	14	13	木	칠 각	0	1
搌	전	14	13	木		0	1
損	손	14	13	木	덜 손	4	1
搒	방	14	13	木	배저을 방	0	1
搔	소	14	12	木	긁을 소	3	1
搖	요	14	13	木	흔들 요	4	1
搗	도	14	13	木	찧을 도	3	1
搘	지	14	13	木		0	1
搜	수	13	12	木	찾을 수	4	1
搠	삭	14	13	木		0	1
搢	진	14	13	木	꽂을 진	3	1
搤	액	14	13	木	움켜쥘 액	0	1
搥	추	14	12	木	북 칠 추	1	1
搨	탑	14	13	木	비문 박을 탑	1	1
搪	당	14	13	木	당동할 당	1	1
搫	반	14	14	木	덜 반	0	1
搬	반	14	13	木	옮길 반	4	1
搯	도	14	13	木	두드릴 도	0	1
搰	골	14	12	木	팔 골	0	1
搴	건	14	14	木		1	1
搶	창	14	13	木	닿을 창	2	1
搷	전	14	13	木		0	1
搸	진	14	13	木		0	1
搹	격	14	13	木		0	1
携	휴	14	13	木	끌 휴	3	1
搾	착	14	13	木	짤 착	3	1
摓	봉	15	13	木		0	1
摗	수	15	14	木		0	1
摘	적	15	14	木	딸 적	4	1
摛	리,이	15	13	木		0	1
摝	록	15	14	木		0	1
摞	나,라	15	14	木		1	1
摟	누,루	15	14	木		1	1
摠	총	15	14	木	거느릴 총	3	1
摡	개	15	12	木		0	1
摧	최	15	14	木	꺾을 최	1	1
摩	마	15	15	木	갈 마	4	1
摭	척	15	14	木	주울 척	1	1
摯	지	15	15	木	잡을 지	3	1
摰	체	15	15	木		1	1
摳	구	15	14	木	치마걷어들 구	1	1
摸	모	15	13	木	찾을 모	3	1
摹	모	15	14	木	베낄 모	3	1
摺	접	15	14	木	접을 접	4	1
摻	섬	15	14	木	섬섬할 섬	1	1
摽	표	15	14	木	칠 표	0	1
撅	궤	16	15	木		1	1
撈	노,로	16	15	木	잡을 로	3	1
撌	귀	16	15	木		0	1
撐	탱	16	15	木	버틸 탱	1	1
撑	탱	16	15	木	撐의 俗字	3	1
撒	살	16	15	木	뿌릴 살	4	1
撓	뇨,요	16	15	木	긁을	3	1
撕	서	16	15	木		1	1
撗	광	16	14	木		0	1
撙	준	16	15	木	누를 준	1	1
撚	년,연	16	15	木	비틀 년	2	1
撛	린,인	16	15	木		0	1
撝	휘	16	15	木	찣을 휘	0	1
撞	당	16	15	木	두드릴 당	4	1
撟	교	16	15	木	들 교	0	0
撤	철	16	15	木	거둘 철	3	1
撥	발	16	15	木	다스릴 발	3	0
撩	료,요	16	15	木	다스릴 료	1	0
撫	무	16	15	木	어루만질 무	3	1
播	파	16	15	木	심을 파	4	1
撮	촬	16	15	木	머리 끄덩이 잡을 촬	3	1
撰	찬	16	15	木	지을 찬	3	1
撲	박	16	15	木	업어질 박	4	1
撻	달	17	15	木	매질할 달	3	1
撼	감	17	16	木	흔들 감	1	1
撾	과	17	14	木	칠 과	1	1
撿	검	17	16	木	잡을 검	1	1
擁	옹	17	16	木	안을 옹	4	1
擄	노,로	17	16	木	사로잡을 노	3	1
擅	천	17	16	木	멋대로 천	3	1
擇	택	17	16	木	가릴 택	4	1
擉	착	17	16	木	찌를 착	0	1
擊	격	17	17	木	撃과 同字	4	1
操	조	17	16	木	잡을 조	4	1
擎	경	17	16	木	들 경	3	0
擏	경	17	15	木		0	1
擐	환	17	16	木	입을 환	0	1
擒	금	17	15	木	사로잡을 금	3	1
擔	담	17	16	木	질 담	4	1
擗	벽	17	16	木	가슴칠 벽	0	1
擘	벽	17	17	木	엄지손가락 벽	3	1
據	거	17	16	木	의지할 거	4	1
擠	제	18	17	木	물리칠 제	2	1
擡	대	18	17	木	들 대	3	0
擢	탁	18	17	木	뽑을 탁	3	1
擣	도	18	17	木	찧을 도	1	1
擥	남,람	19	18	木	攬과 同字	3	1
擦	찰	18	17	木	뿌릴 찰	4	1
擧	거	18	17	木	들 거	3	0
擬	의	18	17	木	의논할 의	3	1
擯	빈	18	17	木	물리칠 빈	0	1
擱	각	18	17	木	놓을 각	1	1
擲	척	19	17	木	던질 척	4	1
擴	확	19	17	木	넓힐 확	4	1
擺	파	19	18	木	열 파	4	0
擻	수	19	18	木		1	1
擾	요	19	18	木	길들일 요	3	1
攀	반	19	19	木	더위잡을 반	3	1
攂	뇌,뢰	19	18	木		0	1
攄	터	19	18	木	펼칠 터	3	0
攇	헌	20	19	木	비길 헌	0	1
攈	군	20	19	木		0	1
攊	력,역	20	19	木		0	1
攎	로	20	19	木		0	1
攏	농,롱	20	19	木	누를 롱	1	1
攓	건	21	20	木		0	1
攔	난,란	21	20	木	막을 란	2	1
攖	영	21	20	木		1	1
攘	양	21	20	木	물리칠 양	3	1
攙	참	21	20	木	찌를 참	1	1
攛	찬	22	21	木		0	1
攜	휴	22	21	木		2	1
攝	섭	22	21	木	몰아 잡을 섭	4	1
攡	리	23	21	木		0	1
攢	찬	23	22	木	모일 찬	1	1
攣	련,연	23	23	木	걸릴 련	3	1
攤	탄	23	22	木	열 탄	1	0
攪	교	24	23	木	어지러울 교	3	1
攫	확	24	23	木	붙잡을 확	3	1
攬	남,람	25	24	木	잡을 람	3	1
支	지	4	4	土	가를 지	4	1
攱	궤,기	9	9	土		0	1
攲	기	12	12	土	기울기 기	0	1
收	수	6	6	金	모을 수	4	1
攷	고	6	6	金	考의 古字	3	1
攸	유	7	7	金	곳 유	3	1
改	개	7	7	金	고칠 개	4	1
攻	공	7	7	金	칠 공	4	1
攽	반	8	8	金	나눌 반	0	1
放	방	8	8	金	놓을 방	4	1
政	정	9	9	金	정사 정	4	0
敃	민	9	9	金		2	1
故	고	9	9	金	옛 고	4	1
效	효	10	10	金	본받을 효	4	1
敉	미	10	10	金	어루만질 미	1	1
敍	서	11	11	金	차례 서	4	0
敎	교	11	11	金	가르침 교	3	1
敏	민	11	11	金	민첩할 민	4	0
敐	진	11	11	金		0	1
救	구	11	11	金	구원할 구	4	1
敒	진	11	11	金		0	1
敔	어	11	11	金	금할 어	1	1
敕	칙	11	11	金	경계할 칙	1	1
敖	오	10	10	金	희롱할 오	3	1
敗	패	11	11	金	헐어질 패	4	1
敘	서	11	11	金		1	1
教	교	11	11	金		2	1
敝	폐	11	11	金	옷 해질 폐	1	1
敞	창	12	12	金	높을 창	3	0
敡	이	12	12	金		0	1
敢	감	11	11	金	감히 감	4	1
散	산	12	12	金	흩을 산	4	1
敤	과	12	12	金		0	1
敦	돈	12	12	金	도타울 돈	3	0
敬	경	12	12	金	공경할 경	4	1
敭	양	13	13	金	오를 양	3	0
敱	애	14	14	金		0	1
敲	고	14	14	金	두드릴 고	4	1
整	정	16	16	金	가지런할 정	4	1
敵	적	15	15	金	대적할 적	4	1
敶	진	14	14	金		0	1
敷	부	15	15	金	펼 부	3	0
數	삭,수	15	15	金	자주 삭	4	1
敾	선	16	16	金	글잘쓸 선	3	0
斁	두	17	17	金	섞을 두	0	1
斂	렴,염	17	17	金	거둘 렴	3	1
斃	폐	17	17	金	죽을 폐	4	1
斄	태	19	19	金		0	1
斅	효	20	20	金	가르칠 효	3	0
文	문	4	4	木	무늬 문	4	0
斌	빈	12	12	木	빛날 빈	3	0
斐	비	12	12	木	오락가락할 비	3	1
斑	반	12	12	木	얼룩 반	4	1
斕	란	21	21	木		1	1
斗	두	4	4	火	말 두	3	1
料	료,요	10	10	火	되질할 료	4	1
斛	곡	11	11	火	휘 곡	3	1
斜	사	11	11	火	비낄 사	4	1
斝	가	12	12	火	옥잔 가	0	1
斟	짐	13	13	火	술 따를 짐	4	1
斡	알	14	14	火	돌릴 알	3	1
斤	근	4	4	金	근 근	4	1
斥	척	5	5	金	물리칠 척	3	1
斦	은	8	8	金		0	1
斧	부	8	8	金	도끼 부	3	1
斫	작	9	9	金	벨 작	3	1
斬	참	11	11	金	벨 참	4	1
斯	사	12	12	金	이 사	3	1
新	신	13	13	金	새 신	4	0
斱	작	12	12	金	쪼갤 작	0	1
斲	착	14	14	金	깎을 착	1	1
斴	린,인	16	16	金		0	1
斷	단	18	18	金	끊을 단	4	1
方	방	4	4	土	모 방	4	0
於	어	8	8	土	방향의 어조사 어	4	1
施	시	9	9	土	베풀 시	3	0
旁	방	10	10	土	두루 방	4	1
旂	기	10	10	土	기 기	1	1
旃	전	10	10	土	기 전	0	1
旄	모	10	10	土	깃대 장식 모	0	1
旅	려,여	10	10	土	군사 려	4	1
旆	패	10	10	土	기 패	0	1
旊	방	10	10	土	옹기장 방	0	1
旋	선	11	11	土	돌 선	4	0
旌	정	11	11	土	장목기 정	3	1
族	족	11	11	土	겨레 족	3	1
旒	류,유	13	13	土	깃발 류	3	1
旗	기	14	14	土	기 기	4	1
无	무	4	4		없을 무	3	1
旣	기	11	11		이미 기	3	1
日	일	4	4	火	날 일	4	1
旦	단	5	5	火	밝을 단	3	0
旨	지	6	6	火	맛있을 지	3	0
早	조	6	6	火	새벽 조	4	0
旬	순	6	6	火	열흘 순	3	1
旭	욱	6	6	火	빛날 욱	3	0
旱	한	7	7	火	가물 한	3	1
旲	대,영	7	7	火	햇빛 대	2	1
旴	우	7	7	火	해 돋을 우	3	0
旵	참	7	7	火		0	1
旹	시	8	8	火		0	1
旺	왕	8	8	火	고울 왕	4	0
旻	민	8	8	火	하늘 민	3	0
旼	민	8	8	火	온화할 민	3	0
旽	돈	8	8	火	늘 돋을 돈	3	1
旿	오	8	8	火	밝을 오	3	0
昀	윤	8	8	火		1	1
昂	앙	8	8	火	밝을	1	0
昃	측	8	8	火		1	1
昄	판	8	8	火		0	1
昆	곤	8	8	火	형 곤	3	1
昇	승	8	8	火	해 돋을 승	3	0
昈	호	8	8	火		0	1
昉	방	8	8	火	마침 방	3	1
昊	호	8	8	火	하늘 호	3	0
昋	계	8	8	火		0	1
昌	창	8	8	火	창성할 창	3	0
昍	헌,훤	8	8	火		0	1
明	명	8	8	火	밝을 명	4	0
昏	혼	8	8	火	어두울 혼	4	1
昐	분	8	8	火	햇빛	3	1
昑	금	8	8	火	밝을 금	3	0
易	역,이	8	8	火	바꿀 역	4	1
昔	석	8	8	火	옛 석	3	0
昕	흔	8	8	火	아침 흔	3	0
昛	거	8	8	火	밝을 거	0	0
昜	양	9	9	火		1	1
昞	병	9	9	火	밝을 병	3	0
星	성	9	9	火	별 성	4	0
映	영	9	9	火	비칠 영	4	0
昡	현	9	9	火	햇빛 현	2	1
昣	진	9	9	火		0	1
昤	령,영	9	9	火	날 빛 영롱할 령	2	0
春	춘	9	9	火	봄 춘	4	0
昧	매	9	9	火	새벽 매	3	0
昨	작	9	9	火	어제 작	4	1
昫	구	9	9	火	해돋아 따뜻할 구	1	1
昭	조,소	9	9	火	소명할 소	3	0
是	시	9	9	火	이 시	4	1
昰	하	9	9	火	是와 同字	3	1
昱	욱	9	9	火	햇빛 밝을 욱	3	0
昴	묘	9	9	火	별자리 이름 묘	3	1
昵	닐,일	9	9	火	가깝게 할 닐	1	1
昶	창	9	9	火	밝을 창	3	0
昷	온	9	9	火	어질 온	0	0
昺	병	9	9	火	昞과 同字	3	1
昻	앙	9	9	火	오를 앙	3	0
晀	조	10	10	火		0	1
晁	조	10	10	火	朝의 古字	3	1
時	시	10	10	火	때 시	4	0
晃	황	10	10	火	밝을 황	3	0
晄	황	10	10	火	晃과 同字	3	1
晈	교	10	10	火	달 밝을 교	0	0
晉	진	10	10	火	進과 同字	3	1
晊	질	10	10	火		0	1
晋	진	10	10	火	晉의 俗字	3	1
晌	상	10	10	火	정오 상	1	1
晎	홍	10	10	火	날 밝으려 할 홍	0	1
晏	안	10	10	火	늦을 안	3	1
晐	해	10	10	火		0	1
晑	향	10	10	火		0	1
晘	한	11	11	火		0	1
晙	준	11	11	火	밝을 준	3	0
晚	만	11	11	火		3	1
晛	현	11	11	火	햇발 현	3	1
晝	주	11	11	火	낮 주	3	1
晞	희	11	11	火	마를 희	3	1
晟	성	10	10	火	밝을 성	3	0
晠	성	10	10	火		0	1
晡	포	11	11	火	신시 포	0	1
晢	절,제	11	11	火	밝을 절	2	0
晤	오	11	11	火	밝을 오	3	0
晥	환	11	11	火	환할 환	3	0
晦	회	11	11	火	그믐 회	3	1
晧	호	11	11	火	밝을 호	3	0
晨	신	11	11	火	샛별 신	4	1
晫	탁	12	12	火	환할 탁	3	0
晬	수	12	12	火	돐 쉬	0	1
晭	주	12	12	火		0	1
普	보	12	12	火	널리 보	4	1
景	경	12	12	火	별 경	4	0
晰	석	12	12	火	밝을 석	1	0
晳	석	12	12	火	밝을 석	3	0
晴	청	12	12	火	갤 청	4	1
晶	정	12	12	火	수정 정	3	1
晷	귀	12	12	火	시각 귀	3	1
晸	정	13	13	火	해돋는모양	3	1
晹	역	12	12	火		2	1
智	지	12	12	火	슬기 지	4	0
晻	암	12	12	火	어두울 암	0	1
晽	림,임	12	12	火		0	1
晾	량,양	12	12	火		1	1
晿	창	12	12	火		0	1
暀	왕	12	12	火		0	1
暄	훤	13	13	火	따뜻할 훤	3	1
暇	가	13	13	火	겨를 가	4	1
暈	운,훈	13	13	火	무리 운	4	1
暉	휘	13	13	火	빛 휘	3	0
暋	민	13	13	火	굳셀 민	2	0
暌	규	13	13	火	해질 규	1	1
暎	영	12	12	火	비칠 영	3	0
暏	도	12	12	火		0	1
暐	위	13	13	火	햇빛 위	3	1
暑	서	12	12	火	더울 서	4	1
暔	남	13	13	火		0	1
暖	난	13	13	火	따뜻할 난	4	1
暗	암	13	13	火	어두울 암	4	1
暘	양	13	13	火	해 돋을 양	3	0
暚	요	14	14	火		0	1
暝	명	14	14	火	어두울 명	3	1
暞	교	14	14	火	밝을 교	0	0
暟	개	14	14	火		0	1
暠	고	14	14	火	흴 고	3	0
暢	창	14	14	火	펼 창	4	0
暣	기	14	14	火	볕기운 기	3	1
暤	호	14	14	火		0	1
暫	잠	15	15	火	잠시 잠	4	1
暬	설	15	15	火	설만할 설	0	1
暮	모	14	14	火	저물 모	4	1
暱	닐,일	14	14	火	칠근할 닐	1	1
暲	장	15	15	火	햇발이 돋아올 장	3	1
暳	혜	15	15	火	잔별	3	1
暴	포,폭	15	15	火	사나울 포	4	1
暵	한	15	15	火	말릴 한	0	1
暶	선	15	15	火		0	1
暸	료,요	16	16	火	밝을 료	1	0
暹	섬	15	15	火	해돋을 섬	3	1
暺	탄	16	16	火		0	1
暻	경	16	16	火	밝을 경	3	0
暽	린	16	16	火		0	1
暾	돈	16	16	火	아침해 돈	3	0
暿	희	16	16	火	웃을 희	0	0
曀	에	16	16	火	음산할 에	0	1
曁	기	16	16	火	및 기	1	1
曄	엽	14	14	火	빛날 엽	3	0
曅	엽	14	14	火	曄과 同字	0	1
曆	력,역	16	16	火	책력 력	4	0
曇	담	16	16	火	날 흐릴 담	3	1
曈	동	16	16	火		0	1
曉	효	16	16	火	새벽 효	3	0
曎	역	17	17	火		0	1
曏	향	15	15	火		0	1
曒	교	17	17	火		0	1
曓	포	17	17	火	급할 포	0	1
曔	경	16	16	火		0	1
曖	애	17	17	火	희미할 애	3	1
曘	유	18	18	火		0	1
曙	서	17	17	火	새벽 서	4	0
曚	몽	17	17	火	어두울 몽	0	1
曛	훈	18	18	火	삭양 빛 훈	0	0
曜	요	18	18	火	해 비칠 요	3	0
曝	폭	19	19	火	햇볕에 말릴 폭	4	1
曞	려,여	18	18	火		0	1
曠	광	18	18	火	밝을 광	3	0
曣	연	20	20	火	더울 연	1	1
曤	확	20	20	火		0	1
曥	려	20	20	火		0	1
曦	희	20	20	火	햇빛 희	3	1
曨	농,롱	20	20	火	어스레할 롱	0	1
曩	낭	21	21	火	접때 낭	1	1
曪	나,라	23	23	火	날 흐릴 라	0	1
曬	쇄	23	23	火		2	1
曮	엄	23	23	火	해 다니는 길 엄	0	0
曯	촉	25	25	火	비칠 촉	0	0
曰	왈	4	4		가로되 왈	3	1
曲	곡	6	6		굽을 곡	4	1
曳	예	6	6		끌 예	3	1
更	갱,경	7	7		다시 갱	4	1
曷	갈	9	9		어찌 갈	3	1
書	서	10	10		쓸 서	3	0
曹	조	11	11		무리 조	3	1
曺	조	10	10	土	성 조	3	0
曼	만	11	11		끌 만	3	1
曾	증	12	12		일찍 증	4	1
替	체	12	12		바꿀 체	4	1
最	최	12	12		가장 최	4	1
會	회	13	13		모일 회	4	1
朄	인	14	14			0	1
朅	걸	14	14		갈 걸	0	1
月	월	4	4	水	달 월	4	0
有	유	6	6	水	있을 유	4	0
朋	붕	8	8	水	벗 붕	4	1
朌	반	8	8	水	구실 반	0	1
服	복	8	8	水	옷 복	4	1
朎	령,영	9	9	水		0	1
朔	삭	10	10	水	초하루 삭	3	1
朕	짐	10	10	水	나 짐	3	1
朗	낭,랑	10	10	水	밝을 낭	4	0
朘	전	11	11	水		0	1
望	망	11	11	水	바랄 망	4	1
朝	조	12	12	水	아침 조	4	0
朞	기	12	12	水	돌 기	3	0
期	기	12	12	水	기약할 기	4	1
朠	영	12	12	水		0	1
朢	망	14	14	水		0	1
朣	동	16	16	水	달 뜰 동	0	0
朦	몽	17	17	水	풍부할 몽	3	1
朧	농,롱	20	20	水	흐릿할 롱	3	1
木	목	4	4	木	나무 목	4	0
未	미	5	5	土	아닐 미	4	1
末	말	5	5	木	끝 말	4	1
本	본	5	5	木	밑 본	4	1
札	찰	5	5	木	패 찰	3	1
朮	출	5	5	木	삽주뿌리 출	3	1
朱	주	6	6	木	붉을 주	3	0
朳	팔	6	6	木		0	1
朴	박	6	6	木	나무껍질 박	3	0
朶	타	6	6	木	나무가지 휘늘어질 타	3	0
朹	구	6	6	木		0	1
机	궤	6	6	木	느티나무 궤	3	0
朽	후	6	6	木	섞을 후	3	1
朾	정	6	6	木		0	1
杅	우	7	7	木		0	1
杆	간	7	7	木	지레 간	3	1
杉	삼	7	7	木	삼나무 삼	3	0
杋	범	7	7	木		2	1
杌	올	7	7	木		0	1
李	리,이	7	7	木	오얏 리	4	0
杏	행	7	7	木	살구 행	3	1
材	재	7	7	木	재목 재	4	1
村	촌	7	7	木	마을 촌	4	0
杓	표	7	7	木	북두자루 표	3	1
杕	체,타	7	7	木		1	1
杖	장	7	7	木	지팡이 장	4	1
杙	익	7	7	木		1	1
杜	두	7	7	木	막을 두	3	0
杝	이	7	7	木		0	1
杞	기	7	7	木	나무 이름 기	3	0
束	속	7	7	木	묶을 속	4	1
杠	강	7	7	木	외나무 다리 강	2	0
来	내,래	7	7	木		1	1
杪	초	8	8	木	끝 초	1	1
杫	지	8	8	木		0	1
杬	완,원	8	8	木	몸 주무를 원	0	1
杭	항	8	8	木	건널 항	3	1
杯	배	8	8	木	잔 배	4	1
杰	걸	8	8	木	傑의 俗字	3	1
東	동	8	8	木	동녘 동	4	1
杲	고,호	8	8	木	밝을 고	1	0
杳	묘	8	8	木	어두울 묘	3	1
杵	저	8	8	木	공이 저	3	1
杶	춘	8	8	木		0	1
杷	파	8	8	木	비파나무 파	3	0
杸	대,수	8	8	木		0	1
杹	화	8	8	木		0	1
杻	뉴,유	8	8	木	옷 부드러울 뉴	3	1
杼	저	8	8	木	북 저	1	1
松	송	8	8	木	소나무 송	4	0
板	판	8	8	木	널조각 판	4	1
枃	진	8	8	木		0	1
枇	비	8	8	木	비파나무 비	3	0
枉	왕	8	8	木	굽을 왕	3	1
枊	앙	8	8	木		0	1
枋	방	8	8	木	다목 방	3	1
枌	분	8	8	木	나무 이름 분	0	0
枍	예	8	8	木		0	1
枎	부	8	8	木		0	1
枏	남	8	8	木	녹나무 남	3	0
析	석	8	8	木	가를 석	3	1
枑	호	8	8	木		0	1
枒	아	8	8	木		1	1
枓	두	8	8	木	두공 두	3	1
枕	침	8	8	木	베개 침	3	1
枖	요	8	8	木		0	1
林	림,임	8	8	木	수풀 림	4	0
枘	예	8	8	木	자루 예	1	1
枙	와	8	8	木	옹이 와	0	1
枚	매	8	8	木	줄기 매	3	1
果	과	8	8	木	실과 과	4	1
枝	지	8	8	木	가지 지	4	1
枡	승	8	8	木		1	1
枯	고	9	9	木	마를 고	4	1
枰	평	9	9	木	장기판 평	3	1
枲	시	9	9	木	수삼 시	0	1
枳	지	9	9	木	탱자나무 지	3	0
架	가	9	9	木	시렁 가	4	1
枷	가	9	9	木	목칼 가	3	1
枸	구	9	9	木	구기자 구	3	1
枹	포	9	9	木		0	1
枻	설,예	9	9	木		0	1
枼	엽	9	9	木		0	1
枾	시	9	9	木	柹의 本字	3	1
柁	타	9	9	木	키 타	1	1
柃	령,영	9	9	木		0	1
柄	병	9	9	木	자루 병	4	1
柅	니,이	9	9	木	얼레자루 니	0	1
柊	종	9	9	木	방망이 종	1	1
柋	대	9	9	木		0	1
柍	앙,영	9	9	木		0	1
柎	부	9	9	木		0	1
柏	백	9	9	木	나무 이름 백	3	0
某	모	9	9	木	아무 모	3	1
柑	감	9	9	木	감귤 감	3	1
柒	칠	9	9	木	漆의 俗字	3	1
染	염	9	9	木	꼭두서니 염	4	1
柔	유	9	9	木	부드러울 유	4	1
柖	소	9	9	木		2	1
柘	자	9	9	木	산뽕나무 자	1	0
柙	합	9	9	木	우리 합	1	1
柚	유	9	9	木	유자 유	3	1
柜	거	8	8	木		1	1
柝	탁	9	9	木	쪼갤 탁	3	1
柞	작	9	9	木	나무이름 작	1	0
柢	저	9	9	木	뿌리 저	1	1
柩	구	9	9	木	관 구	3	1
柬	간	9	9	木	가릴 간	3	1
柯	가	9	9	木	가지 가	3	1
柰	나,내	9	9	木	능금나무 내	3	0
柱	주	9	9	木	기둥 주	4	1
柲	비,필	9	9	木		0	1
柳	류,유	9	9	木	버들 류	4	0
柴	시	10	10	木	섶 시	4	1
柵	책	9	9	木	울짱 책	3	1
柶	사	9	9	木	수저 사	3	1
柹	시	8	8	木	감 시	0	1
査	사	9	9	木	사실할 사	3	1
柾	정	9	9	木	나무결 바를 정	3	0
柿	시	9	9	木	감나무	2	0
栄	영	9	9	木		1	1
栍	생	9	9	木		0	1
栐	영	9	9	木		0	1
栒	순	10	10	木	경쇠걸이 순	3	1
栓	전	10	10	木	말뚝 전	3	1
栖	서	10	10	木	깃들일 서	3	1
栗	률,율	10	10	木	밤나무 률	2	0
栝	괄	10	10	木	노송나무 괄	0	0
栞	간	10	10	木	도표 간	2	1
校	교	10	10	木	학교 교	4	1
栢	백	10	10	木	柏의 俗字	3	1
株	주	10	10	木	그루 주	4	1
栭	이	10	10	木		0	1
栮	이	10	10	木	버섯 이	0	1
栯	욱	10	10	木	산앵두 욱	3	1
栱	공	10	10	木	두공 공	0	1
栲	고	10	10	木	북나무 고	0	0
栴	전	10	10	木	향나무 전	1	0
栵	렬,례	10	10	木		0	1
核	핵	10	10	木	실과 핵	4	1
根	근	10	10	木	뿌리 근	4	1
栻	식	10	10	木	점판 식	2	1
格	격	10	10	木	이를 격	4	1
栽	재	10	10	木	심을 재	4	1
栿	복	10	10	木		0	1
桀	걸	10	10	木	찢을 걸	3	1
桁	항	10	10	木	수갑 항	3	1
桂	계	10	10	木	계수나무 계	4	0
桃	도	10	10	木	복숭아 나무 도	4	0
桄	광	10	10	木	광랑나무 광	2	0
框	광	10	10	木	문테 광	2	1
案	안	10	10	木	책상 안	4	0
桉	안	10	10	木	案과 同字	1	1
桎	질	10	10	木	차꼬 질	3	1
桐	동	10	10	木	오동나무 동	3	0
桑	상	10	10	木	뽕나무 상	4	0
桓	환	10	10	木	푯말 환	3	0
桔	길	10	10	木	도라지 길	3	1
桗	타	10	10	木		0	1
桭	진	11	11	木	평고대 진	3	1
桯	정	11	11	木	서안 정	2	1
桱	경	11	11	木		0	1
桴	부	11	11	木	마룻대 부	1	1
桵	유	11	11	木		0	1
桶	통	11	11	木	엿되들이 통 통	4	1
桷	각	11	11	木	서까래 각	0	1
桸	희	11	11	木		0	1
桹	랑	11	11	木		1	1
桻	봉	11	11	木		0	1
桾	군	11	11	木	고욤나무 군	0	0
桿	간	11	11	木	줄기	3	1
梁	량,양	11	11	木	푸조나무 량	3	0
梂	구	11	11	木		1	1
梃	정	10	10	木	외줄기 정	1	1
梅	매	11	11	木	매화나무 매	3	0
梆	방	10	10	木	목어 방	1	1
梏	곡	11	11	木	쇠고랑 곡	3	1
梓	재	11	11	木	가래나무 재	3	1
梔	치	11	11	木	치자 치	3	1
梗	경	11	11	木	대개 경	3	1
梛	나	10	10	木	나무 이름 나	1	0
條	조	10	10	木	가지 조	4	1
梟	효	11	11	木	올배미 효	3	1
梠	려,여	10	10	木	평고대 려	1	1
梡	관,완	11	11	木	네 발 도마 완	3	1
梢	초	11	11	木	나무 끝 초	4	0
梧	오	11	11	木	머귀나무 오	3	0
梨	리,이	11	11	木	태나무 리	4	0
梭	사	11	11	木	북 사	3	1
梮	국	11	11	木		0	1
梯	제	11	11	木	사다리 제	4	1
械	계	11	11	木	형틀 계	4	1
梱	곤	11	11	木	문지방 곤	3	1
梳	소	11	11	木	얼레빗 소	4	1
梵	범	11	11	木	범어 범	3	1
梶	미	11	11	木	나무 끝 미	3	0
棄	기	12	12	木	버릴 기	4	1
棅	병	12	12	木	柄과 同字	3	1
棆	륜,윤	12	12	木		0	1
棉	면	12	12	木	목화 면	4	1
棊	기	12	12	木	棋와 同字	0	1
棋	기	12	12	木	바둑 기	4	1
棌	채	12	12	木	참나무 채	0	0
棍	곤	12	12	木	몽둥이 곤	4	1
棐	비	12	12	木	도지개 비	0	1
棒	봉	12	12	木	몽둥이 봉	4	1
棕	종	12	12	木	종려나무 종	3	0
棖	정	12	12	木	문설주 정	1	1
棗	조	12	12	木	대추나무 조	3	0
棘	극	12	12	木	가시나무 극	3	0
棚	붕	12	12	木	시렁 붕	4	1
棟	동	12	12	木	용마루 동	3	1
棠	당	12	12	木	아가위 당	3	0
棡	강	12	12	木		0	1
棣	체	12	12	木	산앵두나무 체	1	0
棧	잔	12	12	木	잔교 잔	3	1
棨	계	12	12	木	창 계	3	1
棩	연	13	13	木		0	1
棬	권	12	12	木	휘어만든 나무그릇 권	0	0
森	삼	12	12	木	나무빽빽할 삼	4	0
棲	서	12	12	木	살 서	3	1
棶	래	12	12	木		0	1
棷	수	12	12	木		0	1
棹	도	12	12	木	노 저을 도	3	1
棺	관	12	12	木	널 관	3	1
棻	분	11	11	木		1	1
棼	분	12	12	木	마룻대 분	1	1
棽	림,임,침	12	12	木		0	1
椀	완	12	12	木	주발 완	3	1
椁	곽	12	12	木	관 곽	1	1
椄	접	12	12	木	나무 접붙일 접	1	0
椅	의	12	12	木	가래나무 의	4	1
椆	주	12	12	木		0	1
椇	구	12	12	木		0	1
椈	국	12	12	木		0	1
椋	양	12	12	木	들보 량	1	1
植	식	12	12	木	심을 식	4	1
椎	추	12	12	木	쇠몽둥이 추	3	1
椏	아	12	12	木		1	1
椑	비	12	12	木	술통 비	0	1
椒	초	12	12	木	산초나무 초	3	0
椧	명	12	12	木	홈 통 명	3	1
椰	야	12	12	木	야자나무 야	3	0
椴	단	13	13	木	자작나무 단	1	0
椵	가	13	13	木		0	1
椶	종	13	13	木	棕과 同字	0	1
椹	침	13	13	木	모탕 침	1	1
椺	보	13	13	木		0	1
椽	연	13	13	木	서까래 연	3	1
椿	춘	13	13	木	참죽나무 춘	3	0
楀	우	13	13	木		0	1
楂	사	13	13	木	떼 사	1	1
楅	복	13	13	木		0	1
楈	서	13	13	木		0	1
楊	양	13	13	木	갯버들 양	4	0
楎	휘	13	13	木		0	1
楏	규	13	13	木	호미자루 규	0	1
楑	규	13	13	木		0	1
楓	풍	13	13	木	단풍나무 풍	3	0
楔	설	13	13	木	문설주 설	3	1
楕	타	13	13	木	橢의 略字	3	1
楗	건	12	12	木	문 빗장 건	3	1
楙	무	13	13	木	무성할 무	3	0
楚	초	13	13	木	회초리 초	4	1
楛	호	12	12	木		1	1
楜	호	13	13	木		0	1
楝	련,연	13	13	木	멀구슬나무 련	1	0
楞	능,릉	13	13	木	모 릉	3	1
楟	정	13	13	木		0	1
楠	남	13	13	木	녹나무 남	3	0
楡	유	13	13	木	느름나무 유	3	0
楢	유	13	13	木	부드러운 나무 유	3	0
楣	미	13	13	木	문미 미	3	1
楥	원	13	13	木	떡갈나무 원	0	0
楨	정	13	13	木	담틀 마구리대 정	3	1
楪	접	13	13	木	널평상 접	0	1
楫	즙,집	13	13	木	노 즙	3	1
楬	갈	13	13	木	패를 써서 표시할 갈	1	1
業	업	13	13	木	일 업	4	1
楮	저	12	12	木	닥나무 저	3	0
楯	순	13	13	木	난간 순	3	1
楱	주	13	13	木		0	1
楳	매	13	13	木	梅의 古字	1	1
極	극	12	12	木	가운데 극	4	0
楷	해	13	13	木	해나무 해	4	0
楸	추	13	13	木	가래나무 추	3	1
楹	영	13	13	木	기둥 영	3	1
楻	황	13	13	木		0	1
楿	향	13	13	木		0	1
榎	가	14	14	木	檟와 同字	1	1
榏	익	14	14	木		0	1
榑	부	14	14	木	부상 부	1	1
榔	낭,랑	12	12	木	나무 이름 랑	1	0
榕	용	14	14	木	용나무 용	3	0
榘	구	13	13	木	곡척 구	0	1
榛	진	14	14	木	개암나무 진	3	0
榜	방	14	14	木	매 방	4	1
榟	재	14	14	木		0	1
榣	요	14	14	木		1	1
榤	걸	14	14	木	닭의 홰 걸	0	1
榥	황	14	14	木	책상 황	3	0
榦	간	14	14	木	幹의 本字	2	1
榧	비	14	14	木	비자나무 비	3	0
榬	원	14	14	木		0	1
榭	사	14	14	木	정자 사	1	1
榮	영	14	14	木	영화로울 영	4	0
榯	시	14	14	木		0	1
榰	지	14	14	木	주춧돌 지	0	1
榱	최	14	14	木	서까래 최	0	1
榲	온	14	14	木		0	1
榴	류,유	14	14	木	석류나무 류	3	0
榷	교	14	14	木	외나무 다리 교	1	0
榺	승	14	14	木		0	1
榻	탑	14	14	木	평상 탑	3	1
榼	합	14	14	木	술그릇 합	0	1
榽	혜	14	14	木		0	1
榾	골	13	13	木	등걸 골	0	1
榿	기	14	14	木		0	1
槀	고	14	14	木	마를 고	0	1
槁	고	14	14	木	槀와 同字	3	1
槃	반	14	14	木	쟁반 반	3	1
槇	진	14	14	木		1	1
槊	삭	14	14	木	창 삭	0	1
構	구	14	14	木	집세울 구	4	0
槌	퇴	13	13	木	몽둥이 퇴	3	1
槍	창	14	14	木	창 창	4	1
槎	차	13	13	木	뗏목 차	1	1
槏	겸,염	14	14	木		0	1
槐	괴	13	13	木	홰나무 괴	3	0
槓	공	14	14	木	지렛대 공	1	1
槖	탁	14	14	木		0	1
槢	습	15	15	木		0	1
槥	혜	15	15	木	널 혜	0	1
槦	용	15	15	木	병기 얹는 시렁 용	0	1
槧	참	15	15	木	판 참	0	1
槨	곽	14	14	木	덧널 곽	3	1
槩	개	13	13	木	槪와 同字	0	1
槪	개	15	15	木	평두목 개	3	1
槭	색	15	15	木	나뭇잎 떨어져 앙상할	1	1
槰	봉	14	14	木		0	1
槱	유	15	15	木		0	1
槲	곡	15	15	木	떡갈나무 곡	1	0
槻	규	15	15	木	물푸레나무 규	3	0
槽	조	15	15	木	구유 조	3	1
槾	만	15	15	木		0	1
槿	근	15	15	木	무궁화 근	3	1
樀	적	15	15	木	추녀 적	0	1
樂	낙,락,악,요	15	15	木	즐길 낙	4	1
樅	종	15	15	木	전나무 종	1	0
樊	번	15	15	木	울 번	3	1
樋	통	14	14	木	대 홈 통	1	1
樑	량,양	15	15	木	서늘할 량	3	1
樒	밀	15	15	木	침향 밀	1	1
樓	누,루	15	15	木	다락 누	4	1
樔	소	15	15	木	풀막 소	0	1
樗	저	15	15	木	가죽나무 저	3	0
標	표	15	15	木	표시할 표	4	1
樛	규	15	15	木	나무가지 휘어질 규	0	0
樞	추	15	15	木	밑둥 추	3	1
樟	장	15	15	木	녹나무 장	3	0
樠	만	15	15	木		0	1
模	모	14	14	木	법 모	4	0
樣	상,양	15	15	木	모양 양	4	1
権	권	15	15	木		1	1
樵	초	16	16	木	땔나무 초	3	0
樸	박	16	16	木	통나무 박	4	0
樹	수	16	16	木	나무 수	4	0
樺	화	14	14	木	자작나무 화	3	0
樻	궤	16	16	木	가마테나무 궤	0	0
樽	준	16	16	木	술그릇 준	4	1
橃	벌	16	16	木	떼 벌	0	1
橄	감	15	15	木	감람나무 감	3	0
橅	모,무	16	16	木		0	1
橆	무	16	16	木		0	1
橇	취	16	16	木		1	1
橈	요	16	16	木	노 요	3	1
橉	린,인	16	16	木		0	1
橊	류,유	16	16	木	榴의 本字	0	1
橋	교	16	16	木	다리 교	4	1
橌	한	16	16	木		0	1
橍	윤	16	16	木		0	1
橏	전	16	16	木		0	1
橐	탁	16	16	木	전대 탁	0	1
橒	운	16	16	木	나무 무늬 운	3	0
橓	순	16	16	木	무궁화나무 순	3	0
橘	귤	16	16	木	귤나무 귤	4	0
橙	등	16	16	木	등자나무 등	4	0
橚	숙	17	17	木	길고 꼿꼿할 숙	2	1
橞	혜	16	16	木		0	1
機	기	16	16	木	틀 기	4	1
橠	나	16	16	木		0	1
橡	상	15	15	木	상수리나무 상	3	0
橢	타	15	15	木	둥글길죽할 타	1	0
橤	예	16	16	木		0	1
橦	동	16	16	木	나무이름 동	1	0
橪	연	16	16	木		0	1
橫	횡	16	16	木	가로 횡	4	1
橭	고	16	16	木		0	1
橲	희	16	16	木		2	1
橵	산	16	16	木	산자 산	0	1
橽	달	16	16	木		1	1
橿	강	17	17	木	참죽나무 강	2	0
檀	단	17	17	木	향나무 단	3	0
檃	은	16	16	木		0	1
檄	격	17	17	木	격서 격	3	1
檉	정	17	17	木	능수버들 정	3	1
檍	억	17	17	木	참죽나무 억	3	0
檎	금	16	16	木	능금나무 금	3	0
檐	첨	17	17	木	처마 첨	1	1
檔	당	17	17	木	책상 당	2	0
檗	벽	17	17	木	황벽나무 벽	3	0
檜	회	17	17	木	노송나무 회	3	0
檝	즙	16	16	木	楫과 同字	0	1
檟	가	17	17	木	오동나무 가	0	0
檠	경	16	16	木	도지개 경	2	1
檡	석	17	17	木		0	1
檢	검	17	17	木	교정할 검	4	1
檣	장	17	17	木	돛대 장	3	1
檭	은	18	18	木		0	1
檮	도	18	18	木	그루터기 도	1	1
檯	대	18	18	木		1	1
檳	빈	18	18	木	빈랑나무 빈	3	0
檻	함	18	18	木	우리 함	3	1
檼	은	18	18	木	집 마룻대 은	0	0
檾	경	18	18	木		0	1
檿	염	18	18	木	산뽕나무 염	0	0
櫂	도	18	18	木	상앗대 도	3	1
櫃	궤	18	18	木	상자 궤	4	1
櫓	노,로	19	19	木	큰 방패 노	3	1
櫚	려,여	18	18	木	종려나무 려	3	0
櫛	즐	17	17	木	빗 즐	3	1
櫜	고	19	19	木	활집 고	0	1
櫝	독	19	19	木	함 독	1	1
櫞	연	19	19	木	연나무 연	0	0
櫟	력,역	19	19	木	상수리나무 력	1	0
櫨	노,로	20	20	木		1	1
櫪	력,역	20	20	木	말구유 력	1	1
櫬	친	20	20	木	관 친	1	1
櫯	소	20	20	木		0	1
櫶	헌	20	20	木	나무이름	3	0
櫻	앵	21	21	木	앵두나무 앵	3	0
櫼	첨	21	21	木	쐐기 첨	0	1
欂	박	20	20	木	주두 박	0	1
欃	참	21	21	木	살별 참	0	1
欄	난,란	21	21	木	난간 난	4	1
欅	거	21	21	木		1	1
欇	섭	22	22	木		0	1
權	권	21	21	木	권세 권	4	0
欌	장	21	21	木	장농 장	3	1
欏	라	23	23	木		0	1
欑	찬	23	23	木	모일 찬	0	1
欒	난,란	23	23	木	나무 이름 란	3	0
欖	남,람	25	25	木	감람나무 람	3	0
欗	난,란	24	24	木		1	1
欞	령,영	28	28	木	격자창 령	1	1
欠	흠	4	4	火	하품 흠	4	1
次	차	6	6	火	버금 차	4	1
欣	흔	8	8	火	기뻐할 흔	4	1
欥	율,일	8	8	火		0	1
欦	함	8	8	火		0	1
欩	초	9	9	火		0	1
欬	해	10	10	火	기침할 해	0	1
欯	힐	10	10	火		0	1
欲	욕	11	11	火	욕심낼 욕	3	1
欷	희	11	11	火	흐느낄 희	1	1
欸	애	11	11	火	한숨쉴 애	1	1
欹	의	12	12	火	아름답다할 의	0	0
欺	기	12	12	火	속일 기	4	1
欻	훌	12	12	火	문득 훌	0	1
欽	흠	12	12	火	공경할 흠	4	1
款	관	12	12	火	정성 관	4	0
欿	감	12	12	火	서운할 감	0	1
歃	삽	13	13	火	마실 삽	1	1
歅	인	13	13	火		0	1
歆	흠	13	13	火	받을 흠	3	1
歇	헐	13	13	火	쉴 헐	3	1
歉	겸	14	14	火	흉년들 겸	2	1
歊	효	14	14	火		0	1
歋	이	14	14	火		0	1
歌	가	14	14	火	노래 가	4	0
歎	탄	15	15	火	탄식할 탄	4	1
歐	구	15	15	火	토할 구	4	1
歔	허	15	15	火	한숨 쉴 허	1	1
歖	희	16	16	火		0	1
歙	흡	16	16	火	줄일 흡	1	1
歚	선	16	16	火	고을 선	0	0
歛	감	17	17	火		1	1
歟	여	17	17	火	그런가할 어조사 여	3	1
歠	철	19	19	火	마실 철	0	1
歡	환	21	21	火	기뻐할 환	4	1
止	지	4	4	土	발 지	4	1
正	정	5	5	土	바를 정	4	0
此	차	6	6	土	이 차	4	1
步	보	7	7	土	걸을 보	4	1
武	무	8	8	土	굳셀 무	3	0
歧	기	8	8	土	岐와 同字	1	1
歩	보	8	8	土		1	1
歪	왜	9	9	土	비뚤	3	1
歫	거	8	8	土		0	1
歲	세	13	13	土	해 세	4	0
歵	색	15	15	土		0	1
歷	력,역	16	16	土	지낼 력	3	1
歸	귀	18	18	土	돌아올 귀	3	1
死	사	6	6	水	죽을 사	4	1
歿	몰	8	8	水	죽을 몰	3	1
殀	요	8	8	水	단명할 요	0	1
殂	조	9	9	水	죽을 조	1	1
殃	앙	9	9	水	재앙 앙	3	1
殄	진	9	9	水	끊어질 진	3	1
殆	태	9	9	水	위태할 태	3	1
殉	순	10	10	水	죽은 사람을 따라	3	1
殊	수	10	10	水	죽을 수	3	1
殍	표	11	11	水	굶어 죽을 표	0	1
殑	긍	11	11	水	까무라칠 긍	0	1
殖	식	12	12	水	날 식	3	1
殘	잔	12	12	水	해칠 잔	4	1
殞	운	14	14	水	죽을 운	3	1
殢	체	15	15	水	나른할 체	0	1
殤	상	15	15	水	일찍죽을 상	1	1
殫	탄	16	16	水	다할 탄	1	1
殭	강	17	17	水	죽어 썩지 않을 강	1	1
殮	렴,염	17	17	水	염할 렴	3	1
殯	빈	18	18	水	염할 빈	3	1
殲	섬	21	21	水	다죽일 섬	3	1
殳	수	4	4	金	치다	1	1
段	단	9	9	金	층계 단	4	1
殷	은	10	10	金	많을 은	3	0
殺	살,쇄	10	10	金	죽일 살	4	1
殼	각	12	12	金	껍질 각	4	1
殽	효	12	12	金	섞일 효	0	1
殿	전	13	13	金	대궐 전	4	1
毀	훼	13	13	金		2	1
毁	훼	13	13	金	毀의 俗字	3	1
毄	격	14	14	金	맞부딛는 소리 격	0	1
毅	의	15	15	金	굳셀 의	4	0
毆	구	15	15	金	때릴 구	3	1
毋	무	4	4	土	말 무	3	1
母	모	5	5	土	어미 모	4	1
每	매	7	7	土	매양 매	4	1
毒	독	9	9	土	독 독	4	1
毓	육	14	14	土	기를 육	3	0
比	비	4	4		견줄 비	4	1
毖	비	9	9		삼갈 비	3	0
毗	비	9	9		도울 비	3	0
毘	비	9	9		毗와 同字	3	1
毚	참	17	17		토끼 참	1	1
毛	모	4	4	火	털 모	4	1
毫	호	11	11	火	가는 털 호	3	1
毬	구	11	11	火	제기 구	3	1
毯	담	12	12	火	담자리 담	1	1
毳	취	12	12	火	솜털 취	1	1
毸	시	13	13	火		0	1
氅	창	16	16	火	새털 창	1	1
氈	전	17	17	火	단자리 전	3	1
氏	씨	4	4	火	성 씨	3	1
氐	저	5	5	火	낮을 저	1	1
民	민	5	5	火	백성 민	4	0
氓	맹	8	8	火	백성 맹	3	0
气	기	4	4	水	기운	1	1
氛	분	8	8	水	기운 분	2	1
氣	기	10	10	水	기운 기	4	1
氤	인	10	10	水	기운성할 인	1	0
氳	온	14	14	水	기운 어릴 온	1	1
水	수	4	4	水	물 수	4	0
氶	승	5	5	水		1	1
氷	빙	5	5	水	얼음 빙	3	1
永	영	5	5	水	길 영	4	0
氾	범	6	5	水	넘칠 범	3	1
氿	궤	6	5	水	물가 궤	0	1
汀	정	6	5	水	물가 정	3	1
汁	즙	6	5	水	즙 즙	4	1
求	구	7	7	水	찾을 구	4	1
汃	팔	6	5	水		0	1
汋	작	7	6	水	삶을 작	0	1
汎	범	7	6	水	뜰 범	3	1
汏	대	7	6	水	씻을 대	0	1
汐	석	7	6	水	조수 석	3	1
汒	망	7	6	水	황급할 망	0	1
汓	수	7	6	水		0	1
汔	흘	7	6	水	거의 흘	0	1
汕	산	7	6	水	오구 산	3	1
汗	한	7	6	水	땀 한	4	1
汙	오	7	6	水	汚와 同字	1	1
汚	오	7	6	水	더러울 오	3	1
汛	신	7	6	水	물뿌릴 신	1	1
汜	사	7	6	水	지류 사	1	1
汝	여	7	6	水	물 이름 여	3	0
汞	홍	7	7	水	수은 홍	3	1
江	강	7	6	水	가람 강	3	1
池	지	7	6	水	못 지	4	0
汥	지	8	7	水		0	1
汦	지	8	7	水		0	1
汧	견	8	7	水		0	1
汨	골	8	7	水	골몰할	3	1
汩	골,율	8	7	水		1	1
汪	왕	8	7	水	물 출렁출렁할 왕	4	0
汫	정	8	7	水		1	1
汭	예	8	7	水	물 이름 예	3	0
汰	태	8	7	水	미끄러울 태	3	1
汲	급	8	6	水	길을 급	3	1
汶	문	8	7	水	내 이름 문	3	1
汸	방	8	7	水		0	1
決	결	8	7	水	결단할 결	4	1
汻	오	8	7	水		0	1
汽	기	8	7	水	김 기	4	1
汾	분	8	7	水	클 분	3	0
汿	서	8	7	水		0	1
沀	서	8	8	水		0	1
沁	심	8	7	水	스며들 심	3	1
沂	기	8	7	水	물 이름 기	3	0
沃	옥	8	7	水	기름질 옥	3	1
沄	운	8	7	水	물 콸콸 흐를 운	2	0
沅	원	8	7	水	물 이름 원	3	0
沆	항	8	7	水	큰 물 항	3	0
沇	연,윤	8	7	水	물 졸졸 흐를 연	3	0
沈	심,침	8	7	水	성 심	4	0
沌	돈	8	7	水	기름 덩어리 돈	3	1
沍	호	8	7	水	冱의 譌字	1	1
沐	목	8	7	水	머리감을 목	3	1
沑	뉴,뉵,유	8	7	水		0	1
沒	몰	8	7	水	가라 앉을 몰	4	1
沓	답	8	8	水	거듭 답	3	1
沔	면	8	7	水	물 흐를 면	3	0
沕	물	8	7	水	아득할 물	3	1
沖	충	8	7	水	깊을 충	4	0
沘	비	8	7	水	강 이름 비	1	0
沙	사	8	7	水	모래 사	4	1
沚	지	8	7	水	물가 지	3	1
沛	패	8	7	水	둥둥 뜰 패	3	0
沫	말	9	8	水	거품 말	4	1
沬	매	9	8	水		1	1
沭	술	9	8	水		0	1
沮	저	9	8	水	그칠 저	3	1
沰	탁	9	8	水	떨어뜨릴 탁	0	1
沱	타	9	8	水	물이 갈래질 타	1	1
河	하	9	8	水	물 하	4	0
沴	려,전	9	8	水		0	1
沶	시	9	8	水		0	1
沸	비	9	8	水	끓을 비	4	1
油	유	9	8	水	기름 유	4	1
沺	전	9	8	水		1	1
治	치	9	8	水	다스릴 치	4	0
沼	소	9	8	水	못 소	3	0
沽	고	9	8	水	팔 고	3	1
沾	첨	9	8	水	더할 첨	3	1
沿	연	9	8	水	물 따라 내려갈 연	4	0
況	황	9	8	水	하물며 황	4	1
泂	형	9	8	水	멀 형	3	0
泄	설	9	8	水	샐 설	4	1
泅	수	9	8	水		1	1
泆	일	9	8	水	끊을 일	0	1
泇	가	9	8	水		0	1
泉	천	9	9	水	샘 천	3	0
泊	박	9	8	水	머무를 박	3	1
泌	비,필	9	8	水	샘물 흐르는 모양 비	3	1
泍	분	9	8	水		0	1
泏	굴,출	9	8	水		0	1
泐	늑,륵	9	7	水	돌 갈라질 륵	0	0
泑	유	9	8	水	물빛이 검을 유	0	0
泓	홍	9	8	水	깊을 홍	3	0
泔	감	9	8	水		0	1
法	법	9	8	水	법 법	4	0
泗	사	9	8	水	물 이름 사	3	0
泙	평	9	8	水	물소리 평	2	1
泚	자	10	9	水	맑을 자	0	0
泛	범	9	7	水	뜰 범	3	0
泜	지	9	8	水	강 이름 지	1	0
泝	소	9	8	水	거슬러 올라갈 소	0	1
泟	정	9	8	水		0	1
泠	령,영	9	8	水	깨우칠 령	1	1
泡	포	9	8	水	물거품 포	4	1
波	파	9	8	水	물결 파	4	0
泣	읍	9	8	水	눈물 줄줄 흘릴 읍	3	1
泥	니,이	9	8	水	막힐 니	4	1
泧	월	9	8	水		0	1
注	주	9	8	水	물댈 주	4	1
泩	생	9	8	水		0	1
泫	현	9	8	水	물 깊을 현	3	0
泮	반	9	8	水	학교 반	3	1
泯	민	9	8	水	망할 민	3	1
泰	태	10	10	水	클 태	3	0
泱	앙	9	8	水	끝없을 앙	1	1
泳	영	9	8	水	헤엄칠 영	4	0
泿	은	10	9	水		0	1
洀	주	10	9	水		0	1
洄	회	10	9	水	거슬러 올라 갈 회	1	1
洆	승	10	9	水		0	1
洇	인	10	9	水	湮과 同字	0	1
洈	위	10	9	水		0	1
洊	천	10	9	水	이를 천	0	1
洋	양	10	9	水	큰 바다 양	4	0
洌	렬,열	10	9	水	맑을 렬	3	0
洎	계	10	9	水		1	1
洑	보	10	9	水	보 보	3	1
洒	선,세	10	9	水	씻을 세	1	1
洔	지	10	9	水		0	1
洗	선,세	10	9	水	조촐할 선	4	1
洙	수	10	9	水	물가 수	3	0
洚	홍	10	9	水		1	1
洛	낙,락	10	9	水	강 이름 낙	3	0
洝	안	10	9	水		0	1
洞	동,통	10	9	水	마을 동	4	0
洟	이	10	9	水	콧물 이	0	1
洠	모	10	9	水		0	1
洢	이	10	9	水		0	1
洣	미	10	9	水		1	1
津	진	10	9	水	나루 진	3	1
洧	유	10	9	水	물이름 유	2	1
洨	효	10	9	水		1	1
洩	설	10	9	水	샐 설	4	1
洪	홍	10	9	水	큰물 홍	3	0
洫	혁	10	9	水	넘칠 혁	1	1
洬	속	10	9	水		0	1
洭	광	10	9	水		0	1
洮	도	10	9	水		1	1
洯	결	10	10	水		0	1
洱	이	10	9	水		1	1
洲	주	10	9	水	섬 주	4	0
洳	여	10	9	水		0	1
洵	순	10	9	水	웅덩이물 순	3	1
洶	흉	10	9	水	물살세찰 흉	4	1
洸	광	10	9	水	물 용솟음할 광	3	0
洹	원,환	10	9	水	흐를 원	3	1
洺	명	10	9	水	강 이름 명	1	0
活	활	10	9	水	살 활	4	1
洼	와	10	9	水	물 이름 와	1	0
洽	흡	10	9	水	윤태하게 할 흡	3	1
派	파	10	9	水	물 갈래 파	4	0
流	류,유	10	10	水	흐를 류	4	1
浂	일	10	9	水		0	1
浘	미	11	10	水		0	1
浙	절	11	10	水	쌀 씻을 절	3	1
浚	준	11	10	水	깊을 준	3	0
浜	빈	11	10	水	물가 빈	3	1
浟	유	11	10	水		0	1
浡	발	11	10	水	일어날 발	0	1
浢	두	11	10	水		0	1
浣	완	11	10	水	옷 빨 완	3	1
浤	굉	11	10	水	용솟음할 굉	1	1
浥	읍	11	10	水	젖을 읍	1	1
浦	포	11	10	水	물가 포	3	1
浧	영	11	10	水	잠길 영	0	1
浩	호	11	10	水	클 호	4	0
浪	낭,랑	11	10	水	물결 낭	4	0
浬	리,이	11	10	水	해리 리	3	1
浭	경	11	10	水		0	1
浮	부	11	10	水	뜰 부	4	0
浯	오	11	10	水		1	1
浲	봉	11	10	水		0	1
浴	욕	11	10	水	깨끗이할 욕	3	1
浵	동	11	10	水		0	1
海	해	11	10	水	바다 해	4	0
浸	침	11	10	水	적실 침	4	1
浹	협	11	10	水	사무칠 협	3	1
浻	형	11	10	水		0	1
浽	수	11	10	水		0	1
浿	패	11	10	水	물이름 패	3	1
涀	견	11	10	水		0	1
涂	도	11	10	水	길 도	1	0
涅	녈,열	11	10	水	죽을 녈	3	1
涆	간	11	10	水		0	1
涇	경	11	10	水	통할 경	3	0
消	소	11	10	水	다할 소	4	1
涉	섭	11	10	水	물 건널 섭	3	0
涌	용	11	10	水	물 넘칠 용	3	0
涍	효	11	10	水	성 효	3	1
涎	연	11	9	水	침 연	3	1
涏	정	11	9	水		2	1
涑	속	11	10	水	빨	3	1
涒	군	11	10	水		0	1
涓	연	11	10	水	물방울 떨어질 연	3	1
涔	잠	11	10	水	괸물 잠	1	1
涕	체	11	10	水	눈물 체	3	1
涖	리,이	11	10	水	다다를 리	0	1
涗	세	11	10	水		0	1
涘	사	11	10	水		1	1
涪	부	12	11	水	물거품 부	1	1
涫	관	12	11	水	끓을 관	0	1
涬	행	12	11	水		0	1
涭	수	12	11	水		0	1
涯	애	12	11	水	물가 애	4	1
液	액	12	11	水	즙 액	4	1
涴	완	12	11	水	물 굽이쳐 흐를 완	0	0
涵	함	12	11	水	젖을 함	3	1
涷	동	12	11	水	마룻대 동	1	1
涼	량,양	12	11	水	서늘할 량	4	1
涿	탁	12	11	水	물방울 떨어질 탁	1	1
淀	정	12	11	水	배댈	3	1
淃	권	12	11	水	물돌아 흐를 권	3	1
淄	치	12	11	水	물이름 치	3	1
淅	석	12	11	水	쌀일 석	3	1
淆	효	12	11	水	뒤섞일 효	3	1
淇	기	12	11	水	강 이름 기	3	0
淈	굴	12	11	水	흐릴 굴	0	1
淋	림,임	12	11	水	물뿌릴 림	4	1
淌	창	12	11	水		1	1
淍	주	12	11	水		1	1
淏	호	12	11	水	맑을 호	3	0
淐	창	12	11	水		0	1
淑	숙	12	11	水	맑을 숙	3	0
淒	처	12	11	水	쓸쓸할 처	1	1
淖	뇨,요	12	11	水	진흙 뇨	1	1
淗	국	12	11	水		0	1
淘	도	12	11	水	일 도	4	1
淙	종	12	11	水	물 소리 종	3	0
淚	누,루	12	11	水	눈물 누	4	1
淛	제	12	11	水		0	1
淝	비	12	11	水	강 이름 비	0	0
淞	송	12	11	水	강이름 송	3	1
淠	비	12	11	水	강 이름 비	0	0
淡	담	12	11	水	물모양 담	4	1
淢	역	12	11	水	빨리 흐를 역	0	1
淣	예	12	11	水		0	1
淤	어	12	11	水	앙금 어	1	1
淥	녹,록	12	11	水	밭을 록	1	1
淦	감	12	11	水		1	1
淨	정	12	11	水	맑을 정	4	0
淪	륜,윤	12	11	水	물놀이 륜	3	1
淫	음	12	11	水	방탕할 음	3	1
淬	쉬	12	11	水	칼 담글 쉬	1	0
淮	회	12	11	水	강 이름 회	3	0
淯	육	12	11	水		1	1
深	심	12	11	水	깊을 심	4	0
淳	순	12	11	水	맑을 순	3	0
淵	연	12	12	水	못 연	3	0
淶	내,래	12	11	水	강 이름 래	0	0
混	혼	12	11	水	섞을 혼	4	1
淸	청	12	11	水	맑을 청	3	0
淹	엄	12	11	水	담글 엄	4	0
淺	천	12	11	水	얕을 천	4	1
添	첨	12	11	水	더할 첨	4	1
淼	묘	12	12	水	물 아득할 묘	1	0
清	청	12	11	水		2	1
済	제	12	11	水		1	1
渊	연	12	11	水		1	1
渙	환	13	12	水	흩어질 환	3	1
渚	저	12	11	水	물가 저	3	1
減	감	13	12	水	덜 감	4	1
渝	투	13	12	水	빛 변할 투	1	0
渟	정	13	12	水	물 고일 정	3	0
渠	거	13	11	水	개천 거	4	1
渡	도	13	12	水	건널 도	4	1
渢	범	13	12	水		0	1
渣	사	13	12	水	찌끼 사	3	1
渤	발	13	12	水	바다이름 발	3	0
渥	악	13	12	水	두터울 악	3	0
渦	와	13	11	水	소용돌이 와	3	1
渧	제	13	12	水		0	1
渨	외	13	12	水	더러울 외	0	1
渫	설	13	12	水	칠 설	3	1
測	측	13	12	水	측량할 측	4	1
渭	위	13	12	水	물 이름 위	3	0
渮	가	13	11	水		0	1
渲	선	13	12	水	바림 선	3	1
渳	미	13	12	水		0	1
渴	갈	13	12	水	목마를 갈	4	1
渶	영	13	11	水	물 맑을 영	3	0
渷	연	13	12	水	물 이름 연	0	0
游	유	13	12	水	헤엄칠 유	4	1
渺	묘	13	12	水	아득할 묘	3	1
渻	성	13	12	水		0	1
渼	미	13	12	水	물놀이 미	3	1
渽	재	13	12	水	맑을 재	3	0
渾	혼	13	12	水	흐릴 혼	3	1
湀	규	13	12	水		0	1
湃	배	13	12	水	물결 이는 모양 배	3	0
湄	미	13	12	水	물 가 미	3	0
湅	련,연	13	12	水	누일 련	0	1
湋	위	13	12	水		0	1
湍	단	13	12	水	여울 단	3	1
湎	면	13	12	水	빠질 면	1	1
湑	서	13	12	水	거를 서	0	1
湓	분	13	12	水	용솟음할 분	0	1
湔	전	13	12	水	빨 전	1	1
湕	건	13	11	水		0	1
湖	호	13	12	水	호수 호	4	1
湘	상	13	12	水	강이름 상	3	1
湛	담	13	12	水	즐거울 담	3	0
湜	식	13	12	水	물 맑을 식	3	0
湝	개,해	13	12	水		0	1
湞	정	13	12	水	물이름 정	3	1
湟	황	13	12	水	해자 황	3	1
湡	우	13	12	水		1	1
湣	혼	13	12	水	낚시줄 민	1	1
湤	시	13	12	水		0	1
湦	생	13	12	水		0	1
湧	용	13	12	水	涌의 俗字	4	1
湩	동	13	12	水		1	1
湫	추	13	12	水	늪 추	3	1
湮	인	13	12	水	잠길 인	3	1
湯	탕	13	12	水	물 끓일 탕	4	0
湲	원	13	12	水	물소리 원	3	1
湳	남	13	12	水	강 이름 남	3	0
湵	유	13	12	水		0	1
湸	량,양	13	12	水		0	1
湺	보	13	12	水	보	3	1
溍	진	14	13	水		0	1
溎	계,연	14	13	水		0	1
溏	당	14	13	水	진수렁 당	1	1
源	원	14	13	水	근원 원	4	0
溒	원	14	13	水		0	1
溕	몽	14	13	水		0	1
準	준	14	13	水	수준기 준	4	0
溘	합	14	13	水	문득 합	1	1
溙	태	14	13	水		0	1
溜	류,유	14	13	水	방울져 떨어질 류	4	1
溝	구	14	13	水	개천 구	4	1
溟	명	14	13	水	어두울 명	3	1
溡	시	14	13	水		0	1
溢	일	14	13	水	넘칠 일	3	1
溥	보,부	14	13	水	펼 부	3	0
溦	미	14	13	水		0	1
溧	률,율	14	13	水	강 이름 률	1	0
溨	재	14	13	水		0	1
溪	계	14	13	水	시내 계	4	0
溫	온	14	13	水	따뜻할 온	3	0
溯	소	14	13	水	거슬러 올라갈 소	3	1
溱	진	14	13	水	많을 진	3	0
溲	수	14	12	水	오줌 수	0	1
溳	운	14	13	水		0	1
溵	은	14	13	水	물소리 은	2	1
溶	용	14	13	水	물 질펀히 흐를 용	3	0
溷	혼	14	13	水	어지러울 혼	0	1
溺	닉,익	14	13	水	빠질 닉	3	1
溽	욕	14	13	水	유월 더위 욕	1	1
溿	반	14	13	水		0	1
滂	방	14	13	水	비 퍼부을 방	3	1
滃	옹	14	13	水	구름 피어 오를 옹	0	0
滄	창	14	13	水	찰 창	3	1
滅	멸	14	13	水	멸망할 멸	4	1
滇	신,진	14	13	水		1	1
滈	호	14	13	水	장마 호	0	1
滉	황	14	13	水	물 깊고 넓을 황	3	0
滋	자	13	12	水	불을 자	4	1
滌	척	15	13	水	씻을 척	3	1
滎	형	14	14	水	실개천 형	3	1
滑	골,활	14	12	水	어지러울 골	3	1
滓	재	14	13	水	앙금 재	3	1
滔	도	14	13	水	물 넘칠 도	3	0
滕	등	15	15	水	물 솟을 등	1	0
滬	호	15	14	水	강 이름 호	1	0
滭	필	15	13	水	샘 끓어 솟을 필	0	0
滯	체	15	14	水	막힐 체	3	1
滰	경	15	14	水		0	1
滲	삼	15	14	水	샐	2	1
滴	적	15	14	水	물방울 적	4	1
滵	밀	15	14	水	물 흐르는 모양 밀	0	0
滷	노,로	15	14	水	소금밭 로	1	1
滸	호	15	14	水	물가 호	3	1
滹	호	15	14	水		0	1
滺	유	15	14	水		0	1
滼	범	15	14	水		0	1
滾	곤	15	14	水	흐를 곤	4	1
滿	만	15	14	水	찰 만	4	1
漀	경	15	15	水		0	1
漁	어	15	14	水	물고기 잡을 어	4	1
漂	표	15	14	水	뜰 표	4	0
漄	애	15	14	水	물가 애	0	1
漅	소	15	14	水		0	1
漆	칠	15	14	水	옻나무 칠	4	0
漈	제	15	14	水		0	1
漉	녹,록	15	14	水	거를 록	1	1
漊	루	15	14	水		0	1
漌	근	15	14	水	맑을 근	2	0
漎	총	15	14	水		0	1
漏	누,루	15	14	水	샐 누	4	1
漑	개	15	14	水	물 댈 개	3	0
漓	리,이	14	13	水	스며들 리	1	1
演	연	15	14	水	펼칠 연	4	0
漕	조	15	14	水	배로 실어 나를 조	3	1
漘	순	15	14	水		0	1
漙	단	15	14	水	이슬방울 맺을 단	0	0
漚	구	15	14	水	물거품 구	1	1
漠	막	15	13	水	사막 막	3	1
漢	한	15	14	水	한수 한	4	0
漣	련,연	15	13	水	물놀이 련	3	1
漤	남,람	15	14	水		0	1
漦	시	15	15	水		0	1
漧	건	15	14	水		1	1
漨	봉	15	13	水		0	1
漩	선	15	14	水		1	1
漪	의	15	14	水	물놀이칠 의	1	1
漫	만	15	14	水	질펀할 만	4	1
漬	지	15	14	水	담글 지	3	0
漭	망	15	13	水	넓을 망	0	0
漮	강	15	14	水		0	1
漯	루	15	14	水		1	1
漰	붕	15	14	水		0	1
漱	수	15	14	水	양치질할 수	4	1
漲	창	15	14	水	불을 창	4	1
漳	장	15	14	水	강이름 장	2	1
漴	충	15	14	水		0	1
漵	서	15	14	水		0	1
漸	점	15	14	水	번질 점	4	1
漹	언	15	14	水		0	1
漺	상,창	15	14	水		0	1
漻	료,류	15	14	水		0	1
漼	최	15	14	水	깊을 최	0	0
漾	양	15	14	水	물결 출렁거릴 양	2	0
漿	장	15	15	水	미음 장	4	1
潁	영	15	15	水	물 이름 영	3	0
潎	별	16	14	水		0	1
潏	율	16	15	水	물 흐를 율	0	0
潑	발	16	15	水	뿌릴 발	4	1
潒	상	16	14	水		0	1
潓	혜	16	15	水		0	1
潔	결	16	15	水	맑을 결	4	0
潗	집	16	15	水	샘솟을 집	3	1
潘	반	16	15	水	뜨물 반	3	0
潙	규	16	15	水		0	1
潚	숙	16	16	水	빠를	3	1
潛	잠	16	15	水	잠길 잠	4	1
潜	잠	16	15	水	潛의 俗字	1	1
潝	흡	16	15	水	빨리 흐르는 소리 흡	0	1
潞	노,로	16	16	水	강 이름 로	3	0
潟	석	16	15	水	개펄 석	3	1
潡	돈	16	15	水	큰 물 돈	0	0
潢	황	16	14	水	웅덩이 황	3	1
潣	민	16	15	水		2	1
潤	윤	16	15	水	불을	3	0
潦	노,로,료,요	16	15	水	큰 비 료	1	1
潨	종,총	16	15	水		0	1
潪	지	16	15	水		0	1
潭	담	16	15	水	깊을 담	3	0
潮	조	16	15	水	조수 조	4	1
潯	심	16	15	水	물가 심	1	1
潰	궤	16	15	水	흩어질 궤	3	1
潱	열	16	15	水		0	1
潴	저	16	14	水	瀦와 同字	1	1
潸	산	16	15	水	눈물흐를 산	1	1
潺	잔	16	15	水	물이 줄줄 흐르는	3	1
潼	동	16	15	水	물 이름 동	3	0
潽	보	16	15	水	물이름	3	1
潾	린,인	16	15	水	맑을 린	3	0
澁	삽	16	15	水	떫을 삽	3	1
澂	징	16	15	水	澄과 同字	1	1
澄	징	16	15	水	맑을 징	3	0
澆	요	16	15	水	걸찰 요	2	1
澇	노,로	16	15	水		1	1
澈	철	16	15	水	물 맑을 철	4	0
澉	감	16	14	水		0	1
澋	횡	16	15	水	물이 빙 돌 횡	0	0
澌	시	16	15	水	물 잦을 시	0	0
澍	주	16	15	水	단비 주	3	1
澎	팽	16	15	水	물소리 팽	3	1
澐	운	16	15	水	큰 물결 운	3	0
澒	홍	16	15	水	수은 홍	0	1
澓	복	16	15	水		0	1
澔	호	16	15	水	浩와 同字	3	1
澕	화	16	13	水		0	1
澖	한	16	15	水		0	1
澗	간	16	15	水	산골물 간	3	1
澘	산	16	15	水	潸의 略字	0	1
澞	우	17	16	水		0	1
澟	늠,름	17	16	水	서늘할 름	0	1
澡	조	17	16	水	씻을 조	2	1
澣	한	17	16	水	빨 한	3	1
澤	택	17	16	水	못 택	3	0
澥	해	17	16	水		0	1
澧	례,예	17	16	水	강 이름 례	3	0
澨	서	17	16	水	물가 서	0	1
澪	령,영	17	16	水		1	1
澮	회	17	16	水	봇도랑 회	3	1
澯	찬	17	16	水	맑을 찬	3	0
澱	전	17	16	水	찌끼 전	3	1
澳	오	17	15	水	깊을 오	4	0
澴	환	17	16	水		1	1
澶	전	17	16	水	물이름 전	1	1
澹	담	17	16	水	맑을 담	3	0
澾	달	17	15	水	미끄러울	3	1
激	격	17	16	水	물결 부딪혀 흐를 격	4	0
濁	탁	17	16	水	흐릴 탁	4	1
濂	렴,염	17	16	水	내 이름 렴	3	1
濆	분	17	15	水	뿜을 분	0	1
濇	색	17	16	水	껄끄러울 색	0	1
濈	즙,집	17	15	水		0	1
濉	수	17	16	水		0	1
濊	예	17	16	水	흐릴 예	3	1
濋	초	17	16	水		0	1
濔	니,미,이	18	17	水		0	1
濕	습	18	17	水	젖을 습	3	1
濘	녕,영	18	17	水	진흙 녕	2	1
濚	영	18	17	水	물 돌아나갈 영	3	0
濛	몽	18	16	水	가랑비 올 몽	1	1
濜	신,진	18	17	水		0	1
濞	비	18	17	水	물 소리 비	0	0
濟	제	18	17	水	나루 제	3	0
濠	호	18	17	水	해자 호	3	1
濡	유	18	17	水	적실 유	3	1
濤	도	18	17	水	물결 도	4	0
濥	인	18	17	水		0	1
濦	은	18	17	水		0	1
濩	호	18	16	水	퍼질 호	3	1
濫	남,람	18	17	水	퍼질 남	3	1
濬	준	18	17	水	칠 준	3	0
濮	복	18	17	水	강 이름 복	1	0
濯	탁	18	17	水	씻을 탁	3	1
濰	유	18	17	水		1	1
濱	빈	18	17	水	물가 빈	4	1
濴	영	18	17	水	물 졸졸 흐를 영	0	0
濶	활	18	17	水		1	1
濺	천	19	18	水	흩뿌릴 천	1	1
濼	락,록	19	18	水		0	1
濾	려,여	19	18	水	겨를 려	3	1
瀀	우	19	18	水		0	1
瀁	양	19	17	水	물결 일렁일 양	3	0
瀅	형	19	18	水	맑을 형	3	0
瀆	독	19	18	水	도랑 독	3	1
瀇	왕	19	17	水	아득할 왕	0	1
瀉	사	19	18	水	토할 사	3	1
瀊	반	19	18	水		0	1
瀋	심	19	18	水	즙낼	3	1
瀍	전	19	18	水		0	1
瀏	류,유	19	18	水	맑을 류	3	0
瀑	폭	19	18	水	폭포수 폭	4	1
瀒	색	19	18	水	濇의 俗字	0	1
瀓	징	19	18	水	맑을 징	0	0
瀕	빈	20	19	水	물가 빈	3	1
瀘	노,로	20	19	水	강 이름 로	3	0
瀚	한	20	19	水	넓고 큰 한	3	1
瀛	영	20	19	水	큰 바다 영	3	0
瀜	융	20	19	水	물 깊을 륭	3	0
瀝	력,역	20	19	水	거를 력	3	1
瀞	정	20	17	水	맑을 정	3	0
瀟	소	20	19	水	물 맑을 소	3	0
瀢	유	20	18	水		0	1
瀣	해	20	19	水	찬이슬 해	3	0
瀤	회	20	19	水		0	1
瀦	저	20	18	水	물 괼 저	1	0
瀧	농,롱	20	19	水	적실	3	1
瀨	뇌,뢰	20	19	水	여울 뢰	3	1
瀯	영	21	19	水	물소리 영	3	1
瀰	미	21	20	水	물 넓을 미	1	0
瀱	계	21	20	水		0	1
瀲	렴,염	21	20	水	넘칠 렴	1	1
瀴	영	21	20	水		0	1
瀷	익	21	20	水	강이름 익	3	1
瀸	첨	21	20	水	적실 첨	0	1
瀼	양	21	20	水	이슬 많은 모양 양	0	0
瀾	난,란	21	20	水	물결 란	3	0
灁	연	21	20	水		0	1
灄	섭	22	21	水	흠치르르할 섭	0	1
灆	남,람	22	20	水		0	1
灈	구	22	21	水		0	1
灊	심,첨	22	21	水		0	1
灌	관	22	20	水	물 댈 관	4	0
灐	형	22	21	水	물 이름 형	3	0
灑	쇄	23	22	水	뿌릴 쇄	3	1
灒	찬	23	22	水		1	1
灓	난,란	23	23	水	적실 란	0	1
灕	라,리	23	21	水		1	1
灘	탄	23	22	水	여울 탄	4	1
灛	천	24	23	水		0	1
灝	호	25	24	水	넓을 호	3	0
灞	파	25	24	水	물이름 파	1	1
灠	남,람	25	24	水		1	1
灡	난,란	25	23	水		0	1
灣	만	26	25	水	물굽이 만	4	1
灤	란	27	26	水		1	1
灥	천	27	27	水		1	1
灦	현	27	26	水		0	1
灨	공	28	27	水		0	1
灩	염	32	31	水	물 그득할 염	1	0
灪	울	33	32	水		0	1
火	화	4	4	火	불 화	4	1
灯	정	6	6	火	燈의 略字	1	1
灰	회	6	6	火	재 회	4	1
灱	초,효	6	6	火		0	1
灴	홍	7	7	火		0	1
灸	구	7	7	火	지질 구	3	1
灼	작	7	7	火	사를 작	3	1
災	재	7	7	火	재앙 재	4	1
灾	재	7	7	火	災와 同字	1	1
炁	기	8	8	火	기운 기	0	1
炂	종	8	8	火		0	1
炅	경	8	8	火	빛날 경	3	0
炆	문	8	8	火	따뜻할 문	2	1
炊	취	8	8	火	불 지필 취	3	1
炎	담,염	8	8	火	불꽃 염	4	0
炑	목	8	8	火		0	1
炒	초	8	8	火	볶을 초	4	1
炓	료	8	8	火		0	1
炔	결	8	8	火		1	1
炕	항	8	8	火	마를 항	1	1
炘	흔	8	8	火	화끈거릴 흔	3	1
炙	자,적	8	8	火	고기구을 자	3	1
炚	광	8	8	火	햇빚 뜨거울 광	3	1
炛	광	8	8	火		0	1
炟	달	9	9	火		0	1
炡	정	9	9	火	데칠 정	3	1
炤	소,조	9	9	火	밝을 소	3	0
炦	발,별	9	9	火		0	1
炫	현	9	9	火	밝을 현	3	0
炬	거	8	8	火	횃불 거	3	1
炭	탄	9	9	火	숯 탄	3	1
炮	포	9	9	火	그슬릴 포	2	1
炯	형	9	9	火	빛날 형	3	0
炰	포	9	9	火	그슬 포	0	1
炱	태	9	9	火		0	1
炳	병	9	9	火	밝을 병	3	0
炴	앙	9	9	火		0	1
炵	동	9	9	火		0	1
炷	주	9	9	火	심지 주	3	1
炸	작	9	9	火	터질 작	3	1
点	점	9	9	火	點의 略字	3	1
烆	행	10	10	火		0	1
烈	렬,열	10	10	火	세찰 렬	4	1
烊	양	10	10	火	구울 양	1	1
烋	효,휴	10	10	火	경사로울 휴	3	1
烍	선	10	10	火		0	1
烏	오	10	10	火	까마귀 오	4	1
烑	요	10	10	火		0	1
烓	계	10	10	火	화덕 계	2	1
烔	동	10	10	火		1	1
烘	홍	10	10	火	횃불 홍	4	1
烙	낙,락	10	10	火	지질 낙	3	1
烜	훤	10	10	火	마를 훤	1	1
烝	증	10	10	火	김 오를 증	3	0
烟	연	10	10	火	煙과 同字	4	1
烯	희	11	11	火		1	1
烰	부	11	11	火		0	1
烱	경	11	11	火	빛날 경	3	0
烲	철	11	11	火		0	1
烳	보	11	11	火		0	1
烴	경	11	11	火		1	1
烹	팽	11	11	火	삶을 팽	3	1
烺	낭,랑	11	11	火		1	1
烽	봉	11	11	火	봉화 봉	3	1
焃	혁	11	11	火		0	1
焄	훈	11	11	火	연기에 그을릴 훈	3	1
焆	결	11	11	火		0	1
焇	소	11	11	火		0	1
焉	언	11	11	火	어찌 언	3	1
焌	준	11	11	火	굽을 준	3	1
焙	배	12	12	火	불에 쬘 배	3	1
焚	분	12	12	火	불사를 분	3	1
焛	린,인	12	12	火		0	1
焜	혼	12	12	火	빛날 혼	1	0
焞	돈,순	12	12	火	귀갑 지지는 불 돈	3	1
焠	쉬	12	12	火	물들일 쉬	1	1
無	무	12	12	火	없을 무	4	1
焦	초	12	12	火	그슬릴 초	4	1
焭	경	12	12	火	근싱할 경	0	1
焮	흔	12	12	火	불사를 흔	0	1
焯	작	12	12	火	밝을 작	1	0
焰	염	12	12	火	불당길	4	1
焱	혁	12	12	火		1	1
焵	강	12	12	火		0	1
然	연	12	12	火	불사를 연	4	1
煂	혁	13	13	火		0	1
煃	규	13	13	火		1	1
煄	종	13	13	火		0	1
煆	하	13	13	火	불사를 하	1	1
煇	훈,휘	13	13	火	빛날 휘	3	0
煉	련,연	13	13	火	불릴 련	3	1
煊	훤	13	13	火	따뜻할 훤	3	1
煋	성	13	13	火		0	1
煌	황	13	13	火	빛날 황	3	0
煎	전	13	13	火	달일 전	3	1
煐	영	12	12	火	빛날 영	3	0
煒	위,휘	13	13	火	벌그레할 위	1	1
煓	단	13	13	火		0	1
煔	섬,첨	13	13	火		0	1
煕	희	14	14	火		1	1
煖	난	13	13	火	따뜻할 난	3	1
煙	연	13	13	火	연기 연	4	1
煜	욱	13	13	火	비칠 욱	3	0
煝	미	13	13	火		0	1
煞	살	13	13	火	죽일 살	3	1
煟	위	13	13	火		0	1
煢	경	13	13	火	외로울 경	0	1
煣	유	13	13	火		0	1
煤	매	13	13	火	그을음 매	3	1
煥	환	13	13	火	불꽃 환	3	0
煦	후	13	13	火	따뜻하게 할 후	3	1
照	조	13	13	火	비출 조	3	1
煨	외	13	13	火	불에 묻어 구울 외	1	1
煩	번	13	13	火	괴로워할 번	3	1
煬	양	13	13	火	구울 양	3	1
煮	자	12	12	火	삶을 자	4	1
煹	구	14	14	火		0	1
煽	선	14	14	火	부칠 선	3	1
熀	엽,황	14	14	火	불빛 이글이글할 녑	2	0
熂	희	14	14	火		0	1
熄	식	14	14	火	불 꺼질 식	4	1
熅	온	14	14	火		0	1
熇	혹,효	14	14	火	불김 효	0	1
熈	희	14	14	火		1	1
熉	운	14	14	火	누른 빛 운	3	0
熊	웅	14	14	火	곰 웅	4	1
熏	훈	14	14	火	연기 낄 훈	3	1
熐	명	14	14	火		0	1
熒	형	14	14	火	등불 형	3	1
熔	용	14	14	火	鎔의 俗字	3	1
熙	희	14	14	火	빛날 희	3	0
熚	필	14	14	火		0	1
熛	표	15	15	火	불똥 튈 표	0	1
熟	숙	15	15	火	익힐 숙	4	1
熠	습	15	15	火	환할 습	1	0
熡	누,루	15	15	火		0	1
熢	봉	14	14	火	연기 자욱할 봉	3	1
熤	익	15	15	火	빛날 익	0	0
熨	위	15	15	火	다리미 위	2	1
熩	호	15	15	火		0	1
熬	오	14	14	火	볶을 오	3	1
熯	한	15	15	火		0	1
熱	열	15	15	火	뜨거울 열	4	1
熲	경	15	15	火	빛날 경	2	0
熹	희	16	16	火	성할 희	3	0
熺	희	16	16	火	熹와 同字	3	1
熾	치	16	16	火	불 활활 붙을 치	3	1
熿	황	15	15	火		0	1
燀	단,천	16	16	火		0	1
燁	엽	14	14	火	불 이글글할 엽	3	0
燃	연	16	16	火	불사를 연	4	1
燆	교	16	16	火		0	1
燈	등	16	16	火	등잔 등	4	1
燉	돈	16	16	火	불 성할 돈	3	0
燊	신	16	16	火		1	1
燋	초	16	16	火	홰 초	0	1
燎	료,요	16	16	火	화톳불 료	3	1
燏	율	16	16	火		0	1
燐	린,인	16	16	火	도깨비불 린	3	1
燒	소	16	16	火	불 붙을 소	4	1
燔	번	16	16	火	구울 번	3	1
燕	연	16	16	火	제비 연	4	1
燖	심	16	16	火	삶을 심	0	1
燙	탕	16	16	火	씻을 탕	1	1
燛	경	16	16	火		0	1
營	영	16	16	火	지을 영	4	1
燠	오,우,욱	16	16	火	더울 욱	1	1
燥	조	17	17	火	마를 조	4	1
燦	찬	17	17	火	빛날 찬	4	0
燧	수	16	16	火	봉화 수	3	1
燬	훼	17	17	火	불 훼	2	1
燭	촉	17	17	火	爥의 俗字	4	1
燮	섭	17	17	火	불에 익힐 섭	3	1
燸	유	18	18	火		1	1
燹	희	18	18	火		1	1
燻	훈	18	18	火	연기 낄 훈	3	1
燼	신	18	18	火	깜부기불 신	3	1
燽	주	18	18	火		0	1
燾	도	18	18	火	비칠 도	3	0
燿	요	18	18	火	비칠 요	3	0
爀	혁	18	18	火	불빛 혁	3	1
爁	남,람	18	18	火		0	1
爆	폭	19	19	火	불터질 폭	4	1
爇	설	18	18	火	불사를 설	0	1
爌	광	18	18	火	불 빛 환할 광	1	0
爍	삭	19	19	火	빛날 삭	1	0
爐	노,로	20	20	火	화로 노	4	1
爔	희	20	20	火	불 희	2	1
爗	엽	18	18	火	불 이글글할 엽	0	0
爚	약	21	21	火	스러질 약	0	1
爛	난,란	21	21	火	문드러질 난	4	1
爟	관	21	21	火	봉화 관	0	1
爣	당	24	24	火		0	1
爥	촉	25	25	火	비칠 촉	0	0
爨	찬	30	30	火	불땔 찬	1	1
爪	조	4	4	木	손톱 조	4	1
爬	파	8	8	木	긁을 파	4	1
爭	쟁	8	8	木	다툴 쟁	4	1
爰	원	9	9	木	당길 원	3	1
爲	위	12	12	木	할 위	4	1
爵	작	17	17	木	벼슬 작	3	0
父	부	4	4	木	아비 부	4	1
爸	파	8	8	木	아비 파	2	1
爹	다	10	10	木	아비 다	1	1
爺	야	12	12	木	아비 야	4	1
爻	효	4	4		효 효	3	1
爽	상	11	11		시원할 상	4	1
爾	이	14	14		너 이	3	1
牀	상	8	8	木	평상 상	4	1
牁	가	9	9	木		0	1
牂	장	10	10	木	암양 장	0	1
牆	장	17	17	木	담 장	4	1
片	편	4	4	木	조각 편	4	1
版	판	8	8	木	조각 판	4	1
牋	전	12	12	木	글 전	0	0
牌	패	12	12	木	방 붙일 패	4	1
牒	첩	13	13	木	글씨판 첩	3	0
牓	방	14	14	木	패 방	0	1
牔	박	14	14	木	박공 박	0	1
牖	유	15	15	木	엇살창 유	1	1
牘	독	19	19	木	편지 독	3	1
牙	아	4	4		어금니 아	4	1
牚	탱	12	12			0	1
牛	우	4	4	土	소 우	4	1
牝	빈	6	6	土	암컷 빈	3	1
牟	모	6	6	土	소 우는 소리 모	3	0
牡	모	7	7	土	수컷 모	3	1
牢	뇌,뢰	7	7	土	가축우리 뇌	4	1
牣	인	7	7	土		0	1
牧	목	8	8	土	칠 목	4	1
物	물	8	8	土	만물 물	4	1
牯	고	9	9	土	암소 고	1	1
牲	생	9	9	土	희생 생	4	1
牴	저	9	9	土	찌를 저	1	1
牸	자	10	10	土	암컷 자	0	1
特	특	10	10	土	우뚝할 특	4	1
牽	견	11	11	土	당길 견	4	1
牾	오	11	11	土		1	1
犀	서	12	12	土	무소 서	3	1
犁	리,이	11	11	土	얼룩소 리	3	1
犂	리,이	12	12	土		1	1
犇	분	12	12	土	달아날 분	1	1
犍	건	12	12	土	불친 소 건	0	1
犒	호	14	14	土	호궤할 호	1	1
犖	낙,락	14	14	土	얼룩소 락	1	1
犢	독	19	19	土	송아지 독	3	1
犧	희	20	20	土	희생 희	4	1
犬	견	4	4	土	큰 개 견	3	1
犯	범	6	5	土	범할 범	4	1
犳	작	7	6	土	아롱 짐승 작	0	1
犴	안	7	6	土	들개 안	0	1
犵	힐	7	6	土	오랑캐이름 힐	0	1
狀	상,장	8	8	土	형상 상	4	1
狂	광	8	7	土	미질 광	3	1
狄	적	8	7	土	북방 오랑캐 적	3	1
狉	비	9	8	土	삵의 새끼 비	0	1
狎	압	9	8	土	친근할 압	3	1
狐	호	9	8	土	여우 호	4	1
狒	비	9	8	土	비비 비	1	1
狗	구	9	8	土	개 구	4	1
狙	저	9	8	土	원숭이 저	3	1
狡	교	10	9	土	교활할 교	4	1
狢	학	10	9	土	오소리 학	1	1
狨	융	10	9	土	원숭이 융	0	1
狩	수	10	9	土	겨울사냥 수	3	1
狴	폐	11	10	土	짐승이름 폐	0	1
狷	견	11	10	土	고집스러울 견	1	1
狸	리,이	11	10	土	貍와 同字	4	1
狹	협	11	10	土	좁을 협	4	1
狺	은	11	10	土	뭇 개 짖는 소리 은	0	1
狻	산	11	10	土	사자 산	0	1
狼	낭,랑	11	10	土	이리 낭	4	1
狽	패	11	10	土	이리 패	3	1
猉	기	12	11	土		0	1
猊	예	12	11	土	사자 예	3	1
猒	염	12	12	土		0	1
猓	과	12	11	土	긴 꼬리 원숭이 과	1	1
猖	창	12	11	土	미쳐 날뛸 창	3	1
猗	아,의	12	11	土	불 깐 개 의	0	1
猘	제	12	11	土	미친개 제	0	1
猙	쟁	12	11	土	밉살스럴 쟁	1	1
猛	맹	12	11	土	사나울 맹	4	1
猜	시	12	11	土	의심낼 시	4	1
猝	졸	12	11	土	갑자기 졸	3	1
猢	호	13	12	土	원숭이 호	1	1
猥	외	13	12	土	더러울 외	3	1
猧	와	13	11	土	와개 와	0	1
猨	원	13	12	土	猿과 同字	0	1
猩	성	13	12	土	성성이 성	3	1
猪	저	12	11	土	豬의 俗字	3	1
猫	묘	13	11	土	고양이 묘	3	1
猴	후	13	12	土	원숭이 후	2	1
猶	유	13	12	土	어미 원숭이 유	3	1
猷	유	13	13	土	꾀 유	3	1
猾	활	14	12	土	교활할 활	4	1
猿	원	14	13	土	원숭이 원	3	1
獃	애	14	14	土	어리석을 애	1	1
獄	옥	15	14	土	감옥 옥	4	1
獅	사	14	13	土	사자 사	4	1
獎	장	15	15	土	권면할	3	1
獐	장	15	14	土	노루 장	3	1
獒	오	15	14	土	사나운 개 오	3	1
獗	궐	16	15	土	도둑 일어날 궐	3	1
獘	폐	16	15	土	곤할 폐	0	1
獜	린,인	16	15	土	튼튼할 린	0	1
獠	료,요	16	15	土	밤사냥 료	1	1
獨	독	17	16	土	홀로 독	4	1
獩	예	17	16	土	민족이름 예	0	1
獪	회	17	16	土	교활할 회	3	1
獫	험	17	16	土	험윤 오랑캐 험	0	1
獬	해	17	16	土	신통한 양 해	0	1
獯	훈	18	17	土	오랑캐 이름 훈	0	1
獰	녕,영	18	17	土	영악할	3	1
獲	획	18	16	土	얻을 획	4	1
獵	렵,엽	19	18	土	사냥 렵	4	1
獷	광	19	17	土	사나울 광	1	1
獸	수	19	19	土	짐승 수	4	1
獺	달	20	19	土	수달 달	3	1
獻	헌	20	20	土	바칠 헌	4	1
獼	미	21	20	土	원숭이 미	1	1
玁	험	24	22	土	獫과 同字	0	1
玄	현	5	5	水	검을 현	3	0
玆	자	10	10	水	이 자	3	1
率	률,솔,율	11	11	水	헤아릴 률	4	1
玈	노,로	11	11	水	검을 로	0	0
玉	옥	5	5	金	구슬 옥	4	0
王	왕	4	4	金	임금 왕	4	0
玎	정	7	6	金	옥소리 정	3	1
玏	륵	7	6	金		0	1
玒	강	8	7	金		0	1
玓	적	8	7	金		0	1
玔	천	8	7	金	옥고리 천	3	1
玕	간	8	7	金	옥돌 간	2	1
玖	구	8	7	金	옥 다음가는 돌 구	3	0
玗	우	8	7	金	옥돌 우	3	1
玘	기	8	7	金	패옥 기	3	1
玞	부	9	8	金	옥돌 부	0	1
玟	민	9	8	金	옥돌 민	3	0
玠	개	9	8	金	큰 서옥 개	1	1
玡	아	9	8	金		0	1
玢	분	9	8	金		1	1
玤	방	9	8	金		0	1
玦	결	9	8	金	옥패 결	1	1
玧	문,윤	9	8	金	귀막이 구슬 윤	3	0
玩	완	9	8	金	희롱할 완	4	1
玪	감,림,임	9	8	金		0	1
玫	매	9	8	金	매괴 매	2	1
玭	빈	9	8	金	구슬 이름 빈	3	0
环	배	9	8	金		1	1
玲	령,영	10	9	金	옥이름 령	3	1
玳	대	10	9	金	대모 대	3	1
玴	예	10	9	金		0	1
玷	점	10	9	金	옥의 티 점	1	1
玸	부	10	9	金		0	1
玹	현	10	9	金	옥돌	3	1
玻	파	10	9	金	파려옥 파	2	1
玼	체	10	10	金		0	1
玽	구	10	9	金		0	1
玿	소	10	9	金		2	1
珀	박,백	10	9	金	호박 박	3	1
珂	가	10	9	金	옥 이름 가	3	0
珆	이,태	10	9	金		0	1
珇	조	10	9	金		0	1
珈	가	10	9	金	머리꾸미개 가	1	1
珉	민	10	9	金	아름다운돌 민	3	0
珌	필	10	9	金	칼 장식 옥 필	3	0
珍	진	10	9	金	보배 진	4	0
珎	진	10	9	金		1	1
珏	각	10	9	金	쌍옥 각	3	1
珒	진	11	10	金	옥 이름 진	0	0
珓	교	11	10	金		0	1
珕	려	11	10	金		0	1
珖	광	11	10	金	옥피리 광	3	1
珗	선	11	10	金		2	1
珘	주	11	10	金		0	1
珙	공,홍	11	10	金	큰 옥 공	3	0
珚	연	11	10	金		0	1
珝	후	11	10	金	옥 이름 후	3	0
珞	낙,락	11	10	金	구슬 목걸이 낙	3	0
珠	주	11	10	金	구슬 주	4	0
珢	은	11	10	金	옥돌 은	2	1
珣	순	11	10	金	옥그릇 순	3	1
珤	보	11	10	金	寶의 古字	3	1
珥	이	11	10	金	귀막이 옥 이	3	0
珦	향	11	10	金	옥이름	3	1
珧	요	11	10	金		0	1
珩	형	11	10	金	노리개 형	3	1
珪	규	11	10	金	圭와 同字	3	1
珫	충	11	10	金		2	1
珬	술	11	10	金		0	1
班	반	11	10	金	나눌 반	4	0
珮	패	11	10	金	노리개 패	1	1
珴	아	12	11	金		0	1
珵	정	12	11	金	노리개 정	2	1
珷	무	13	12	金	옥돌 무	3	1
珸	오	12	11	金		2	1
珹	성	12	10	金	옥이름	3	1
珺	군	12	11	金		1	1
珽	정	12	10	金	옥 이름 정	3	0
現	현	12	11	金	나타날 현	4	1
琁	선	12	11	金	옥 선	2	1
球	구	12	11	金	옥경쇠 구	4	1
琄	현	12	11	金		1	1
琅	낭,랑	12	11	金	옥 이름 랑	3	0
理	리,이	12	11	金	다스릴 리	4	0
琇	수	12	11	金	귀막이 수	3	1
琈	부	12	11	金		0	1
琉	류,유	11	11	金	유리 류	3	1
琊	야	12	10	金		1	1
琋	희	12	11	金		0	1
琑	소	12	11	金		0	1
琓	완	12	11	金	구슬	3	0
琗	채	13	12	金		0	1
琘	민	13	12	金		0	1
琛	침	13	12	金	보배 침	3	0
琝	민	13	12	金		0	1
琟	유	13	12	金		2	1
琠	전	13	12	金	옥이름	3	1
琡	숙	13	12	金	옥이름	3	1
琢	탁	13	12	金	옥 쪼을 탁	3	0
琤	쟁	13	10	金	옥소리 쟁	1	1
琥	호	13	12	金	호박 호	3	1
琦	기	13	12	金	옥 이름 기	3	0
琨	곤	13	12	金	옥돌 곤	3	1
琩	창	13	12	金		0	1
琪	기	13	12	金	옥 기	3	1
琫	봉	13	12	金	칼집 장식 봉	3	1
琬	완	13	12	金	보석 완	3	1
琭	록	13	12	金		1	1
琮	종	13	12	金	옥홀 종	3	1
琯	관	13	12	金	옥피리 관	3	1
琰	염	13	12	金	아름다운 옥 염	3	0
琱	조	13	12	金		0	1
琲	배	13	12	金	구슬 꿰미 배	1	0
琳	림,임	13	12	金	아름다운 옥 림	3	0
琴	금	13	12	金	거문고 금	4	0
琵	비	13	12	金	비파 비	3	1
琶	파	13	12	金	비파 파	3	1
琸	탁	13	12	金	사람이름 탁	3	1
琺	법	13	12	金	법랑 법	3	1
琿	혼	14	13	金	아름다운옥	3	0
瑀	우	14	13	金	옥돌 우	3	1
瑁	모	14	13	金	서옥 모	3	1
瑂	미	14	13	金		0	1
瑃	춘	14	13	金	옥이름	3	1
瑄	선	14	13	金	도리옥 선	3	0
瑅	제	14	13	金	제당 제	2	1
瑆	성	14	13	金		2	1
瑈	유	14	13	金		0	1
瑉	민	14	13	金		0	1
瑊	감,함	14	13	金		0	1
瑋	위	14	13	金	위옥 위	3	1
瑌	연	14	13	金		2	1
瑍	환	14	13	金		0	1
瑎	해	14	13	金		0	1
瑒	창,탕	14	13	金		0	1
瑔	전	14	13	金		0	1
瑕	하	14	13	金	티 하	3	1
瑖	단	14	13	金		0	1
瑗	원	14	13	金	도리옥 원	3	0
瑚	호	14	13	金	산호 호	3	1
瑛	영	14	12	金	옥빛 영	3	1
瑜	유	14	13	金	아름다운 옥 유	3	0
瑝	황	14	13	金	옥 소리 황	0	0
瑞	서	14	13	金	상서 서	3	0
瑟	슬	14	13	金	비파 슬	3	1
瑠	류,유	15	14	金	琉와 同字	3	1
瑢	용	15	14	金	패옥소리 용	3	1
瑣	쇄	15	14	金	옥가루 쇄	1	1
瑤	요	15	14	金	아름다운 옥 요	3	0
瑥	온	15	13	金	사람이름 온	3	1
瑨	진	15	14	金	아름다운 돌 진	3	0
瑩	영,형	15	15	金	귀막이 옥 영	3	0
瑪	마	15	14	金	마노 마	3	1
瑫	도	15	14	金		0	1
瑬	류	15	15	金		0	1
瑭	당	15	14	金	옥이름 당	1	1
瑮	률,율	15	14	金		0	1
瑯	낭,랑	15	12	金	고을 이름 랑	3	0
瑰	괴	15	13	金	슬이름 괴	2	1
瑱	진	15	14	金	귀막이옥 전	2	1
瑲	창	15	14	金	옥 소리 창	1	0
瑳	차	15	13	金	깨끗할 차	2	0
瑽	종	16	15	金	패옥소리 종	2	1
瑾	근	16	15	金	붉은옥 근	3	1
璀	최	16	15	金	옥빛 찬란할 최	1	0
璂	기	16	15	金	피변 꾸미개 기	3	1
璃	리,이	16	14	金	유리 리	4	1
璄	경	16	15	金		0	1
璅	소	16	15	金		0	1
璆	구	16	15	金	옥경쇠 구	1	1
璇	선	16	15	金	아름다운옥 선	3	0
璉	련,연	16	14	金	호련 련	3	1
璊	문	16	15	金	붉은 옥 문	1	0
璋	장	16	15	金	끝의 반을 깎아	3	1
璌	인	16	15	金		0	1
璐	로	17	17	金		1	1
璑	무	17	16	金		0	1
璒	등	17	16	金		0	1
璘	린,인	17	16	金	옥빛 린	3	1
璚	경	17	16	金		0	1
璜	황	17	15	金	서옥 황	3	1
璝	괴	17	16	金	옥돌 괴	0	1
璞	박	17	16	金	옥덩어리 박	3	1
璟	경	17	16	金	옥 빛 경	3	0
璠	번	17	16	金		1	1
璡	진	17	15	金	옥돌 진	3	1
璣	기	17	16	金	구슬 기	3	0
璥	경	18	16	金	경옥 경	3	1
璦	애	18	17	金		1	1
璧	벽	18	18	金	동근 옥 벽	3	0
璨	찬	18	17	金	빛날 찬	3	0
璪	조	18	17	金	면루관 드림 옥 조	3	0
璫	당	18	17	金	귀고리 당	0	1
璭	곤	18	16	金		0	1
環	환	18	17	金	고리 환	4	1
璱	슬	18	17	金		2	1
璲	수	18	16	金	서옥 수	3	1
璵	여	19	17	金	보배옥 여	3	0
璶	신	19	18	金		0	1
璸	빈	19	18	金		2	1
璹	숙	19	18	金	옥그릇	3	1
璼	남,람	19	18	金		0	1
璽	새	19	19	金	도장 새	3	1
璿	선	19	18	金	아름다운옥 선	3	0
瓀	연	19	18	金		0	1
瓆	질	20	19	金	사람 이름 질	3	1
瓊	경	20	18	金	옥 경	3	1
瓍	수	21	18	金		0	1
瓏	농,롱	21	20	金	환할	3	0
瓐	노,로	21	20	金		0	1
瓓	난,란	22	21	金		2	1
瓔	영	22	21	金	옥돌 영	3	1
瓘	관	23	21	金	옥 이름 관	3	0
瓚	찬	24	23	金	제기 찬	3	1
瓛	환	25	24	金	옥홀 환	0	1
瓜	과	5	5	木	오이 과	4	1
瓠	호	11	11	木	표주박 호	3	1
瓢	표	16	16	木	표주박 표	3	1
瓣	판	19	19	木	외씨 판	3	1
瓦	와	4	4	土	질그릇 와	4	1
瓮	옹	8	8	土	항아리 옹	3	1
瓳	호	9	9	土		0	1
瓷	자	10	10	土	오지그릇 자	3	1
甁	병	12	12	土	병 병	3	1
甃	추	13	13	土	우물 벽돌 추	0	1
甄	견	13	13	土	질그릇 견	3	1
甌	구	15	15	土	사발 구	1	1
甍	맹	14	14	土		1	1
甎	전	15	15	土	벽돌 전	0	1
甑	증	16	16	土	시루 증	3	1
甓	벽	17	17	土	벽돌 벽	0	1
甕	옹	17	17	土	항아리 옹	3	1
甘	감	5	5	土	달 감	3	0
甚	심	9	9	土	심할 심	4	1
甛	첨	11	11	土	달 첨	3	0
甜	첨	11	11	土		2	1
甞	상	13	13	土	맛볼 상	0	1
生	생	5	5	木	날 생	4	1
甡	신	10	10	木		1	1
產	산	11	11	木		2	1
産	산	11	11	木	낳을 산	3	1
甤	유	12	12	木		0	1
甥	생	12	12	木	생질 생	4	1
甦	소	12	12	木	깨어날 소	3	1
用	용	5	5	水	쓸 용	4	1
甪	록	6	6	水		0	1
甫	보	7	7	水	클 보	3	0
甬	용	7	7	水	물 솟아 오를 용	3	0
甯	녕,영	12	12	水		1	1
田	전	5	5	土	밭 전	4	0
由	유	5	5	土	말미암을 유	4	1
甲	갑	5	5	木	갑옷 갑	4	1
申	신	5	5	金	펼 신	4	0
男	남	7	7	土	사내 남	4	1
甸	전	7	7	土	경기 전	3	1
町	정	7	7	土	밭 두덕 정	3	1
画	획	8	8	土		1	1
甿	맹	8	8	土		0	1
畃	순	8	8	土		0	1
畇	균	9	9	土	밭개간할 균	3	1
畊	경	9	9	土	耕의 古字	0	1
畋	전	9	9	土	사냥할 전	1	1
界	계	9	9	土	지경 계	4	1
畎	견	9	9	土	밭 도랑 견	1	1
畏	외	9	9	土	두려울 외	3	1
畐	복,핍	9	9	土		0	1
畑	전	9	9	土	화전 전	3	1
畓	답	9	9	土	논 답	3	1
畔	반	10	10	土	지경 반	3	1
留	류,유	10	10	土	머무를 류	4	1
畚	분	10	10	土	삼태기 분	1	1
畛	진	10	10	土	두렁길 진	3	1
畜	축	10	10	土	가축 축	4	1
畝	묘,무	10	10	土	밭이랑	3	1
畢	필	10	10	土	마칠 필	4	1
畤	치	11	11	土	제터 치	0	1
略	략,약	11	11	土	다스릴 략	4	0
畦	휴	11	11	土	밭두둑 휴	3	1
畧	략,약	11	11	土	略과 同字	0	1
番	번	12	12	土	갈마들 번	4	1
畫	화	12	12	土	그림 화	4	0
畯	준	12	12	土	俊과 同字	3	1
異	이	11	11	土	다를 이	3	0
畵	화	13	13	土	그림 화	3	0
當	당	13	13	土	마땅할 당	4	1
畸	기	13	13	土	뙈기 밭 기	3	1
畺	강	13	13	土	疆과 同字	3	1
畼	창	14	14	土		0	1
畿	기	15	15	土	경기 기	3	1
疆	강	19	19	土	땅 경계 강	3	1
疇	주	19	19	土	밭두둑 주	3	1
疈	벽	20	20	土	가를 벽	0	1
疊	첩	22	22	土	거듭 첩	4	1
疋	아,필	5	5		짝 필	3	1
疎	소	12	12		성길 소	3	1
疏	소	12	12		뚫릴 소	3	1
疑	의	14	14		의심할 의	4	1
疔	정	7	7	水	헌데 정	0	1
疙	흘	8	8	水	쥐부스럼 흘	1	1
疚	구	8	8	水	오랜 병 구	1	1
疝	산	8	8	水	산증 산	3	1
疣	우	9	9	水		1	1
疥	개	9	9	水	옴 개	3	1
疫	역	9	9	水	염병 역	4	1
疱	포	10	10	水	부풀 포	3	1
疲	피	10	10	水	피곤할 피	4	1
疳	감	10	10	水	감질병 감	3	1
疴	아	10	10	水	앓을 아	1	1
疵	자	11	11	水	흠 자	3	1
疸	달	10	10	水	황달 달	3	1
疹	진	10	10	水	홍역 진	3	1
疼	동	10	10	水	아플 동	4	1
疽	저	10	10	水	등창 저	3	1
疾	질	10	10	水	병 질	4	1
痀	구	10	10	水	곱사등이 구	1	1
痂	가	10	10	水	헌데 딱지 가	3	1
痃	현	10	10	水	힘줄 당기는 병 현	0	1
病	병	10	10	水	병 병	4	1
症	증	10	10	水	증세 증	4	1
痊	전	11	11	水	병 나을 전	2	1
痍	이	11	11	水	상할 이	3	1
痎	해	11	11	水	학질 해	0	1
痒	양	11	11	水	가려울 양	3	1
痓	치	11	11	水	풍병 치	0	1
痔	치	11	11	水	치질 치	3	1
痕	흔	11	11	水	흉터 흔	4	1
痘	두	12	12	水	마마 두	4	1
痙	경	12	12	水	심줄 땅길 경	3	1
痛	통	12	12	水	아플 통	4	1
痞	비	12	12	水	뱃속 결릴 비	1	1
痢	리,이	12	12	水	설사 리	3	1
痣	지	12	12	水	사마귀 지	1	1
痤	좌	12	12	水	뾰루지 좌	1	1
痧	사	12	12	水	쥐통 사	1	1
痰	담	13	13	水	가래 담	4	1
痲	마	13	13	水	저릴 마	3	1
痳	림,임	13	13	水	임질 림	1	1
痴	치	13	13	水	癡의 俗字	3	1
痹	비	13	13	水	저릴 비	1	1
痺	비	13	13	水	암메추라기 비	3	1
痼	고	13	13	水	고질 고	3	1
痿	위	13	13	水	습병 위	1	1
瘀	어	13	13	水	어혈질 어	3	1
瘁	췌	13	13	水		1	1
瘇	종	14	14	水	수종 종	0	1
瘈	계	14	14	水	미칠 계	0	1
瘉	유	14	14	水	癒와 同字	2	1
瘋	풍	14	14	水	두풍 풍	1	1
瘍	양	14	14	水	머리헐 양	3	1
瘐	유	13	13	水	죄인 주려 죽을 유	0	1
瘕	하	14	14	水	이질 하	0	1
瘙	소	14	14	水	옴 소	3	1
瘟	온	14	14	水	염병 온	3	1
瘠	척	15	15	水	파리할 척	3	1
瘡	창	15	15	水	부스럼 창	3	1
瘢	반	15	15	水	흉터 반	3	1
瘤	류,유	15	15	水	혹 류	3	1
瘦	수	14	14	水	파리할 수	4	1
瘧	학	14	14	水	학질 학	1	1
瘯	족	16	16	水	피부병 이름 족	0	1
瘰	나,라	16	16	水	연주창 라	0	1
瘱	예	16	16	水		0	1
瘳	추	16	16	水	병 나을 추	0	1
瘴	장	16	16	水	장기 장	1	1
瘻	누,루	16	16	水	부스럼 루	3	1
療	료,요	17	17	水	병고칠 료	4	1
癃	륭,융	16	16	水	느른할 륭	0	1
癆	노,로	17	17	水	종독 로	1	1
癇	간	17	17	水		1	1
癈	폐	17	17	水	고질병 폐	0	1
癉	단	17	17	水	황달 단	0	1
癌	암	17	17	水	종양 암	3	1
癎	간	17	17	水	경풍 간	3	1
癒	유	18	18	水	병 나을 유	4	1
癕	옹	18	18	水	등창 옹	0	1
癖	벽	18	18	水	적취 벽	3	1
癘	려,여	17	17	水	창질 려	1	1
癜	전	18	18	水	어루러기 전	0	1
癡	치	19	19	水	어리석을 치	3	1
癢	양	19	19	水	가려울 양	2	1
癤	절	18	18	水	멍울 절	3	1
癥	징	20	20	水	적취 징	1	1
癧	력,역	21	21	水	연주창 력	0	1
癨	곽	21	21	水	곽란 곽	0	1
癩	나,라	21	21	水	약물 중독 나	3	1
癬	선	22	22	水	옴 선	3	1
癭	영	22	22	水	목 혹 영	0	1
癮	은	21	21	水	두드러기 은	1	1
癯	구	23	23	水	여윌 구	0	1
癰	옹	23	23	水	헌곳	3	1
癱	탄	24	24	水	중풍증 탄	1	1
癲	전	24	24	水	미칠 전	3	1
癸	계	9	9	水	열째 천간 계	3	1
登	등	12	12		오를 등	4	0
發	발	12	12		쏠 발	4	1
白	백	5	5	金	흰 백	4	0
百	백	6	6	金	일백 백	4	1
皀	급	7	7	金	고소할 급	0	1
皁	조	7	7	金	하인 조	0	1
皃	모	7	7	金	貌와 同字	0	1
的	적	8	8	金	과녁 적	4	1
皆	개	9	9	金	모두 개	3	1
皇	황	9	9	金	임금 황	4	1
皊	령,영	10	10	金		0	1
皋	고	10	10	金	못 고	1	0
皎	교	11	11	金	달빛 교	3	1
皐	고	11	11	金	부르는 소리 고	3	1
皒	아	12	12	金		0	1
皓	호	12	12	金	흴 호	3	0
皖	환	12	12	金	샛별 환	1	1
皗	주	13	13	金		0	1
皙	석	13	13	金		1	1
皚	애	15	15	金	흴 애	1	0
皛	효	15	15	金	나타날 효	0	1
皜	호	15	15	金	흴 호	0	0
皝	황	15	15	金		0	1
皞	호	15	15	金	밝을 호	1	0
皤	파	17	17	金	흴 파	1	0
皦	교	18	18	金		0	1
皬	학	21	21	金	흴 학	0	0
皭	작	22	22	金		0	1
皮	피	5	5	金	가죽 피	4	0
皴	준	12	12	金	주름 준	1	1
皶	사	14	14	金		0	1
皸	군	14	14	金	얼어터질 군	1	1
皺	추	15	15	金	쭈그러질 추	3	1
皿	명	5	5		그릇 명	3	1
盂	우	8	8		바리 우	3	1
盃	배	9	9		杯의 俗字	4	1
盆	분	9	9		동이 분	4	1
盈	영	9	9		가득할 영	3	0
益	익	10	10		더할 익	4	1
盌	완	10	10		은 바리 완	1	0
盍	합	10	10		덮을 합	1	1
盎	앙	10	10		동이 앙	1	1
盒	합	11	11		소반 뚜껑 합	4	1
盓	우	11	11			0	1
盔	회	11	11		바리 회	1	1
盖	개	11	11		蓋의 俗字	3	1
盙	보	12	12		簠의 本字	0	1
盛	성	11	11		담을 성	4	1
盜	도	12	12		도둑 도	4	1
盞	잔	13	13		작은 술잔 잔	3	1
盟	맹	13	13		맹세할 맹	3	1
盡	진	14	14		다할 진	4	1
監	감	14	14		거느릴 감	4	1
盤	반	15	15		소반 반	4	1
盥	관	16	16		대야 관	1	1
盧	노,로	16	16		밥그릇 노	3	0
盪	탕	17	17		씻을 탕	2	1
盬	고	18	18		염지 고	1	1
目	목	5	5	木	눈 목	4	1
盯	정	7	7	木		1	1
盱	우	8	8	木		1	1
盲	맹	8	8	木	소경 맹	4	1
直	직	8	8	木	곧을 직	4	0
盶	원	9	9	木		0	1
相	상	9	9	木	서로 상	4	1
盹	순	9	9	木	눈 감을 순	1	1
盻	혜	9	9	木	흘겨볼 혜	0	1
盼	반	9	9	木	곁눈질 할 반	4	1
盾	순	9	9	木	방패 순	3	1
盿	민	9	9	木		0	1
眀	명	9	9	木		0	1
省	생,성	9	9	木	덜 생	4	1
眂	시	9	9	木		0	1
眄	면	9	9	木	애꾸눈 면	3	1
眇	묘	9	9	木	애꾸눈 묘	1	1
眈	탐	9	9	木	노려볼 탐	3	1
眉	미	9	9	木	눈썹 미	4	1
眊	모	9	9	木	눈 흐릴 모	0	1
看	간	9	9	木	볼 간	4	1
眎	시	10	10	木		0	1
眐	정	10	10	木		0	1
眕	진	10	10	木		0	1
眚	생	10	10	木	눈에백태낄 생	0	1
眛	매	10	10	木	어두울 매	1	1
眞	진	10	10	木	참 진	3	0
真	진	10	10	木		2	1
眠	면,민	10	10	木	잠잘 면	3	1
眥	자	11	11	木	흘길 자	1	1
眦	자	11	11	木	眥와 同字	0	1
眨	잡	9	9	木	눈 깜작일 잡	1	1
眩	현	10	10	木	아찔할 현	3	1
眴	순	11	11	木	눈짓할 순	0	1
眷	권	11	11	木	돌아볼 권	3	1
眸	모	11	11	木	눈동자 모	3	1
眹	진	11	11	木		0	1
眺	조	11	11	木	바라볼 조	3	1
眻	양	11	11	木	눈 아름다울 양	0	0
眼	안	11	11	木	눈 안	4	1
眾	중	11	11	木	衆의 本字	2	1
着	착	11	11	木	붙을 착	4	1
睃	준	12	12	木		0	1
睆	환	12	12	木	가득 차 있는 모양 환	1	1
睇	제	12	12	木	흘끗 볼 제	1	1
睋	아	12	12	木		0	1
睌	만	12	12	木		0	1
睍	현	12	12	木	물끄러미 볼 현	3	1
睎	희	12	12	木		0	1
睒	섬	13	13	木	번개빛 섬	0	1
睗	석	13	13	木		0	1
睚	애	13	13	木	눈흘길 애	1	1
睛	정	13	13	木	눈 검은자위 정	4	1
睞	래	13	13	木		1	1
睟	수	13	13	木	똑바로 볼 수	0	1
睠	권	13	13	木	眷과 同字	0	1
睡	수	13	13	木	졸음 수	4	1
睢	수	13	13	木		1	1
督	독	13	13	木	감독할 독	4	1
睥	비	13	13	木	흘겨볼 비	1	1
睦	목	13	13	木	화목할 목	3	0
睨	예	13	13	木		1	1
睫	첩	13	13	木	속눈썹 첩	3	1
睬	채	13	13	木		1	1
睭	주	13	13	木		0	1
睲	성	14	14	木		0	1
睷	건	13	13	木	눈으로 세어볼 건	0	1
睹	도	13	13	木	볼 도	3	1
睽	규	14	14	木	어그러질 규	1	1
睿	예	14	14	木	슬기로울 예	3	0
瞋	진	15	15	木	부릅뜰 진	3	1
瞍	수	14	14	木	소경 수	1	1
瞎	할	15	15	木	애꾸눈 할	2	1
瞑	명	15	15	木	눈 감을 명	3	1
瞖	예	16	16	木	눈에 백태 낄 예	0	1
瞙	막	15	15	木	눈 흐릴 막	0	1
瞞	만	16	16	木	속일 만	3	1
瞠	당	16	16	木	바로볼 당	1	1
瞢	몽	15	15	木	어두울 몽	0	1
瞥	별	16	16	木	언뜻 볼 별	3	1
瞪	징	17	17	木	바로 볼 징	1	1
瞬	순	17	17	木	눈 깜작일 순	3	1
瞭	료,요	17	17	木	밝을 료	4	0
瞮	철	17	17	木		0	1
瞰	감	16	16	木	굽어볼 감	3	1
瞱	엽	15	15	木		0	1
瞳	동	17	17	木	눈동자 동	3	1
瞵	린	17	17	木		0	1
瞹	애	18	18	木	흐릿할 애	0	1
瞻	첨	18	18	木	볼 첨	3	1
瞼	검	18	18	木	눈시울 검	3	1
瞽	고	18	18	木	소경 고	1	1
瞿	구	18	18	木	놀라서 볼 구	3	1
矇	몽	18	18	木	소경 몽	1	1
矉	빈	19	19	木	찡그릴 빈	0	1
矍	확	20	20	木	두리번거릴 확	0	1
矎	현,형	19	19	木		0	1
矑	노,로	21	21	木		0	1
矗	촉	24	24	木	곧을 촉	3	0
矙	감	24	24	木		0	1
矚	촉	26	26	木	볼 촉	1	1
矛	모	5	5	金	창 모	3	1
矜	긍	9	9	金	불쌍히 여길 긍	3	1
矞	율	12	12	金	송곳질할 율	0	1
矡	확	25	25	金		0	1
矢	시	5	5	金	살 시	3	1
矣	의	7	7	金	말 그칠 의	3	1
知	지	8	8	金	알 지	4	0
矦	후	9	9	金		0	1
矧	신	9	9	金	하물며 신	1	1
矩	구	9	9	金	곡척 구	4	1
短	단	12	12	金	짧을 단	4	1
矮	왜	13	13	金	난장이 왜	4	1
矯	교	17	17	金	바로잡을 교	3	1
矰	증	17	17	金	주살 증	0	1
石	석	5	5	金	돌 석	4	0
矴	정	7	7	金		0	1
矸	간,안	8	8	金		1	1
矺	탁	8	8	金	나무이름 탁	0	0
矼	강	8	8	金	돌다리 강	0	1
矽	석	8	8	金	석비레 석	1	1
砂	사	9	9	金	모래 사	3	1
砃	단	9	9	金		0	1
砇	민	9	9	金		2	1
砌	체	9	9	金	섬돌 체	1	1
砏	분	9	9	金	큰 소리 분	0	1
砑	아	9	9	金	갈 아	0	1
砒	비	9	9	金	비상 비	3	1
砢	나,라	10	10	金		0	1
砥	지	10	10	金	숫돌 지	3	1
砦	채	11	11	金	울타리 채	3	1
砧	침	10	10	金	방칫돌 침	3	1
砬	립,입	10	10	金	돌 소리 립	3	0
砭	폄	9	9	金	돌침 폄	1	1
砰	팽	10	10	金	여울 물소리 팽	1	1
砱	령	10	10	金		1	1
砲	포	10	10	金	큰 대포 포	3	1
破	파	10	10	金	깨뜨릴 파	4	1
硃	주	11	11	金	주사 주	1	1
硄	광	11	11	金		0	1
硅	규	11	11	金	유리만드는 흙 규	3	1
硈	갈,할	11	11	金		0	1
硌	락	11	11	金		0	1
硏	연	11	11	金	연마할 연	3	1
硐	동	11	11	金		1	1
硜	갱	12	12	金	아릿아릿할 갱	0	1
硝	초	12	12	金	초석 초	3	1
硠	낭,랑	12	12	金	돌 부딪는 소라 랑	0	0
硤	협	12	12	金		1	1
硧	용	12	12	金		0	1
硨	차	12	12	金	조개 이름 차	0	1
硩	척,철	12	12	金		0	1
硪	아	12	12	金		0	1
硫	류,유	12	12	金	유황 류	3	1
硬	경	12	12	金	굳을 경	4	0
确	학	12	12	金	확실할 학	1	1
硯	연	12	12	金	벼루 연	3	1
硻	경	13	13	金		0	1
硼	붕	13	13	金	붕산 붕	3	1
碁	기	13	13	金	棋와 同字	3	1
碄	림,임	13	13	金		0	1
碇	정	13	13	金	닻돌 정	3	1
碉	조	13	13	金		1	1
碌	녹,록	13	13	金	푸른 빛 녹	4	0
碍	애	13	13	金	礙의 俗字	3	1
碎	쇄	13	13	金	부술 쇄	4	1
碏	작	13	13	金	삼갈 작	0	0
碑	비	13	13	金	돌기둥 비	3	1
碓	대	13	13	金	방아 대	1	1
碔	무	13	13	金		0	1
碗	완	13	13	金	그릇 완	4	1
碝	연	14	14	金		0	1
碟	설	14	14	金	가죽다룰 설	2	1
碠	정	14	14	金		0	1
碣	갈	14	14	金	비 갈	3	1
碤	영	13	13	金	물 속 돌 영	0	0
碧	벽	14	14	金	푸를 벽	4	0
碨	외	14	14	金	돌 자갈 땅 외	0	0
碩	석	14	14	金	클 석	3	0
碬	하	14	14	金		0	1
碭	탕	14	14	金	무늬진 돌 탕	0	0
確	확	15	15	金	굳을 확	4	0
碻	확	15	15	金	굳을 확	3	0
碼	마	15	15	金	마노 마	4	1
碾	년,연	15	15	金	맷돌 년	1	1
磁	자	14	14	金	자석 자	4	1
磅	방	15	15	金	돌 떨어지는 소리 방	4	0
磈	외	14	14	金	돌 사닥다리 외	0	0
磉	상	15	15	金		0	1
磊	뇌,뢰	15	15	金	돌이 많이 쌓인 모양	3	1
磋	차	14	14	金	윤낼 차	3	1
磎	계	15	15	金	谿와 同字	3	1
磏	렴,염	15	15	金	거친 숫돌 렴	0	1
磐	반	15	15	金	넓을 반	3	0
磑	애	15	15	金	맷돌 애	0	1
磔	책	15	15	金	찢을 책	1	1
磕	개	15	15	金	돌 부딪는 소리 개	1	0
磚	전	16	16	金	벽돌 전	2	1
磤	은	15	15	金		0	1
磧	적	16	16	金	돌무더기 적	1	1
磨	마	16	16	金	갈 마	4	1
磪	최	16	16	金	험하고 높을 최	0	0
磬	경	16	16	金	경쇠 경	3	1
磯	기	17	17	金	물가 기	3	1
磴	등	17	17	金	돌 비탈길 등	1	0
磵	간	17	17	金	산골 시내 간	3	0
磶	석	17	17	金		0	1
磷	린,인	17	17	金	돌 을 틈물이 흐르는	1	0
磺	광	16	16	金	쇳돌 광	1	1
磻	반,번	17	17	金	강이름 반	3	1
磼	잡	17	17	金	산 높을 잡	0	0
磽	교	17	17	金	메마른 땅 교	0	1
礁	초	17	17	金	암초 초	3	1
礌	뇌,뢰	18	18	金	돌 굴러내릴 뢰	0	0
礎	초	18	18	金	주춧돌 초	4	1
礏	급	18	18	金	산 높은 모양 급	0	0
礑	당	18	18	金	밑바닥 당	1	1
礒	의	18	18	金	바위 의	1	1
礖	여	18	18	金	여돌 여	3	1
礙	애	19	19	金	막을 애	1	1
礦	광	19	19	金		2	1
礧	뇌,뢰	20	20	金	바위너설 뢰	0	1
礪	려,여	19	19	金	거친 숫돌 려	3	1
礫	력,역	20	20	金	조약돌 력	3	1
礬	반	20	20	金	백반 반	3	1
礭	확	21	21	金		0	1
礱	농,롱	21	21	金	갈 롱	1	1
示	시	5	5	木	보일 시	4	1
礼	례,예	6	5	木		1	1
社	사	8	7	木	토지의 신 사	4	1
祀	사	8	7	木	제사 사	3	1
祁	기	8	6	木	성할 기	3	0
祄	해	9	8	木		0	1
祅	요	9	8	木	재앙 요	1	1
祆	천	9	8	木	하늘 천	1	0
祇	기,지	9	8	木	토지의 신 기	3	1
祈	기	9	8	木	빌 기	3	1
祉	지	9	8	木	복 지	3	0
祊	팽	9	8	木	사당문 제사 팽	0	1
祏	석	10	9	木		0	1
祐	우	10	9	木	도울 우	3	0
祒	초	10	9	木		0	1
祓	불	10	9	木	푸닥거리할 불	1	1
祔	부	10	9	木	합사할 부	0	1
祕	비	10	9	木	귀신 비	4	1
祖	조	10	9	木	조상 조	3	1
祗	지	10	9	木	공경할 지	3	1
祘	산	10	10	木		0	1
祚	조	10	9	木	복 조	4	0
祛	거	10	9	木	물리칠 거	3	1
祜	호	10	9	木	복 호	3	0
祝	축	10	9	木	빌 축	4	1
神	신	10	9	木	천신 신	4	1
祟	수	10	10	木	빌미 수	1	1
祠	사	10	9	木	사당 사	3	1
祢	니,이	10	9	木		1	1
祤	우	11	10	木		0	1
祥	상	11	10	木	상서로울 상	3	0
祧	조	11	10	木	조묘 조	0	1
票	표	11	11	木	쪽지 표	4	1
祭	제,채	11	11	木	제사 제	4	1
祹	도	13	12	木		0	1
祺	기	13	12	木	복 기	3	0
祼	관	13	12	木	강신제 관	1	1
祿	녹,록	13	12	木	행복 녹	3	0
禁	금	13	13	木	금할 금	4	1
禊	계	14	13	木	계제 계	1	1
禋	인	14	13	木	제사지낼 인	0	1
禍	화	14	12	木	재화 화	4	1
禎	정	14	13	木	상서로울 정	3	0
福	복	14	13	木	복 복	4	0
禑	우	14	13	木	복	3	0
禔	시,제,지	14	13	木	복 시	1	0
禕	의	14	13	木		1	1
禛	진	15	14	木		2	1
禜	영	15	15	木		0	1
禝	직	15	14	木	사람 이름 직	0	1
禠	사	15	14	木		0	1
禥	기	16	15	木		0	1
禦	어	17	17	木	막을 어	3	1
禧	희	17	16	木	복 희	3	0
禨	기	17	16	木	조짐 기	0	1
禪	선	17	16	木	봉선 선	3	1
禫	담	17	16	木	담제 담	0	1
禮	례,예	18	17	木	예도 례	4	0
禰	니,이	19	18	木		1	1
禱	도	19	18	木	빌 도	3	1
禳	양	22	21	木	푸닥거리할 양	3	1
禴	약	22	21	木	종묘의 여름제사 약	0	1
禹	우	9	9		하우씨 우	3	0
禺	옹	9	9		땅 이름 옹	1	1
离	리,이	10	10		산신 리	2	1
禼	설	11	11			0	1
禽	금	12	12		날짐승 금	4	1
禾	화	5	5	木	벼 화	4	1
禿	독	7	7	木	대머리 독	3	1
秀	수	7	7	木	빼어날 수	4	0
私	사	7	7	木	사사 사	4	1
秄	자	8	8	木		0	1
秆	간	8	8	木	稈과 同字	1	1
秈	선	8	8	木		1	1
秉	병	8	8	木	잡을 병	3	1
秊	년,연	8	8	木	年의 本字	3	1
秋	추	9	9	木	가을 추	4	0
秎	분	9	9	木		0	1
科	과	9	9	木	과정 과	4	1
秒	초	9	9	木	시간 단위 초	4	1
秕	비	9	9	木	쭉정이 비	3	1
秖	지	9	9	木		0	1
秘	비	10	10	木	숨길 비	4	1
秞	유	10	10	木		2	1
租	조	10	10	木	구실 조	4	1
秢	령,영	10	10	木	벼 처음 익을 령	0	0
秣	말	10	10	木	꼴 말	1	1
秤	칭	10	10	木	저울 칭	3	1
秦	진	10	10	木	벼 이름 진	3	0
秧	앙	10	10	木	모 앙	3	1
秩	질	10	10	木	차례 질	4	0
秪	지	10	10	木	벼 처음 익을 지	0	0
秫	출	10	10	木	차조 출	1	1
秬	거	9	9	木	검은 기장 거	0	1
秱	동	11	11	木		0	1
秵	인	11	11	木		0	1
秸	갈	11	11	木	볏짚 갈	1	1
移	이	11	11	木	옮길 이	4	1
稀	희	12	12	木	드물 희	4	1
稁	고	12	12	木	稿와 同字	0	1
稂	낭,랑	12	12	木	강아지 풀 랑	0	1
稅	세	12	12	木	구실 세	3	1
稈	간	12	12	木	짚 간	3	1
稊	제	12	12	木	강아지풀 제	0	1
程	정	12	12	木	법 정	4	0
稌	도	12	12	木	찰벼 도	0	1
稍	초	12	12	木	벼 줄기 끝 초	3	1
稔	임	13	13	木	곡식익을 임	3	1
稕	준	13	13	木		0	1
稗	패	13	13	木	돌피 패	3	1
稘	기	13	13	木		0	1
稙	직	13	13	木	올벼 직	3	1
稚	치	13	13	木	어린 벼 치	4	1
稜	능,릉	13	13	木	모질 능	3	1
稞	과	13	13	木	보리 과	1	1
稟	품	13	13	木	여쭐 품	3	1
稠	조	13	13	木	빽빽할 조	3	1
稢	욱	13	13	木		0	1
稤	숙	13	13	木		0	1
稧	설	14	14	木		0	1
稬	나	14	14	木		0	1
種	종	14	14	木	씨 종	4	1
稰	서	14	14	木		0	1
稱	칭	14	14	木	저울질할 칭	4	1
稳	온	14	14	木		1	1
稶	욱	15	15	木	서직 무성할 욱	3	0
稷	직	15	15	木	기장 직	3	1
稹	진	15	15	木	떨기로 날 진	0	1
稻	도	15	15	木	벼 도	4	1
稼	가	15	15	木	심을 가	3	1
稿	고	15	15	木	볏집 고	4	1
穀	곡	15	15	木	곡식 곡	4	1
穂	수	15	15	木		1	1
穅	강	16	16	木	겨 강	0	1
穆	목	16	16	木	화목할 목	3	0
穉	치	17	17	木	稚와 同字	3	1
穌	소	16	16	木		1	1
積	적	16	16	木	포갤 적	4	1
穎	영	16	16	木	이삭 영	3	1
穗	수	17	17	木	이삭 수	3	1
穚	교	17	17	木		0	1
穡	색	18	18	木	거둘 색	3	1
穢	예	18	18	木	더러울 예	3	1
穦	빈	19	19	木		2	1
穩	온	19	19	木	편안할 온	3	0
穫	확	18	18	木	벼 벨 확	4	1
穰	양	22	22	木	풍년들 양	3	1
穳	찬	24	24	木		0	1
穴	혈	5	5	水	굴 혈	3	1
穵	알	6	6	水	구멍 알	0	1
究	구	7	7	水	궁리할 구	4	1
穹	궁	8	8	水	높을 궁	3	0
空	공	8	8	水	빌 공	4	1
穻	우	8	8	水		0	1
穽	정	9	9	水	구덩이 정	3	1
穾	요	9	9	水	깊숙할 요	0	1
穿	천	9	9	水	뚫을 천	4	1
窀	둔	9	9	水	광중 둔	0	1
突	돌	9	9	水	부딪칠 돌	4	1
窂	노,로	9	9	水	우리 로	0	1
窄	착	10	10	水	좁을 착	4	1
窅	요	10	10	水	움펑눈 요	0	1
窆	폄	9	9	水	하관할 폄	0	1
窈	요	10	10	水	고요할 요	3	0
窊	와	10	10	水	웅덩이 와	0	1
窒	질	11	11	水	막을 질	3	1
窓	창	11	11	水	창 창	4	1
窕	조	11	11	水	정숙할 조	3	1
窖	교	12	12	水		1	1
窗	창	12	12	水	창 창	2	1
窘	군	12	12	水	군색할 군	3	1
窙	효	12	12	水		0	1
窚	성	11	11	水		0	1
窟	굴	13	13	水	구멍 굴	3	1
窠	과	13	13	水	보금자리 과	1	1
窣	솔	13	13	水	느릿느릿 걸을 솔	1	1
窩	와	13	13	水	굴 와	4	1
窪	와	14	14	水	도랑 와	3	1
窬	유	14	14	水	판장문 유	0	1
窮	궁	15	15	水	다할 궁	4	1
窯	요	15	15	水	기와가마 요	3	1
窳	유	15	15	水	이지러질 유	1	1
窶	구	16	16	水	가난하여 예절없을 구	0	1
窹	오	16	16	水	아궁이 오	0	1
窺	규	16	16	水	엿볼 규	3	1
窾	관	17	17	水	빌 관	0	1
窿	륭,융	16	16	水	활꼴 륭	1	1
竄	찬	18	18	水	숨을 찬	3	1
竅	규	18	18	水	구멍 규	3	1
竇	두	20	20	水	구멍 두	3	1
竈	조	21	21	水	부엌 조	1	1
竊	절	22	22	水	좀도둑 절	3	1
立	립,입	5	5	金	설 립	4	1
竌	처	7	7	金		0	1
竑	횡	9	9	金		1	1
竗	묘	9	9	金	땅 이름 묘	3	1
竘	구	10	10	金		0	1
站	참	10	10	金	우두커니 설 참	4	1
竜	룡,용	10	10	金		1	1
竝	병	10	10	金	아우를 병	3	1
竟	경	11	11	金	다할 경	4	1
章	장	11	11	金	문채 장	4	1
竢	사	12	12	金	기다릴 사	0	1
竣	준	12	12	金	마칠 준	3	1
童	동	12	12	金	아이 동	4	1
竦	송	12	12	金	공경할 송	1	1
竪	수	13	13	金	세울 수	3	0
竫	정	11	11	金		0	1
竭	갈	14	14	金	다할 갈	3	1
端	단	14	14	金	끝 단	4	1
竱	단,전	16	16	金		0	1
竴	준	17	17	金		0	1
競	경	20	20	金	겨룰 경	4	1
竸	경	22	22	金	競과 同字	0	1
竹	죽	6	6	木	대 죽	4	1
竺	축	8	8	木	나라이름 축	3	0
竽	우	9	9	木	큰 생황 우	1	1
竿	간	9	9	木	장대 간	4	1
笆	파	10	10	木	가시 대 파	1	1
笈	급	9	9	木	책상자 급	1	0
笊	조	10	10	木	조리 조	1	1
笋	순	10	10	木		1	1
笌	아	10	10	木	대싹 아	0	1
笎	원	10	10	木		0	1
笏	홀	10	10	木	홀 홀	3	1
笑	소	10	10	木	웃음 소	4	1
笒	금	10	10	木	첨대 금	0	1
笘	점	11	11	木		1	1
笙	생	11	11	木	생황 생	3	1
笛	적	11	11	木	피리 적	3	1
笞	태	11	11	木	볼기칠 태	3	1
笠	립,입	11	11	木	우리 립	3	1
笥	사	11	11	木	상자 사	1	1
符	부	11	11	木	부신 부	4	1
笧	책	11	11	木	책 상자 책	0	0
笨	분	11	11	木	거칠 분	2	1
第	제	11	11	木	집 제	4	0
笭	령,영	11	11	木	도꼬마리 령	3	1
笳	가	11	11	木	갈잎피리 가	0	1
笵	범	11	11	木	법 범	1	0
笹	세	11	11	木	가는 대 세	3	1
筅	선	12	12	木	솔 선	1	1
筆	필	12	12	木	붓 필	4	1
筈	괄	12	12	木	하눌타리 괄	1	1
等	등	12	12	木	가지런할 등	4	1
筋	근	12	12	木	힘줄 근	4	1
筌	전	12	12	木	통발 전	3	1
筍	순	12	12	木	죽순 순	3	1
筏	벌	12	12	木	떼 벌	3	1
筐	광	12	12	木	광주리 광	3	1
筑	축	12	12	木	비파 축	3	1
筒	통	12	12	木	사통대 통	3	1
答	답	12	12	木	젖을 답	4	1
策	책	12	12	木	채찍 책	4	1
筟	부	13	13	木	대청 부	0	1
筠	균	13	13	木	대껍질 균	3	1
筥	거	12	12	木	쌀 담는 광주리 거	1	1
筦	관	13	13	木	피리 관	1	1
筧	견	13	13	木	대 홈통 견	1	1
筩	통	13	13	木	대나무통 통	1	0
筬	성	12	12	木	바디 성	3	1
筮	서	13	13	木	점대 서	3	1
筱	소	13	13	木	가는 대 소	1	1
筳	정	12	12	木	대쪽 정	0	1
筵	연	12	12	木	대자리 연	3	1
筽	오	13	13	木	버들 고리 오	3	1
箇	개	14	14	木	낱 개	3	1
箋	전	14	14	木	기록할 전	3	1
箍	고	14	14	木	테 고	1	1
箏	쟁	14	14	木	쟁 쟁	4	1
箔	박	14	14	木	발 박	3	1
箕	기	14	14	木	키 기	3	0
算	산	14	14	木	셀 산	4	1
箙	복	14	14	木	전동 복	1	1
箚	차	14	14	木	차자 차	3	1
箜	공	14	14	木	공후 공	1	1
箝	겸	14	14	木	재갈 겸	3	1
箠	추	14	14	木	채찍 추	1	1
管	관	14	14	木	피리 관	4	1
箭	전	15	15	木	화살 전	4	1
箱	상	15	15	木	상자 상	4	1
箴	잠	15	15	木	바늘 잠	3	1
箸	저	14	14	木	젓가락 저	3	1
箾	소	15	15	木		0	1
節	절	13	13	木	마디 절	4	1
篁	황	15	15	木	대숲 황	3	1
範	범	15	15	木	법 범	4	0
篆	전	15	15	木	문체이름 전	3	1
篇	편	15	15	木	책 편	4	0
築	축	16	16	木	다질 축	4	1
篊	홍	15	15	木	홈통 홍	0	1
篋	협	15	15	木	상자 협	0	1
篌	후	15	15	木	공후 후	1	1
篒	식	15	15	木	대밥통	3	1
篔	운	16	16	木	왕대나무 운	0	0
篙	고	16	16	木	상앗대 고	1	1
篛	약	16	16	木	죽순 약	1	1
篝	구	16	16	木	불덮개 구	1	1
篠	소	16	16	木	가는 대 소	3	1
篡	찬	16	16	木		1	1
篤	독	16	16	木	도타울 독	3	0
篦	비	16	16	木	빗치개 비	1	1
篩	사	16	16	木	체 사	3	1
篪	지	16	16	木	저 이름 지	1	1
篳	필	16	16	木	대 사립문 필	1	1
篷	봉	16	16	木	뜸 봉	1	1
篾	멸	17	17	木	대 껍질 멸	1	1
簀	책	17	17	木	살평상 책	1	1
簅	산	17	17	木		0	1
簇	족	17	17	木	모일 족	3	1
簉	추	16	16	木	버금 추	0	1
簊	기	17	17	木		0	1
簋	궤	17	17	木	대제기 궤	1	1
簏	녹,록	17	17	木	대 상자 록	0	1
簒	찬	17	17	木	빼앗을 찬	3	1
簞	단	18	18	木	소쿠리 단	3	1
簟	점	18	18	木	삿자리 점	0	1
簠	보	18	18	木	제기 이름 보	0	1
簡	간	18	18	木	대쪽 간	4	0
簧	황	17	17	木	혀 황	3	1
簪	잠	18	18	木	비녀 잠	3	1
簫	소	19	19	木	퉁소 소	3	1
簷	첨	19	19	木	처마 첨	1	1
簸	파	19	19	木	까부를 파	1	1
簽	첨	19	19	木	농 첨	4	1
簾	렴,염	19	19	木	발 렴	4	1
簿	부	19	19	木	장부 부	4	1
籃	남,람	20	20	木	바구니 람	4	1
籌	주	20	20	木	투호 살 주	4	1
籍	적	20	20	木	문서 적	4	1
籐	등	21	21	木	대 기구 등	1	1
籒	주	21	21	木	주문 주	0	1
籔	수	21	21	木	조리 수	1	1
籛	전	22	22	木	성씨 전	0	1
籜	탁	22	22	木	대 껍질 탁	1	1
籟	뇌,뢰	22	22	木		1	1
籠	농,롱	22	22	木	대그릇 농	4	1
籣	란	23	23	木		1	1
籤	첨	23	23	木	제비 첨	3	1
籥	약	23	23	木	피리 약	1	1
籧	거	22	22	木	대자리 거	0	1
籬	리,이	24	24	木	울타리 리	4	1
籲	유	32	32	木	부르짖을 유	1	1
米	미	6	6	木	쌀 미	4	1
籽	자	9	9	木		1	1
粃	비	10	10	木	쭉정이 비	3	1
粉	분	10	10	木	가루 분	4	1
粒	립,입	11	11	木	알 립	4	1
粕	박	11	11	木	지게미 박	3	1
粗	조	11	11	木	거칠 조	4	1
粘	점	11	11	木	붙일 점	4	1
粙	주	11	11	木		0	1
粟	속	12	12	木	좁쌀 속	3	1
粢	자	12	12	木	피 자	0	1
粤	월	12	12	木	말 내킬 월	1	1
粥	죽	12	12	木	죽 죽	4	1
粦	린,인	12	12	木	도깨비 불 린	0	1
粧	장	12	12	木	단장할 장	3	1
粮	량,양	13	13	木	糧과 同字	3	1
粱	량,양	13	13	木	기장 량	3	1
粲	찬	13	13	木	정미 찬	3	1
粳	갱	13	13	木	메벼 갱	3	1
粹	수	14	14	木	정할 수	3	1
粼	린,인	14	14	木	물 맑을 린	1	0
精	정	14	14	木	정교할 정	4	1
糅	유	15	15	木	섞일 유	1	1
糊	호	15	15	木	풀 호	4	1
糕	고	16	16	木	떡 고	2	1
糖	당,탕	16	16	木	엿 당	4	1
糗	구	16	16	木	마른밥가루 구	1	1
糙	조	16	16	木	매조미쌀 조	1	1
糚	장	16	16	木	妝과 同字	0	1
糜	미	17	17	木	죽 미	1	1
糝	삼	17	17	木	나물죽 삼	1	1
糞	분	17	17	木	똥 분	3	1
糟	조	17	17	木	지게미 조	3	1
糠	강	17	17	木	겨 강	3	1
糧	량,양	18	18	木	양식 량	4	1
糯	나	20	20	木	찰벼 나	1	1
糱	얼	22	22	木		0	1
糲	려,여	20	20	木	현미 려	0	1
糴	적	22	22	木	쌀 사들일 적	1	1
糵	얼	22	22	木		0	1
糶	조	25	25	木	쌀 내어 팔 조	1	1
糸	사	6	6	木	가는 실 사	1	1
糺	규	7	7	木	거둘 규	1	1
系	계	7	7	木	이을 계	3	1
糾	규	8	8	木	삼합노 규	4	1
紀	기	9	9	木	벼리 기	4	1
紂	주	9	9	木	껑거리끈 주	3	1
紃	순	9	9	木	신에 실선 두를 순	0	1
約	약,요	9	9	木	대략 약	4	1
紅	홍	9	9	木	붉을 홍	4	0
紆	우	9	9	木	얽힐 우	3	1
紇	흘	9	9	木	질 낮은 명주실 흘	3	1
紈	환	9	9	木	흰 비단 환	3	1
紊	문	10	10	木	어지러울 문	3	1
紋	문	10	10	木	무늬 문	4	0
納	납	10	10	木	바칠 납	3	1
紏	두	10	10	木		0	1
紐	뉴,유	10	10	木	잡색비단 뉴	4	1
紓	서	10	10	木	느슨할 서	1	1
純	순,준	10	10	木	실 순	4	0
紕	비	10	10	木	가선 비	1	1
紗	사	10	10	木	깁 사	3	1
紘	굉	10	10	木	갓끈 굉	3	1
紙	지	10	10	木	종이 지	4	1
級	급	9	9	木	등급 급	4	1
紛	분	10	10	木	어지러워질 분	4	1
紜	운	10	10	木	얼크러질 운	1	1
紝	임	10	10	木		0	1
素	소	10	10	木	흴 소	4	0
紡	방	10	10	木	자을 방	3	1
索	삭,색	10	10	木	동아줄 삭	4	1
紫	자	12	12	木	자주빛 자	3	1
紬	주	11	11	木	명주 주	3	1
紮	찰	11	11	木	감을 찰	4	1
累	누,루	11	11	木	포갤 누	4	1
細	세	11	11	木	가늘 세	4	1
紱	불	11	11	木	인끈 불	1	1
紲	설	11	11	木	고삐 설	1	1
紳	신	11	11	木	큰 띠 신	3	1
紵	저	11	11	木	모시 저	3	1
紸	주	11	11	木		0	1
紹	소	11	11	木	이을 소	3	1
紺	감	11	11	木	아청 감	3	1
紾	진	11	11	木		0	1
絁	시	11	11	木		0	1
終	종	11	11	木	끝낼 종	4	1
絃	현	11	11	木	줄풍류 현	3	0
組	조	11	11	木	끈 조	4	1
絅	경	11	11	木	끌어 쥘 경	3	1
絆	반	11	11	木	줄 반	3	1
絉	술	11	11	木		0	1
絍	임	12	12	木	짤 임	0	1
結	결	12	12	木	맺을 결	4	1
絑	주	12	12	木		0	1
絓	괘	12	12	木		1	1
絕	절	12	12	木		3	1
絖	광	12	12	木	솜 광	1	1
絙	환	12	12	木	끈목 환	0	1
絛	조	12	12	木		1	1
絜	혈	12	12	木	헤아릴 혈	1	1
絞	교	12	12	木	목맬 교	3	1
絡	낙,락	12	12	木	헌솜 락	4	1
絢	현	12	12	木	채색무늬 현	3	0
絣	병	12	12	木	무늬없는 비단 병	1	0
給	급	12	12	木	넉넉할 급	4	0
絧	동	12	12	木		0	1
絨	융	12	12	木	삶은 실 융	3	1
絩	조	12	12	木	견직물 날실 수 조	0	1
絪	인	12	12	木	기운 인	3	1
絮	서	12	12	木	솜 서	3	1
絯	해	12	12	木		0	1
絰	질	12	12	木	질 질	1	1
統	통	12	12	木	거느릴 통	4	1
絲	사	12	12	木	실 사	4	1
絳	강	12	12	木	깊게 붉을 강	3	0
絵	회	12	12	木		1	1
絶	절	12	12	木	絕과 同字	3	1
絹	견	13	13	木	비단 견	3	1
絺	치	13	13	木	가는 칡베 치	1	1
絿	구	13	13	木	급박할 구	3	1
綃	초	13	13	木	생명주실 초	0	1
綆	경	13	13	木	두레박줄 경	0	1
綉	수	13	13	木		1	1
綎	정	12	12	木	띠술 정	3	1
綏	수	13	13	木	편안할 수	3	0
經	경	13	13	木	날 경	4	1
綘	봉	13	13	木	縫과 同字	0	1
綜	종	14	14	木	모을 종	3	1
綠	녹,록	14	14	木	초록빛 녹	4	1
綢	주	14	14	木	얽힐 주	3	1
綣	권	14	14	木	정다울 권	1	1
綥	기	14	14	木	비단 쑥색 기	0	1
綦	기	14	14	木	연두빛 비단 기	0	1
綧	준	14	14	木	피륙의 폭의 넓이 준	0	1
綫	선	14	14	木	線과 同字	1	1
綬	수	14	14	木	인끈 수	3	1
維	유	14	14	木	벼리 유	4	1
綮	계	14	14	木	발 고운 비단 계	0	1
綰	관	14	14	木	얽을 관	1	1
綱	강	14	14	木	벼리 강	4	1
網	망	14	14	木	그물 망	4	1
綴	철	14	14	木	꿰맬 철	4	1
綵	채	14	14	木	비단 채	3	1
綸	륜,윤	14	14	木	낚싯줄 륜	3	1
綺	기	14	14	木	비단 기	3	1
綻	탄	14	14	木	옷 터질 탄	3	1
綽	작	14	14	木	너그러울 작	3	0
綾	능,릉	14	14	木	무늬 놓은 비단 능	3	0
綿	면	14	14	木	이어질 면	3	1
緂	담	14	14	木		0	1
緄	곤	14	14	木	띠 곤	1	1
緆	석	14	14	木		0	1
緇	치	14	14	木	검을 치	3	0
緊	긴	14	14	木	굳게 얽힐 긴	4	1
緋	비	14	14	木	붉은 빛 비	3	0
緌	유	14	14	木		0	1
緍	민	14	14	木	낚시줄 민	0	1
総	총	14	14	木		1	1
緖	서	15	15	木	실마리 서	3	1
緗	상	15	15	木	담황색 상	0	1
緘	함	15	15	木	봉할 함	3	1
線	선	15	15	木	실 선	4	1
緜	면	15	15	木	햇솜 면	1	1
緝	집	15	15	木	낳을 집	3	1
緞	단	15	15	木	비단 단	3	1
緟	중	15	15	木		0	1
締	체	15	15	木	맺을 체	3	1
緡	민	15	15	木	낚시줄 민	3	1
緣	연	15	15	木	인연 연	4	1
緦	시	15	15	木	보름새베 시	0	1
編	편	15	15	木	책편 편	4	0
緩	완	15	15	木	느즈러질 완	3	1
緬	면	15	15	木	가는 실 면	3	1
緯	위	15	15	木	씨줄 위	3	1
練	련,연	15	15	木	익힐 련	4	1
緶	편	15	15	木	꿰맬 편	0	1
緹	제	15	15	木	붉은 비단 제	1	1
緻	치	16	16	木	톡톡할 치	3	1
縃	서	15	15	木		0	1
縇	선	15	15	木		0	1
縈	영	16	16	木	얽힐 영	1	1
縉	진	16	16	木	搢과 同字	3	1
縊	액	16	16	木	목 맬 액	3	1
縋	추	15	15	木	줄에 달릴 추	1	1
縐	추	16	16	木	주름 추	1	1
縑	겸	16	16	木	합사비단 겸	1	1
縕	온	16	16	木	모시 온	3	1
縗	최	16	16	木	상복 최	0	0
縘	계	16	16	木	繫와 同字	0	1
縛	박	16	16	木	묶을 박	3	1
縝	진	16	16	木	삼실 진	2	1
縞	호	16	16	木	명주 호	3	1
縟	욕	16	16	木	꾸밀	3	1
縠	곡	16	16	木	주름 비단 곡	0	1
縡	재	16	16	木	일 재	3	1
縢	등	16	16	木	봉할 등	0	1
縣	현	16	16	木	매달릴 현	3	1
縤	소	16	16	木		0	1
縫	봉	16	16	木	꿰맬 봉	4	1
縮	축	17	17	木	줄어들 축	4	1
縯	연	17	17	木	길 연	3	0
縱	종	17	17	木	늘어질 종	4	1
縲	류,유	17	17	木	포승 류	1	1
縳	견	17	17	木		1	1
縵	만	17	17	木	무늬 없는 비단 만	1	0
縷	누,루	17	17	木	자세할 누	3	1
縹	표	17	17	木	옥빛 표	1	1
縻	미	17	17	木	고삐 미	0	1
總	총	17	17	木	꿰맬 총	4	1
績	적	17	17	木	길쌈 적	4	1
繁	번	17	17	木	많을 번	4	0
繃	붕	17	17	木	묶을 붕	3	1
繄	예	17	17	木	검푸른 비단 예	0	1
繅	소	17	17	木	고치 실 뽑을 소	1	1
繆	무	17	17	木	묶을 무	3	1
繇	요	17	17	木	따를 요	3	1
繈	강	17	17	木	繦의 本字	1	1
繐	세	18	18	木	가늘고 성긴 베 세	0	1
繒	증	18	18	木	비단 증	3	1
織	직	18	18	木	짤 직	4	1
繕	선	18	18	木	기울 선	3	1
繖	산	18	18	木	일산 산	1	1
繗	린,인	18	18	木	이을 린	0	1
繙	번	18	18	木	되풀이 풀이할 번	1	1
繚	료,요	18	18	木	감길 료	1	1
繞	요	18	18	木	얽힐 요	4	1
繠	예	18	18	木		0	1
繡	수	19	19	木	수놓을 수	3	0
繢	궤	18	18	木	톱끝 궤	0	1
繥	희	18	18	木		0	1
繩	승	19	19	木	노끈 승	4	1
繪	회	19	19	木	그림 회	3	0
繫	계	19	19	木	맬 계	3	1
繭	견	18	18	木	고치 견	3	1
繯	현	19	19	木	얽힐 현	0	1
繰	조	19	19	木	야청 통견 조	3	1
繶	억	19	19	木	땋은 노 억	0	1
繹	역	19	19	木	삭일 역	3	1
繻	수	20	20	木		1	1
繼	계	20	20	木	이을 계	4	1
繽	빈	20	20	木	어지러울 빈	1	1
繾	견	19	19	木	곡진할 견	1	1
纁	훈	20	20	木	분홍빛 훈	0	1
纂	찬	20	20	木	모을 찬	3	1
纇	뇌,뢰	21	21	木	실 마디 뢰	0	1
纈	힐	21	21	木	홀치기염색 힐	1	1
纊	광	20	20	木	솜 광	0	1
續	속	21	21	木	이을 속	4	1
纍	류,유	21	21	木	갇힐 류	1	1
纏	전	21	21	木	둘릴 전	3	1
纓	영	23	23	木	갓끈 영	3	1
纔	재	23	23	木	겨우 재	1	1
纖	섬	23	23	木	가늘 섬	3	1
纘	찬	25	25	木	이을 찬	3	1
纙	라	25	25	木		0	1
纛	독	25	25	木	깃일산	3	1
纜	남,람	27	27	木	닻줄 람	4	1
缶	부	6	6	土	장군 부	3	1
缸	항	9	9	土	항아리 항	4	1
缺	결	10	10	土	이지러질 결	4	1
缾	병	12	12	土	두레박 병	0	1
缿	항	12	12	土	항통 항	0	1
罃	앵	16	16	土	술병 앵	0	1
罄	경	17	17	土	빌 경	1	1
罅	하	17	17	土	틈 하	1	1
罇	준	18	18	土	樽·尊과 同字	0	1
罋	옹	19	19	土	甕과 同字	0	1
罌	앵	20	20	土	술병 앵	3	1
罍	뇌,뢰	21	21	土	술독 뢰	1	1
罎	담	22	22	土	壜과 同字	1	1
罐	관	23	23	土	두레박 관	4	1
罔	망	9	8	木	그물 망	3	1
罕	한	9	7	木	드물 한	3	1
罘	부	10	9	木	그물 부	0	1
罝	저	11	10	木	짐승 그물 저	0	1
罟	고	11	10	木	그물 고	1	1
罠	민	11	10	木	그물 민	1	1
罡	강	11	10	木	강별 강	1	1
罣	괘	12	11	木	걸 괘	1	1
罦	부	13	12	木	그물 부	0	1
罨	엄	14	13	木	그물 엄	0	1
罪	죄	14	13	木	허물 죄	4	1
罫	괘	14	13	木	줄 괘	3	1
置	치	14	13	木	베풀 치	4	0
罰	벌	15	14	木	죄 벌	4	1
署	서	14	13	木	관청 서	4	1
罵	매	16	15	木	욕할 매	4	1
罷	파	16	15	木	파할 파	4	1
罸	벌	16	15	木	罰과 同字	0	1
罹	리,이	17	16	木	근심 리	3	1
罼	필	17	15	木	토끼그물 필	0	1
罽	계	18	17	木	물고기 그물 계	0	1
罾	증	18	17	木	어망 증	0	1
羂	견	19	18	木	걸 견	0	1
羅	나,라	20	19	木	새 그물 나	4	0
羆	비	20	19	木	큰 곰 비	1	1
羇	기	23	22	木	나그네 기	1	1
羈	기	25	24	木	굴레 기	3	1
羊	양	6	6	土	양 양	4	1
羌	강	7	7	土	오랑캐 강	3	1
羍	달	9	9	土		0	1
美	미	9	9	土	아름다울 미	4	0
羏	양	9	9	土		0	1
羑	유	9	9	土		1	1
羔	고	10	10	土	새끼양 고	3	1
羕	양	11	11	土		0	1
羖	고	10	10	土	검은 암양 고	0	1
羘	장	10	10	土	수양 장	0	1
羚	령,영	11	11	土	영양 령	3	1
羝	저	11	11	土	숫양 저	0	1
羞	수	10	10	土	부끄러울 수	4	1
羡	선,이	12	12	土		2	1
群	군	13	13	土	무리 군	3	1
羨	선	13	13	土	부러워할 선	4	1
義	의	13	13	土	옳을 의	4	0
羫	강	14	14	土	밭 갈 강	0	1
羯	갈	15	15	土	불친 양 갈	1	1
羲	희	16	16	土	숨 희	3	1
羶	전	19	19	土	노린내날 전	1	1
羸	리,이	19	19	土	여윌 리	3	1
羹	갱	19	19	土	국 갱	3	1
羽	우	6	6	火	깃 우	4	1
羾	공	9	9	火		0	1
羿	예	9	9	火		1	1
翁	옹	10	10	火	늙은이 옹	4	1
翅	시	10	10	火	날개 시	4	1
翉	분	11	11	火		0	1
翊	익	11	11	火	도울 익	3	0
翌	익	11	11	火	다음날 익	3	1
翎	령,영	11	11	火	깃 령	3	1
習	습	11	11	火	익힐 습	4	1
翔	상	12	12	火	빙빙돌아날 상	4	1
翕	흡	12	12	火	합할 흡	3	1
翖	흡	12	12	火	翕과 同字	0	1
翛	소	12	12	火	날개치는 소리 소	0	1
翟	적	14	14	火	꿩의 깃 적	3	1
翠	취	14	14	火	비취 취	4	1
翡	비	14	14	火	물총새 비	3	1
翣	삽	14	14	火	운삽 삽	0	1
翤	시	14	14	火		0	1
翦	전	15	15	火	베어 없앨 전	1	1
翩	편	15	15	火	훌쩍 날 편	3	1
翫	완	15	15	火	익숙할 완	3	1
翬	휘	15	15	火	훨훨날 휘	1	1
翮	핵	16	16	火	깃촉 핵	1	1
翯	학	16	16	火		0	1
翰	한	16	16	火	날개 한	3	1
翲	표	17	17	火		0	1
翳	예	17	17	火	어조사 예	1	1
翹	교	18	18	火	꼬리 긴 깃털 교	3	1
翺	고	18	18	火	날 고	0	1
翻	번	18	18	火	날 번	1	1
翼	익	17	17	火	날개 익	4	1
翾	현	19	19	火	파뜩파뜩 날 현	0	1
耀	요	20	20	火	빛날 요	4	0
老	노,로	6	6	土	늙을 노	4	1
考	고	6	6	土	상고할 고	4	1
耄	모	10	10	土	늙은이 모	1	1
者	자	10	8	土	놈 자	4	1
耆	기	10	10	土	늙은이 기	3	1
耇	구	11	9	土		0	1
耈	구	11	11	土		2	1
耉	구	11	9	土	늙을 구	2	1
而	이	6	6	水	순접의 어조사 이	4	1
耎	연	9	9	水		0	1
耐	내	9	9	水	견딜 내	4	1
耑	단	9	9	水	시초 단	1	1
耒	뇌,뢰	6	6	土	쟁기 뢰	1	1
耔	자	9	9	土	복돋을 자	0	0
耕	경	10	10	土	밭갈 경	4	1
耖	초	10	10	土	밭 거듭 갈 초	0	1
耗	모	10	10	土	줄 모	4	1
耘	운	10	10	土	길 맬 운	2	0
耙	파	10	10	土	쇠시랑 파	1	1
耞	가	11	11	土	도리깨 가	0	0
耡	서	13	13	土	구실이름 서	0	1
耦	우	15	15	土	쟁기 우	1	1
耬	누,루	17	17	土	씨 뿌리는 기구 루	0	1
耭	기	18	18	土	갈 기	3	1
耰	우	21	21	土	고무래 우	0	1
耳	이	6	6	火	귀 이	4	1
耶	야	8	8	火	의문의 어조야 야	3	1
耹	금	10	10	火		0	1
耽	탐	10	10	火	즐길 탐	3	1
耿	경	10	10	火	빛날 경	3	0
聃	담	11	11	火	노자이름 담	3	1
聄	진	11	11	火		0	1
聆	령,영	11	11	火	들을 령	3	1
聈	유	11	11	火		0	1
聊	료,요	11	11	火	귀 울 료	3	1
聏	이	12	12	火		0	1
聒	괄	12	12	火	떠들석할 괄	1	1
聕	호	13	13	火	들릴 호	0	1
聖	성	13	13	火	성인 성	4	0
聘	빙	13	13	火	찾아가다 빙	3	1
聙	정	14	14	火		0	1
聚	취	14	14	火	모을 취	4	1
聞	문	14	14	火	들을 문	4	1
聡	총	14	14	火		1	1
聯	련,연	17	17	火	잇달 련	4	1
聰	총	17	17	火	귀 밝을 총	4	0
聱	오	16	16	火	못 들은채 할 오	1	0
聲	성	17	17	火	소리 성	4	1
聳	용	17	17	火	솟을 용	3	1
聵	외	18	18	火	배냇귀머거리 외	1	1
聶	섭	18	18	火	소곤거릴 섭	1	1
職	직	18	18	火	벼슬 직	4	0
聽	청	22	22	火	들을 청	4	1
聾	농,롱	22	22	火	귀머거리 농	4	1
聿	율	6	6	木	마침내 율	3	1
肄	이	13	13	木	익힐 이	3	1
肅	숙	13	13	木	공손할 숙	3	0
肆	사	13	13	木	방자할 사	3	1
肇	조	14	14	木	비롯할 조	3	1
肉	육	6	6	水	고기 육	4	1
肋	늑,륵	8	6	水	갈비대 늑	3	1
肌	기	8	6	水	살 기	3	1
肓	황	9	7	水	명치 끝 황	1	1
肖	초	9	7	水	닮을 초	3	1
肙	연	9	7	水		0	1
肚	두	9	7	水	밥통 두	2	1
肛	항	9	7	水	똥구멍 항	3	1
肝	간	9	7	水	간 간	3	1
股	고	10	8	水	넓적다리 고	4	1
肢	지	10	8	水	사지 지	4	1
肣	금,함	10	8	水		0	1
肥	비	10	8	水	살찔 비	4	1
肦	분	10	8	水	머리 클 분	0	0
肩	견	10	8	水	어깨 견	4	1
肪	방	10	8	水	기름 방	3	1
肫	순	10	8	水	광대뼈 순	1	1
肯	긍	10	8	水	옳이 여길 긍	4	1
肱	굉	10	8	水	팔뚝 굉	3	1
育	육	10	8	水	기를 육	4	0
肴	효	10	8	水	안주 효	3	1
肵	기	10	8	水	적대 기	0	1
肺	폐	10	8	水	허파 폐	4	1
胃	위	11	9	水	밥통 위	4	1
胄	주	11	9	水	후사 주	2	1
胆	단	11	9	水	침비깨 단	1	1
胊	구	11	9	水	포 구	0	1
背	배	11	9	水	등 배	4	1
胎	태	11	9	水	아이 밸 태	3	1
胕	부,주	11	9	水	장부 부	0	1
胖	반	11	9	水	희생 반	2	1
胗	진	11	9	水		1	1
胘	현	11	9	水		0	1
胙	조	11	9	水	복 조	0	0
胚	배	11	9	水	아이 밸 배	3	1
胛	갑	11	9	水	어깻죽지 갑	3	1
胜	성,정	11	9	水		1	1
胞	포	11	9	水	태보 포	4	1
胠	거	11	9	水	열 거	0	0
胡	호	11	9	水	턱밑살 호	4	1
胤	윤	11	9	水	맏아들 윤	3	1
胥	서	11	9	水	서로 서	3	1
胭	연	12	10	水		1	1
胯	고	12	10	水	사타구니 고	1	1
胱	광	12	10	水	오줌통 광	3	1
胴	동	12	10	水	큰 창자 동	3	1
胷	흉	12	10	水	胸과 同字	0	1
胸	흉	12	10	水	가슴 흉	4	1
胾	자	12	12	水	고깃점 자	0	1
脂	지	12	10	水	기름 지	3	1
脅	협	12	10	水	갈빗대 협	4	1
脆	취	12	10	水	연할 취	4	1
脇	협	12	10	水	脅과 同字	3	1
脈	맥	12	10	水	맥 맥	4	1
脊	척	12	10	水	등성마루 척	3	1
脕	만	13	11	水		0	1
脖	발	13	11	水	배꼽 발	1	1
脗	민	13	11	水		1	1
脘	완	13	11	水	중완 완	3	1
脚	각	13	11	水	다리 각	3	1
脛	경	13	11	水	정강이 경	3	1
脝	형	13	11	水		1	1
脣	순	13	11	水	입술 순	4	1
脤	신	13	11	水	사직제 지낸 고기 신	1	1
脧	최	13	11	水		0	1
脩	수	13	10	水	포 수	3	1
脫	탈,태	13	11	水	벗어날 탈	4	1
脯	포	13	11	水	포 포	3	1
脰	두	13	11	水	목 두	1	1
脹	창	14	12	水	배부를 창	4	1
脺	수	14	12	水	얼굴 윤택할 수	0	0
脾	비	14	12	水	지라 비	3	1
腁	변	14	12	水	살갗 틀 변	0	1
腆	전	14	12	水	두터울 전	1	0
腊	석	14	12	水	포 석	1	1
腋	액	14	12	水	겨드랑이 액	3	1
腍	임	14	12	水		0	1
腎	신	14	12	水	콩팥 신	3	1
腐	부	14	14	水	썩을 부	4	1
腑	부	14	12	水	장부 부	3	1
腒	거	14	12	水	건치 거	0	1
腓	비	14	12	水	장딴지 비	1	1
腔	강	14	12	水	창자 강	3	1
腕	완	14	12	水	팔뚝 완	3	1
腠	주	15	13	水	살결 주	0	1
腡	나,라	15	12	水		0	1
腤	암	15	13	水	고기 삶을 암	0	1
腥	성	15	13	水	비린내 성	3	1
腫	종	15	13	水	부스럼 종	3	1
腭	악	15	13	水	잇몸 악	1	1
腰	요	15	13	水	허리 요	4	1
腱	건	15	12	水	힘줄 건	3	1
腴	유	15	12	水	아랫배 살찔 유	1	1
腶	단	15	13	水	약포 단	0	1
腷	픽	15	13	水	뜩 막힐 픽	0	1
腸	장	15	13	水	창자 장	4	1
腹	복	15	13	水	배 복	3	1
腺	선	15	13	水	샘 선	3	0
腿	퇴	16	13	水	넓적다리 퇴	4	1
膀	방	16	14	水	쌍배 방	4	1
膂	려,여	16	14	水	등골 뼈 려	1	1
膃	올	16	14	水	해구 올	0	1
膄	수	16	13	水	파리할 수	0	1
膆	소	16	14	水	살찔 소	0	1
膈	격	16	14	水	명치 격	3	1
膊	박	16	14	水	포 박	3	1
膋	료,요	16	14	水	발기름 료	0	1
膏	고	16	14	水	살찔 고	3	1
膚	부	17	15	水	살갗 부	4	1
膜	막	17	14	水	막 막	3	1
膝	슬	17	15	水	무릎 슬	3	1
膞	전	17	15	水	썰 전	0	1
膠	교	17	15	水	아교 교	4	1
膣	질	17	15	水	새살 날 질	3	1
膨	팽	18	16	水	배 불룩할 팽	4	1
膩	니,이	18	16	水	살찔 니	1	1
膰	번	18	16	水	제사 고기 번	0	1
膳	선	18	16	水	반찬 선	3	1
膴	무	18	16	水	포 무	0	1
膵	췌	18	15	水	첩육경 췌	3	1
膸	수	19	17	水	髓와 同字	0	1
膹	분	19	16	水	고기 삶은 국 분	0	1
膺	응	19	17	水	가슴 응	3	1
膽	담	19	17	水	쓸개 담	4	1
膾	회	19	17	水	회 회	3	1
臀	둔	19	17	水	볼기 둔	3	1
臂	비	19	17	水	팔 비	4	1
臆	억	19	17	水	가슴 억	3	1
臊	조	19	17	水	누릴 조	1	1
臍	제	20	18	水	배꼽 제	3	1
臏	빈	20	18	水	종지뼈 빈	1	1
臘	납,랍	21	19	水	납향 납	3	1
臙	연	22	20	水	목구멍 연	0	1
臚	려,여	22	20	水	살갗 려	1	1
臝	나,라	23	21	水	벌거벗을 라	0	1
臟	장	24	21	水	오장 장	4	1
臠	련,연	25	25	水	저민고기 련	1	1
臣	신	6	6		신하 신	3	1
臥	와	8	8		누울 와	4	1
臧	장	14	14		착할 장	3	0
臨	림,임	17	17		임할 림	4	0
自	자	6	6		스스로 자	4	1
臬	얼	10	10		법 얼	1	0
臭	취	10	10		냄새 취	4	1
至	지	6	6	土	이를 지	3	1
致	치	10	10	土	이를 치	3	0
臶	천	12	12	土	거듭 천	0	1
臸	지	12	12	土		0	1
臹	수	12	12	土		0	1
臺	대	14	14	土	능 대	4	1
臻	진	16	16	土	이를 진	3	1
臼	구	6	6	土	절구 구	3	1
臾	유	8	8	土	잠간 유	3	1
舁	여	9	9	土	마주들 여	0	1
舂	용	11	11	土	방아 찧을 용	1	1
舃	석,작	12	12	土	신 석	0	1
舅	구	13	13	土	외삼촌 구	4	1
與	여	13	13	土	너울너울할 여	4	1
興	흥	16	16	土	일 흥	4	1
舊	구	17	17	土	옛 구	4	1
舌	설	6	6	火	혀 설	4	1
舍	사	8	8	火	집 사	4	0
舐	지	10	10	火	핥을 지	1	1
舒	서	12	12	火	펼 서	4	0
舘	관	16	16	火		1	1
舛	천	6	6		어그러질 천	3	1
舜	순	12	12		순임금 순	3	1
舞	무	14	14		춤출 무	4	1
舟	주	6	6	木	배 주	3	1
舡	강	9	9	木	오나라 배 강	3	0
航	항	10	10	木	쌍배 항	4	1
舫	방	10	10	木	배 방	3	1
般	반	10	10	木	옮길 반	4	0
舳	축	11	11	木	고물 축	1	1
舵	타	11	11	木	키 타	4	1
舶	박	11	11	木	배 박	3	1
舷	현	11	11	木	뱃전 현	3	1
舸	가	11	11	木	큰 배 가	1	1
船	선	11	11	木	배 선	4	1
舽	방	12	12	木	배 방	0	1
艀	부	13	13	木	작은 배 부	3	1
艅	여	13	13	木	나룻배 여	3	1
艇	정	12	12	木	거룻배 정	4	1
艑	편	15	15	木	거룻배 편	0	1
艘	소	15	15	木	배 소	2	1
艙	창	16	16	木	선창 창	3	1
艚	조	17	17	木	거룻배 조	0	1
艟	동	18	18	木	배 동	0	1
艤	의	19	19	木	배 닿을 의	3	1
艦	함	20	20	木	싸움배	4	1
艨	몽	19	19	木	싸움배 몽	0	1
艪	노,로	21	21	木	艫와 同字	1	1
艫	노,로	22	22	木	뱃머리 로	0	1
艮	간	6	6	土	괘이름 간	3	1
良	량,양	7	7	土	좋을 량	4	1
艱	간	17	17	土	어려울 간	4	1
色	색	6	6		빛 색	4	0
艴	불	11	11		발끈할 불	0	1
艶	염	19	19		고울 염	4	0
艷	염	24	24			1	1
艸	초	6	6	木	풀 초	3	1
艾	애,예	8	5	木	쑥 애	3	1
芃	봉	9	6	木		1	1
芄	환	9	6	木		0	1
芊	천	9	6	木	풀 무성할 천	1	0
芋	우,후	9	6	木	토란 우	3	1
芍	작	9	6	木	작약 작	3	1
芎	궁	9	6	木	궁궁이 궁	3	1
芐	호	9	6	木		0	1
芒	망	9	6	木	까끄라기 망	4	1
芔	훼	9	9	木	풀 훼	0	1
芘	비	10	7	木	풀 이름 비	0	1
芙	부	10	7	木	부용 부	3	1
芚	둔	10	7	木	채소 이름 둔	3	1
芝	지	10	6	木	지초 지	3	0
芟	삼	10	7	木	벨 삼	3	1
芠	문	10	7	木		0	1
芡	검	10	7	木	마름 검	1	1
芢	인	10	7	木	씨 인	2	1
芣	부	10	7	木	질경이 부	1	1
芥	개	10	7	木	겨자 개	3	1
芦	호	10	7	木	芐와 同字	3	1
芧	서	10	7	木	상수리 서	1	1
芨	급	10	6	木	말오줌나무 급	0	1
芩	금	10	7	木	풀 이름 금	3	1
芪	기	10	7	木	단너삼 기	1	1
芫	원	10	7	木	고기 잡는 풀 원	1	1
芬	분	10	7	木	향기로울 분	3	0
芭	파	10	7	木	파초 파	3	1
芮	예	10	7	木	풀 뾰족뾰족할 예	3	0
芯	심	10	7	木	등심초 심	3	1
芰	기	10	7	木	세발 마름 기	1	1
花	화	10	7	木	꽃 화	4	0
芳	방	10	7	木	꽃다울 방	4	1
芷	지	10	7	木	구리때 지	3	1
芸	운,예	10	7	木	향풀 운	3	0
芹	근	10	7	木	미나리 근	3	1
芻	추	10	10	木	꼴 추	3	1
芼	모	10	7	木	풀 우거질 모	3	1
芽	아	10	7	木	싹 아	4	1
芾	비	10	7	木	작은 모양 비	2	1
芿	잉	11	7	木	새풀싹 잉	3	1
苐	제	11	8	木		0	1
苑	원	11	8	木	나랏동산 원	3	1
苒	염	11	8	木	풀 우거질 염	3	1
苓	령,영	11	8	木	도꼬마리 령	1	1
苔	태	11	8	木	이끼 태	3	1
苕	초	11	8	木	능소화 초	3	1
苗	묘	11	8	木	모 묘	4	1
苘	경	11	8	木		0	1
苛	가	11	8	木	매울 가	3	1
苜	목	11	8	木	거여목 목	1	1
苞	포	11	8	木	그령풀 포	3	1
苟	구	11	8	木	진실로 구	3	1
苠	민	11	8	木	속대 민	0	1
苡	이	11	7	木	율무 이	3	1
苣	거	11	7	木	상추 거	1	1
若	야,약	11	8	木	땅이름 야	4	1
苦	고	11	8	木	쓸 고	4	1
苧	저	11	8	木	모시 저	3	1
苩	백	11	8	木		0	1
苪	병	11	8	木		0	1
苫	점	11	8	木	이엉 점	1	1
英	영	11	8	木	꽃부리 영	4	0
苳	동	11	8	木	겨울살이 동	1	1
苴	저	11	8	木	암삼 저	0	1
苹	평	11	8	木	맑은 대쑥 평	1	1
苺	매	11	8	木	딸기 매	1	1
苻	부	11	8	木	귀목풀 부	0	1
苽	고	11	8	木	줄 고	3	1
苾	필	11	8	木	향기날	3	0
苿	미	11	8	木		0	1
茀	불	11	8	木	풀 우거질 불	0	1
茁	줄	11	8	木	풀 처음 나는 모양 줄	3	0
茂	무	11	8	木	우거질 무	4	1
范	범	11	9	木	풀 이름 범	3	1
茄	가	11	8	木	가지 가	3	1
茅	모	11	8	木	띠 모	4	1
茈	자	11	9	木	지치 자	0	1
茉	말	11	8	木	말리 말	3	1
茗	명	12	9	木	차 싹 명	3	1
茛	간	12	9	木	독초이름 간	1	1
茜	천	12	9	木		1	1
茝	채	13	10	木	구리때 채	0	1
茟	율	12	9	木		0	1
茣	오	13	10	木	차조기 오	0	1
茤	다	12	9	木		0	1
茥	규	12	9	木		0	1
茨	자	12	9	木	가시나무 자	3	0
茪	광	12	9	木	초결명 광	0	1
茫	망	12	9	木	아득할 망	3	1
茯	복	12	9	木	복령 복	3	0
茱	수	12	9	木	수유 수	3	1
茲	자	12	9	木	무성할 자	2	0
茳	강	12	9	木	강리풀 강	0	1
茴	회	12	9	木	회향풀 회	3	1
茵	인	12	9	木	자리 인	3	1
茶	다,차	12	9	木	차풀 다	4	1
茸	용	12	9	木	풀 뾰죽뾰죽 날 용	3	1
茹	여	12	9	木	띠 뿌리 여	3	1
茼	동	12	9	木	쏙갓 동	1	1
荀	순	12	9	木	풀 이름 순	3	0
荃	전	12	9	木	향풀 전	2	1
荄	해	12	9	木		0	1
荇	행	12	9	木	마름풀 행	3	1
草	초	12	9	木	풀 초	4	1
荊	형	12	9	木	모형나무 형	3	0
荏	임	12	9	木	들깨 임	3	1
荐	천	12	9	木	거듭할 천	1	1
荑	이	12	9	木	흰 비름 이	3	1
荒	황	12	9	木	거칠 황	4	1
荗	술	12	9	木		0	1
荣	영	12	9	木		1	1
荰	두	13	10	木		0	1
荳	두	13	10	木	콩 두	3	1
荴	부	13	10	木		0	1
荷	하	13	10	木	연 하	4	1
荺	윤	13	10	木		1	1
荻	적	13	10	木	갈대 적	3	1
荼	도	13	10	木		1	1
荽	유	13	10	木		1	1
莂	별	13	10	木		0	1
莃	희	13	10	木		0	1
莅	리,이	13	10	木	다다를 리	1	1
莆	보,포	13	10	木		1	1
莉	리,이	13	10	木	말리 리	3	1
莊	장	13	10	木	엄할 장	4	0
莎	사	13	10	木	향부자 사	3	1
莒	거	13	9	木	모시풀 거	1	1
莓	매	13	10	木	나무딸기 매	1	0
莖	경	13	10	木	줄기 경	4	1
莘	신	13	10	木	약 이름 신	3	1
莚	연	13	9	木	만연할 연	1	1
莛	정	13	9	木	풀 줄거리 정	0	1
莝	좌	13	10	木	여물 좌	0	1
莞	완	13	10	木	빙그레 웃는 모양 완	3	1
莟	함	13	10	木	꽃봉오리 함	1	1
莠	유	13	10	木	가라지 유	1	1
莢	협	13	10	木	콩 꼬투리 협	3	1
莧	현	13	10	木		1	1
莨	낭,랑	13	10	木	수크령 랑	1	1
莩	부	13	10	木	풀 이름 부	3	1
莪	아	13	10	木	지칭개 아	3	1
莫	막	13	10	木	없을 막	3	1
莽	망	13	10	木	우거질 망	3	1
莿	자	14	11	木	풀가시 자	1	1
菀	울	14	11	木		1	1
菁	청	14	11	木	부추꽃 청	3	1
菂	적	14	11	木	연밥 적	0	1
菄	동	14	11	木		0	1
菅	관	14	11	木	골풀 관	3	1
菉	녹,록	14	11	木	조개풀 녹	3	1
菊	국	14	11	木	국화 국	4	0
菋	미	14	11	木		0	1
菌	균	14	11	木	버섯 균	4	1
菏	가,하	14	11	木		1	1
菑	치	14	11	木	따비밭 치	1	1
菓	과	14	11	木	과일 과	4	1
菔	복	14	11	木	무 복	1	1
菖	창	14	11	木	창포 창	3	1
菘	숭	14	11	木	배추 숭	1	1
菜	채	14	11	木	나물 채	4	1
菟	도	14	11	木		1	1
菠	파	14	11	木	시금치 파	1	1
菡	함	14	11	木	연봉오리 함	1	1
菩	보	14	11	木	보살 보	3	1
菫	근	14	11	木	오랑캐 꽃 근	3	0
華	화	14	10	木	꽃 화	4	0
菰	고	14	11	木	향초 고	3	1
菱	능,릉	14	11	木	마름 능	3	1
菲	비	14	11	木	엷을 비	3	1
菴	암	14	11	木	암자 암	3	1
菶	봉	14	11	木	풀 무성할 봉	0	0
菹	저	14	11	木	김치 저	3	1
菻	늠,름	14	11	木		0	1
菽	숙	14	11	木	콩	3	1
萁	기	14	11	木		1	1
萃	췌	14	11	木	모을 췌	3	1
萄	도	14	11	木	들머루	4	1
萆	비	14	11	木	비해 비	0	1
萇	장	14	11	木	나무 이름 장	1	0
萊	내,래	14	11	木	명아주 래	3	1
萋	처	14	11	木	풀 성하게 우거진	1	1
萌	맹	14	11	木	싹 맹	3	1
萍	평	14	11	木	마름 평	3	1
萎	위	14	11	木	마를 위	4	1
萩	추	15	12	木	맑은 대쑥 추	3	1
萫	향	15	12	木		0	1
萬	만	12	12		일만 만	4	1
萭	우	15	12	木		0	1
萱	훤	15	12	木	원추리 훤	3	1
萵	와	15	11	木	상추 와	1	1
萸	유	15	11	木	수유 유	3	1
萹	편	15	12	木		0	1
萼	악	15	12	木	꽃받침 악	1	1
落	낙,락	15	12	木	떨어질 낙	4	1
葂	면	15	12	木		0	1
葆	보	15	12	木	풀 더부룩할 보	1	1
葉	섭,엽	15	12	木	고을이름 섭	4	0
葊	암	15	12	木	풀이름 암	0	1
葐	분	15	12	木		0	1
著	저	14	11	木	나타날 저	4	1
葙	상	15	12	木		1	1
葚	심	15	12	木	뽕나무 열매 심	1	0
葛	갈	15	12	木	칡 갈	3	0
葟	황	15	12	木		0	1
葡	포	15	12	木	포도 포	4	1
董	동	15	12	木	바로잡을 동	3	1
葦	위	15	12	木	갈대 위	3	1
葩	파	15	12	木	꽃봉오리 파	1	1
葫	호	15	12	木	마늘 호	3	1
葬	장	15	12	木	장사 지낼 장	3	1
葭	가	15	12	木	갈대 가	1	1
葯	약	15	12	木	꽃밥 약	3	1
葰	준	15	12	木		0	1
葱	총	15	12	木	풀 더북할 총	1	1
葳	위	15	12	木	초목 성할 위	1	0
葵	규	15	12	木	해바라기 규	3	1
葶	정	15	12	木		1	1
葷	훈	15	12	木	매운 채소 훈	1	1
葺	즙	15	12	木	기울 즙	3	1
蒂	체	15	12	木	작은 가시 체	1	1
蒐	수	16	12	木	꼭두서니 수	3	1
蒑	은	16	13	木		0	1
蒔	시	16	13	木	소회향 시	3	1
蒙	몽	16	13	木	입을 몽	3	1
蒜	산	16	13	木	달래 산	3	1
蒝	원	16	13	木		1	1
蒟	구	16	13	木	구장 구	1	1
蒡	방	16	13	木	인동 덩굴 방	3	1
蒨	천	16	13	木	대가 우거질 천	1	1
蒭	추	16	13	木	芻와 同字	0	1
蒯	괴	16	13	木	황모 괴	1	1
蒲	포	16	13	木	부들풀 포	3	1
蒴	삭	16	13	木	말오줌대 삭	1	1
蒸	증	13	13	火	찔 증	4	1
蒹	겸	16	13	木	갈대 겸	1	1
蒺	질	16	13	木	납가새 질	1	1
蒻	약	16	13	木	구약나물 약	3	1
蒼	창	16	13	木	푸를 창	4	0
蒽	은	16	13	木		0	1
蒿	호	16	13	木	쑥 호	3	1
蓀	손	16	13	木	난초	3	0
蓁	진	16	13	木	우거질 진	1	1
蓂	명	16	13	木	명협 명	3	1
蓄	축	16	13	木	쌓을 축	4	1
蓆	석	16	13	木	자리 석	3	1
蓉	용	16	13	木	연꽃 용	3	0
蓊	옹	16	13	木	옹풀 옹	1	1
蓋	개	16	13	木	뚜껑 개	4	1
蓍	시	16	13	木	뺑대쑥 시	3	1
蓏	나,라	16	13	木		0	1
蓐	욕	16	13	木	새싹 욕	0	1
蓑	사	16	13	木	도롱이 사	3	1
蓓	배	16	13	木	꽃봉오리 배	1	1
蓖	비	16	13	木	아주까리 비	1	1
蓚	수	16	12	木	기쁠	3	0
蓬	봉	17	13	木	쑥 봉	3	1
蓭	암	17	14	木	암자 암	0	1
蓮	련,연	17	13	木	연밥 련	4	1
蓯	총	17	14	木	풀 더북할 총	1	1
蓱	평	17	12	木	마름 평	0	1
蓴	순	17	14	木	순나물 순	3	1
蓺	예	17	14	木		0	1
蓼	료,요	17	14	木	여뀌 료	3	1
蓽	필	17	13	木	휘추리 필	1	1
蔀	부	17	13	木	빈지문 부	1	1
蔆	능,릉	17	14	木	마름 릉	1	1
蔎	설	17	14	木		0	1
蔑	멸	17	14	木	업신여길 멸	3	1
蔓	만	17	14	木	덩굴 만	3	1
蔔	복	17	14	木	무우 복	3	1
蔕	체	17	14	木	작은 가시 체	0	1
蔗	자	17	14	木	사탕수수 자	4	1
蔘	삼	17	14	木	인삼 삼	3	1
蔚	울	17	14	木	고을이름 울	4	0
蔞	누,루	17	14	木	쑥 루	3	1
蔟	주	17	14	木	태주 주	1	1
蔡	채	17	14	木	거북 채	3	0
蔣	장	17	14	木	줄 장	3	1
蔥	총	17	14	木	파 총	3	1
蔦	조	17	14	木	담쟁이 조	1	1
蔪	점	17	14	木	풀 벨 점	0	1
蔬	소	17	15	木	나물 소	4	1
蔭	음	17	13	木	덮을 음	4	1
蔯	진	17	13	木	더워지기 진	3	1
蔰	호	17	14	木		0	1
蔽	폐	18	14	木	가리울 폐	4	1
蔿	위	18	15	木	풀 위	3	1
蕁	담	18	15	木	말 담	3	1
蕃	번	18	15	木	우거질 번	3	1
蕆	천	18	15	木	경계할 천	0	1
蕉	초	18	15	木	파초 초	4	1
蕊	예	18	15	木	꽃술 예	1	1
蕎	교	18	15	木	메밀 교	3	1
蕓	운	18	15	木	운풀 운	3	1
蕕	유	18	15	木	냄새나는 풀 유	0	1
蕖	거	18	14	木	연꽃 거	0	0
蕗	노,로	18	16	木		1	1
蕘	요	18	15	木	나무할 요	0	0
蕙	혜	18	15	木	혜초 혜	3	1
蕡	분	18	15	木	들깨 분	0	1
蕣	순	18	15	木	무궁화 순	3	1
蕤	유	18	15	木	더북할 유	1	1
蕨	궐	18	15	木	고사리 궐	3	1
蕩	탕	18	15	木	넓고 클 탕	4	0
蕪	무	18	15	木	거칠어질 무	3	1
蕫	동	18	15	木	황모 동	0	1
蕭	소	18	16	木	쑥 소	3	1
蕸	하	19	15	木		0	1
蕺	즙	19	15	木	삼백초 즙	0	1
蕾	뇌,뢰	19	16	木	꽃봉오리 뢰	1	1
薀	온	19	16	木	마름 온	1	1
薄	박	19	16	木	숲 박	4	1
薆	애	19	16	木	숨겨질 애	0	1
薇	미	19	16	木	고삐 미	3	1
薉	예	19	16	木	더러울 예	0	1
薊	계	19	16	木	삽주 계	1	1
薌	향	19	14	木	곡기 향	1	1
薏	의	19	16	木	연밥 의	3	1
薑	강	19	16	木	생강 강	3	1
薔	장	19	16	木	물여뀌 장	3	1
薗	원	19	16	木	園과 同字	1	1
薙	치	19	16	木	풀 깎을 치	1	1
薛	설	19	16	木	맑은대쑥 설	3	0
薝	담	19	16	木	치자나무 담	0	0
薤	해	19	16	木	염교 해	0	1
薥	촉	19	16	木	촉규화 촉	0	1
薦	천	19	16	木	천거할 천	3	1
薨	훙	19	16	木	죽을 훙	3	1
薩	살	20	16	木	보살 살	3	1
薪	신	19	16	木	섶 신	4	1
薫	훈	19	16	木		1	1
薯	서	20	16	木	참마 서	3	1
薰	훈	20	17	木	향불 훈	3	1
薳	원,위	20	16	木		0	1
薷	유	20	17	木		0	1
薺	제	20	17	木	냉이 제	3	1
薾	이	20	17	木		1	1
薿	의	20	17	木		0	1
藁	고	20	17	木	마른 나무 고	3	0
藇	서	20	16	木		0	1
藉	자	20	17	木	깔개 자	3	1
藍	남,람	20	17	木	쪽 남	4	1
藎	신	20	17	木	갈골 신	3	1
藏	장	20	17	木	감출 장	4	1
藐	묘	20	17	木	작을 묘	1	1
藑	경	20	17	木		0	1
藕	우	21	18	木	연뿌리 우	3	1
藜	려,여	21	18	木	나라 이름 려	3	0
藝	예	21	18	木	재주 예	4	0
藤	등	21	18	木	등나무 등	3	0
藥	약	21	18	木	약 약	4	1
藩	번	21	18	木	덮을 번	3	1
藪	수	21	18	木	큰 늪 수	3	1
藷	저	22	18	木	마 저	3	1
藹	애	22	19	木	화기로울 애	2	1
藺	린,인	22	19	木	골풀 린	3	1
藻	조	22	19	木	조류 조	3	1
藿	곽	22	19	木	콩잎 곽	3	1
蘀	탁	22	19	木	떨어질 탁	0	1
蘂	예	22	19	木	蕊와 同字	3	1
蘄	기	22	19	木	풀 이름 기	1	1
蘅	형	22	19	木		1	1
蘆	노,로	22	19	木	갈대 노	3	1
蘇	소	22	19	木	차조기 소	3	0
蘊	온	22	19	木	마름 온	3	1
蘋	빈	22	19	木	네가래 빈	2	1
蘍	훈	22	19	木		0	1
蘖	얼	23	20	木	그루터기 얼	3	1
蘗	벽	23	20	木	황경나무 벽	3	0
蘘	양	23	20	木	양하 양	0	1
蘚	선	23	20	木	이끼 선	3	1
蘟	은	23	19	木		0	1
蘠	장	23	20	木		0	1
蘢	농,롱	22	19	木	개여뀌 롱	1	1
蘧	거	23	19	木	패랭이꽃 거	0	1
蘩	번	23	20	木	산흰쑥 번	1	1
蘪	미	23	20	木		0	1
蘭	난,란	23	20	木	난초 난	4	0
蘯	탕	23	20	木	盪과 同字	0	1
蘼	미	25	22	木	장미 미	0	1
蘿	나,라	25	22	木	소나무겨우살이 나	3	0
虁	기	25	24	木	夔와 同字	0	1
虍	호	6	6	木	범	0	1
虎	호	8	8	木	범 호	4	1
虐	학	9	9	木	사나울 학	3	1
虓	효	10	10	木	울부짖을 효	0	1
虔	건	10	10	木	정성 건	3	0
處	처	11	11	木	살 처	4	1
虛	허	12	12	木	빌 허	4	1
虜	노,로	13	13	木	포로 노	3	1
虞	우	13	13	木	염려할 우	3	1
號	호	13	13	木	울부짖을 호	4	1
虤	현	16	16	木		0	1
虧	휴	17	17	木	이지러질 휴	3	1
虫	충	6	6	水	벌레 충	1	1
虯	규	8	8	水	뿔없는 용 규	1	0
虱	슬	8	8	水	蝨과 同字	2	1
虸	자	9	9	水		0	1
虹	홍	9	9	水	무지개 홍	4	1
虺	훼	9	9	水	살무사 훼	1	1
虻	맹	9	9	水		1	1
蚊	문	10	10	水	모기 문	4	1
蚋	예	10	10	水	모기 예	1	1
蚌	방	10	10	水	방합 방	3	1
蚍	비	10	10	水	왕개미 비	0	1
蚓	인	10	10	水	지렁이 인	3	1
蚣	공	10	10	水	지네 공	3	1
蚤	조	9	9	水	벼룩 조	3	1
蚨	부	10	10	水	파랑강충이 부	0	1
蚩	치	10	10	水	치벌레 치	3	1
蚪	두	10	10	水	올챙이 두	1	1
蚯	구	11	11	水	지렁이 구	1	1
蚰	유	11	11	水	노래기 유	0	0
蚱	책	11	11	水	벼메뚜기 책	1	1
蚴	유	11	11	水	굼틀거릴 유	1	1
蛀	주	11	11	水	나무좀 주	2	0
蛅	점	11	11	水		0	1
蛆	저	11	11	水	구더기 저	1	1
蛇	사	11	11	水	뱀 사	4	1
蛉	령,영	11	11	水	장자리 령	1	1
蛋	단	11	11	水	오랑캐 이름 단	4	1
蛔	회	12	12	水	거위 회	3	1
蛙	와	12	12	水	개구리 와	4	1
蛛	주	12	12	水	거미 주	4	1
蛞	활	12	12	水	괄태충 활	1	1
蛟	교	12	12	水	교룡 교	3	1
蛣	길	12	12	水	장구벌레 길	0	1
蛤	합	12	12	水	조개 합	4	1
蛩	공	12	12	水	메뚜기 공	0	1
蛬	공	12	12	水	귀뚜라미 공	0	1
蛭	질	12	12	水	거머리 질	3	1
蛸	소	13	13	水	거미알 소	1	1
蛹	용	13	13	水	번데기 용	1	1
蛻	세	13	13	水	매미 허물 세	1	1
蛾	아	13	13	水	누에나방 아	3	1
蜀	촉	13	13	水	촉규화벌레 촉	3	1
蜂	봉	13	13	水	벌 봉	4	1
蜃	신	13	13	水	큰 조개 신	3	1
蜆	현	13	13	水	가막조개 현	1	1
蜈	오	13	13	水	지네 오	3	1
蜉	부	13	13	水	하루살이 부	1	1
蜊	리,이	13	13	水	참조개 리	1	1
蜋	낭,랑	13	13	水	사마귀 랑	0	1
蜑	단	12	12	水	오랑캐 이름 단	0	1
蜘	지	14	14	水	거미 지	4	1
蜚	비	14	14	水	바퀴 비	3	1
蜜	밀	14	14	水	꿀 밀	4	1
蜝	기	14	14	水	방계 기	0	1
蜡	사	14	14	水	납향 사	1	1
蜥	석	14	14	水	도마뱀 석	1	1
蜨	접	14	14	水	나비 접	0	1
蜩	조	14	14	水	매미 조	1	1
蜴	척	14	14	水	도마뱀 척	1	1
蜵	연	15	15	水	우렁찰 연	0	1
蜷	권	14	14	水	움추러질 권	1	1
蜺	예	14	14	水	말매미 예	0	1
蜻	청	14	14	水	귀뚜라미 청	2	1
蜿	원	14	14	水	굼틀거릴 원	1	1
蝀	동	14	14	水	무지개 동	2	1
蝌	과	15	15	水	올챙이 과	1	1
蝎	갈	15	15	水	전갈 갈	3	1
蝕	식	14	14	水	벌레먹을 식	4	1
蝗	황	15	15	水	누리 황	3	1
蝙	편	15	15	水	박쥐 편	1	1
蝟	위	15	15	水	고슴도치 위	3	1
蝠	복	15	15	水	박쥐 복	1	1
蝤	유	15	15	水	하루살이 유	0	1
蝥	모	15	15	水	해충 모	0	1
蝦	하	15	15	水	새우 하	3	1
蝨	슬	15	15	水	이 슬	4	1
蝮	복	15	15	水	살무사 복	1	1
蝴	호	15	15	水	나비	4	1
蝶	접	15	15	水	들나비 접	4	1
蝸	와	14	14	水	달팽이 와	4	1
蝹	운	15	15	水		0	1
螂	낭,랑	14	14	水	蜋과 同字	3	1
螃	방	16	16	水	방게 방	1	1
螌	반	16	16	水	가뢰 반	0	1
融	융	16	16	水	부드러울 융	3	1
螘	의	16	16	水	목 매어 죽는 벌레 의	0	1
螞	마	16	16	水	말거머리 마	2	1
螟	명	16	16	水	마디충 명	3	1
螢	형	16	16	水	개똥벌레 형	4	1
螣	등	16	16	水	등사 등	1	1
螭	리,이	16	16	水	교륭 리	1	1
螳	당	17	17	水	버마 재비 당	3	1
螴	진	16	16	水	설렐 진	0	1
螺	나,라	17	17	水	소라 나	3	1
螻	누,루	17	17	水	땅강아지 루	1	1
螽	종	17	17	水	누리 종	1	1
蟀	솔	17	17	水	귀뚜라미 솔	1	1
蟄	칩	17	17	水	벌레 움츠릴 칩	3	1
蟇	마	16	16	水	개구리 마	1	1
蟊	모	17	17	水	蝥와 同字	0	1
蟋	실	17	17	水	귀뚜라미 실	1	1
蟚	팽	18	18	水	蟛과 同字	0	1
蟛	팽	18	18	水	방게 팽	1	1
蟠	반	18	18	水	서릴 반	3	1
蟣	기	18	18	水	서캐 기	0	1
蟬	선	18	18	水	매미 선	4	1
蟯	요	18	18	水	촌백충 요	3	1
蟲	충	18	18	水	벌레 충	4	1
蟷	당	19	19	水	사마귀 당	1	1
蟹	해	19	19	水	게 해	4	1
蟻	의	19	19	水	왕개미 의	3	1
蟾	섬	19	19	水	두꺼비 섬	3	1
蠃	라	19	19	水		1	1
蠅	승	19	19	水	파리 승	4	1
蠍	갈	19	19	水	전갈 갈	1	1
蠑	영	20	20	水	도마뱀 영	1	1
蠕	연	20	20	水		1	1
蠙	빈	20	20	水		0	1
蠟	납,랍	21	21	水	밀 납	3	1
蠡	려,여	21	21	水	좀먹을 려	1	1
蠢	준	21	21	水	꿈틀거릴 준	3	1
蠣	려,여	20	20	水	굴 려	3	1
蠱	고	23	23	水	독 고	3	1
蠲	견	23	23	水	밝을 견	0	0
蠶	잠	24	24	水	누에 잠	3	1
蠹	두	24	24	水	좀 두	1	1
蠻	만	25	25	水	오랑캐 만	3	1
血	혈	6	6	水	피 혈	4	1
衄	뉵,육	10	10	水	코피 뉵	1	1
衆	중	12	12	水	무리 중	3	1
衊	멸	20	20	水	모독할 멸	1	1
行	항,행	6	6	火	시장 항	4	1
衍	연	9	9	火	성할 연	3	0
衎	간	9	9	火	즐길 간	0	1
衒	현	11	11	火	자랑할 현	3	1
術	술	11	11	火	재주 술	4	0
街	가	12	12	火	거리 가	4	1
衙	아	13	13	火	마을 아	3	0
衛	위	15	15	火	衞와 同字	3	1
衝	충	15	15	火	충돌할 충	4	1
衞	위	16	16	火	막을 위	2	1
衠	순	16	16	火		0	1
衡	형	16	16	火	저울대 형	3	1
衢	구	24	24	火	네거리 구	3	1
衣	의	6	6	木	옷 의	4	1
表	표	9	8	木	겉 표	4	0
衫	삼	9	8	木	적삼 삼	4	1
衮	곤	10	10	木	袞과 同字	1	1
衰	쇠	10	10	木	쇠할 쇠	4	1
衲	납	10	9	木	기울 납	3	1
衷	충	10	10	木	가운데 충	3	0
衸	개,해	10	9	木		0	1
衹	지	10	9	木		1	1
衼	지	10	9	木		0	1
衽	임	10	9	木	옷깃 임	1	1
衾	금	10	10	木	이불 금	3	1
衿	금	10	9	木	옷깃 금	3	1
袀	균	10	9	木		0	1
袁	원	10	10	木	옷 치렁거릴 원	3	1
袂	몌	10	9	木	소매 몌	3	1
袈	가	11	11	木	가사 가	3	1
袋	대	11	11	木	자루 대	4	1
袍	포	11	10	木	도포 포	4	1
袒	단	11	10	木	웃옷 벗을 단	3	1
袖	수	11	10	木	소매 수	3	1
袗	진	11	10	木	홑옷 진	3	1
袛	저	11	10	木	속적삼 저	0	1
袝	부	11	10	木		0	1
袞	곤	11	11	木	곤룡포 곤	3	1
袢	번	11	10	木	속옷 번	1	1
袨	현	11	10	木		0	1
袪	거	11	10	木	소매 거	1	1
被	피	11	10	木	이불 피	4	1
袴	고	12	11	木	바지 고	3	1
袵	임	12	11	木		0	1
裀	인	12	11	木	요 인	0	1
裁	재	12	12	木	마름질할 재	4	1
裂	렬,열	12	12	木	찢을 렬	4	1
裍	곤	13	12	木	걷어 올릴 곤	0	1
裏	리,이	13	13	木	속 리	4	1
裒	부	13	12	木	모을 부	1	1
裔	예	13	13	木	옷 뒷자락 예	3	1
裕	유	13	12	木	넉넉할 유	4	0
裖	진	13	12	木		0	1
裘	구	13	13	木	갓옷 구	1	1
裙	군	13	12	木	치마 군	3	1
補	보	13	12	木	기울 보	4	1
裝	장	13	13	木	차려 입을 장	4	1
裟	사	13	13	木	가사 사	3	1
裡	리,이	13	12	木	裏와 同字	3	1
裨	비	14	13	木	도울 비	3	0
裯	주	14	13	木	홑이불 주	1	1
裱	표	14	13	木	목수건 표	1	1
裳	상	14	14	木	치마 상	4	1
裴	배	14	14	木	옷 치렁치렁할 배	3	1
裵	배	14	14	木	성	3	0
裸	나,라	14	13	木	벌거벗을 라	3	1
裹	과	14	14	木	쌀 과	2	1
裼	석	14	13	木		0	1
製	제	14	14	木	만들 제	3	1
裾	거	14	13	木	옷 뒷자락 거	1	1
複	복	15	14	木	겹옷 복	4	1
褈	종,중	15	14	木		0	1
褊	편	15	14	木	좁을 편	1	1
褌	곤	15	14	木	잠방이 곤	1	1
褐	갈	15	14	木	털베 갈	3	1
褑	원	15	14	木		0	1
褒	포	15	15	木	포장할 포	3	1
褓	보	15	14	木	포대기 보	3	1
褕	유	15	14	木	꿩의 깃으로 꾸민 옷	1	1
褘	위	15	14	木	휘장 위	3	1
褙	배	15	14	木	속적삼	3	1
褚	저	15	13	木	주머니 저	1	1
褥	욕	16	15	木	요	4	1
褧	경	16	16	木	홑옷 경	0	1
褪	퇴	16	14	木	옷 벗을 퇴	3	1
褫	치	16	15	木	옷 빼앗을 치	1	1
褯	석,자	16	15	木		0	1
褰	건	16	16	木	바지 건	0	1
褶	습	17	16	木	슬갑 습	3	1
褸	누,루	17	16	木	남루할 루	3	1
褺	첩	17	17	木	겹옷 첩	0	1
褻	설	17	17	木	더러울 설	3	1
襁	강	17	17	木	포대기 강	3	1
襄	양	17	17	木	오를 양	3	0
襍	잡	18	17	木	雜의 本字	0	1
襒	별	18	16	木		0	1
襖	오	19	17	木	도포 오	1	1
襘	괴	19	18	木	띠매듭 괴	0	1
襜	첨	19	18	木	행주치마 첨	0	1
襞	벽	19	19	木	주름 벽	1	1
襟	금	19	18	木	옷깃 금	3	1
襠	당	19	18	木	잠방이 당	1	1
襤	남,람	20	19	木	누더기 남	3	1
襪	말	21	19	木	버선 말	4	1
襭	힐	21	20	木	옷자락 꽂을 힐	0	1
襯	친	22	21	木	속옷 친	1	1
襲	습	22	22	木	옷 덧입을 습	4	1
襴	난,란	23	22	木	난삼 란	1	1
襾	아	6	6			0	1
西	서	6	6		서녘 서	4	1
要	요	9	9		구할 요	4	1
覃	담	12	12		미칠 담	3	1
覆	복	18	18		뒤집힐 복	3	1
覇	패	19	19		霸의 俗字	3	1
覈	핵	19	19		핵실할 핵	1	1
見	견,현	7	7	火	볼 견	4	1
規	규	11	11	火	그림쇠 규	4	0
覓	멱	11	11	火	찾을 멱	3	1
視	시	12	11	木	볼 시	4	1
覗	사	12	12	火	엿볼 사	1	1
覘	점	12	12	火		0	1
覜	조	13	13	火		1	1
覟	지	14	14	火		0	1
覠	균	14	14	火		0	1
覡	격	14	14	火	박수 격	3	1
覨	악	16	16	火	오래 볼 악	0	1
覩	도	15	15	火	睹와 同字	3	1
親	친	16	16	火	사랑할 친	4	0
覬	기	17	17	火	바랄 기	1	1
覯	구	17	17	火		1	1
覲	근	18	18	火	뵈울	3	1
覴	등	19	19	火		0	1
覶	나,라	19	19	火		0	1
覷	처	18	18	火	엿볼 처	1	1
覺	각	20	20	火	깨달을 각	4	1
覼	라	21	21	火		0	1
覽	남,람	21	21	火	볼 람	4	1
覿	적	22	22	火	볼 적	1	1
觀	관	24	24	火	볼 관	4	1
角	각	7	7	木	뿔 각	4	1
觔	근	9	9	木	筋과 同字	1	1
觖	결	11	11	木	서운할 결	0	1
觗	지	11	11	木		0	1
觚	고	12	12	木	술잔 고	1	1
觜	자	13	13	木	털뿔 자	1	1
觝	저	12	12	木	찌를 저	0	1
解	해	13	13	木	쪼갤 해	4	1
觥	굉	13	13	木	뿔잔 굉	1	1
觰	다	15	15	木		0	1
觱	필	16	16	木	바람이 쌀쌀할 필	0	0
觳	곡	17	17	木	뿔잔 곡	0	1
觴	상	18	18	木	잔 상	3	1
觸	촉	20	20	木	받을 촉	4	1
言	언	7	7	金	말씀 언	4	1
訂	정	9	9	金	바로잡을 정	4	1
訃	부	9	9	金	부고 부	3	1
訇	굉	9	9	金	큰 소리 굉	0	1
計	계	9	9	金	꾀 계	4	1
訉	범	10	10	金	말 많을 범	0	0
訊	신	10	10	金	물을 신	4	1
訌	홍	10	10	金	무너질 홍	3	1
討	토	10	10	金	다스릴 토	4	0
訏	우	10	10	金		1	1
訐	알	10	10	金	들추어 낼 알	1	1
訑	이	10	10	金	자랑할 이	1	1
訓	훈	10	10	金	가르칠 훈	4	0
訔	은	10	10	金	시비할 은	0	1
訕	산	10	10	金	헐뜯을 산	1	1
訖	흘	10	10	金	이를 흘	3	1
託	탁	10	10	金	맡길 탁	4	0
記	기	10	10	金	기록할 기	4	1
訛	와	11	11	金	거짓말 와	3	1
訝	아	11	11	金	맞아들일 아	3	1
訟	송	11	11	金	송사할 송	3	1
訢	은	11	11	金	기뻐할 흔	1	1
訣	결	11	11	金	이별할 결	3	1
訧	우	11	11	金		0	1
訪	방	11	11	金	찾을 방	4	1
訫	신	11	11	金		0	1
訬	묘,초	11	11	金		0	1
設	설	11	11	金	베풀 설	4	0
許	허	11	11	金	허락할 허	4	0
訴	소	12	12	金	하소연할 소	4	1
訶	가	12	12	金	꾸짖을 가	3	1
訸	화	12	12	金		0	1
診	진	12	12	金	볼 진	4	1
註	주	12	12	金	주낼 주	3	1
証	정	12	12	金	간할 정	1	1
訾	자	13	13	金	헐뜯을 자	1	1
詁	고	12	12	金	주석 고	1	1
詃	견	12	12	金		0	1
詅	령,영	12	12	金		0	1
詆	저	12	12	金	꾸짖을 저	1	1
詇	앙	12	12	金		0	1
詋	주	12	12	金	呪와 同字	0	1
詍	예	12	12	金		0	1
詐	사	12	12	金	속일 사	4	1
詑	타	12	12	金	자랑할 이	1	1
詒	이,태	12	12	金		1	1
詔	조	12	12	金	고할 조	3	1
評	평	12	12	金	평론할 평	4	1
詖	피	12	12	金	말 잘할 피	1	1
詗	형	12	12	金	염탐할 형	0	1
詘	굴	12	12	金	굽을 굴	0	1
詛	저	12	12	金	저주할	3	1
詝	저	12	12	金		0	1
詞	사	12	12	金	말씀 사	4	1
詠	영	12	12	金	읊을 영	3	1
詡	후	13	13	金	자랑할 후	1	1
詢	순	13	13	金	꾀할 순	4	1
詣	예	13	13	金	이를 예	3	1
詥	합	13	13	金		0	1
試	시	13	13	金	시험할 시	4	1
詨	효	13	13	金		1	1
詩	시	13	13	金	귀글 시	4	0
詫	타	13	13	金	자랑할 타	1	1
詬	구	13	13	金	꾸짖을 구	1	1
詭	궤	13	13	金	속일 궤	3	1
詮	전	13	13	金	평론할 전	3	1
詰	힐	13	13	金	물을 힐	2	1
話	화	13	13	金	말할 화	4	1
該	해	13	13	金	갖출 해	4	1
詳	상	13	13	金	자세할 상	4	1
詵	선	13	13	金	많을 선	3	0
詶	수,주	13	13	金		0	1
詹	첨	13	13	金	이를 첨	3	1
詺	명	13	13	金		0	1
詼	회	13	13	金	조롱할 회	1	1
詿	괘	13	13	金	그르칠 괘	0	1
誂	조	13	13	金	꾈 조	1	1
誄	뇌,뢰	13	13	金	뇌사 뢰	0	1
誅	주	13	13	金	벨 주	3	1
誆	광	13	13	金	속일 광	1	1
誇	과	13	13	金	자랑할 과	4	1
誌	지	14	14	金	기록할 지	3	1
認	인	14	14	金	알 인	4	1
誏	랑	14	14	金		0	1
誐	아	14	14	金		0	1
誑	광	14	14	金	속일 광	1	1
誒	희	14	14	金		0	1
誓	서	14	14	金	맹세할 서	3	1
誕	탄	13	13	金	기를 탄	4	0
誘	유	14	14	金	꾀일 유	4	1
誙	경	14	14	金		0	1
誚	초	14	14	金	꾸짖을 초	1	1
語	어	14	14	金	말씀 어	4	1
誠	성	13	13	金	미쁠 성	4	0
誡	계	14	14	金	경계할 계	4	1
誢	현	14	14	金		0	1
誣	무	14	14	金	무고할 무	3	1
誤	오	14	14	金	그릇할 오	4	1
誥	고	14	14	金	고할 고	3	1
誦	송	14	14	金	풍유할 송	4	1
誧	포	14	14	金	꾀할 포	1	1
誨	회	14	14	金	가르칠 회	3	0
說	설,세,열	14	14	金	말씀 설	4	1
誫	진	14	14	金		0	1
誯	창	15	15	金		0	1
誰	수	15	15	金	누구 수	4	1
課	과	15	15	金	매길 과	4	1
誹	비	15	15	金	헐뜯을 비	3	1
誼	의	15	15	金	옳을 의	4	0
誽	나,예	15	15	金		0	1
誾	은	15	15	金	화평할 은	3	0
調	조,주	15	15	金	고를 조	4	1
諂	첨	15	15	金	아첨할 첨	3	1
諄	순	15	15	金	거듭 일러줄 순	3	1
諆	기	15	15	金		0	1
談	담	15	15	金	말씀 담	4	1
諉	위	15	15	金	핑계할 위	1	1
請	청	15	15	金	청할 청	4	1
諍	쟁	13	13	金	간할 쟁	3	1
諏	추	15	15	金	꾀할 추	3	1
諒	량,양	15	15	金	믿을 량	4	0
論	논,론	15	15	金	말할 논	4	1
諗	심	15	15	金		1	1
諘	표	15	15	金		0	1
諚	정	15	15	金		0	1
諛	유	15	15	金	아첨할 유	3	1
諜	첩	16	16	金	염탐할 첩	3	1
諝	서	16	16	金		2	1
諞	편	16	16	金	공교한 말 편	0	1
諟	시,체	16	16	金	이 시	0	1
諠	훤	16	16	金	잊을 훤	0	1
諡	시	16	16	金	행장 시	3	1
諤	악	16	16	金	직언할 악	1	1
諦	체	16	16	金	살필 체	3	1
諧	해	16	16	金	조화할 해	3	0
諨	복	16	16	金		0	1
諪	정	16	16	金	고를	3	1
諫	간	16	16	金	간할 간	3	1
諭	유	16	16	金	고할 유	3	1
諮	자	16	16	金	물을 자	3	1
諰	시	16	16	金	눈 휘둥글할 시	0	0
諱	휘	16	16	金	꺼릴 휘	3	1
諲	인	16	16	金		0	1
諳	암	16	16	金	욀 암	1	1
諴	함	16	16	金	화할 함	1	0
諵	남	16	16	金		0	1
諶	심	16	16	金	참 심	3	1
諷	풍	16	16	金	비유로 간할 풍	3	1
諸	제	15	15	金	모든 제	3	0
諹	양	16	16	金		0	1
諺	언	16	16	金	상말 언	3	1
諼	훤	16	16	金	속일 훤	1	1
諾	낙	15	15	金	대답할 낙	2	1
謀	모	16	16	金	꾀할 모	4	1
謁	알	16	16	金	아뢸 알	3	1
謂	위	16	16	金	고할 위	3	1
謄	등	17	17	金	베낄 등	3	1
謇	건	17	17	金	말 더듬거릴 건	0	1
謌	가	17	17	金	歌와 同字	0	1
謍	영	17	17	金		0	1
謎	미	16	16	金	수수께끼 미	4	1
謐	밀	17	17	金	고요할 밀	3	0
謑	혜	17	17	金	창피줄 혜	0	1
謔	학	16	16	金	희롱할 학	3	1
謖	속	17	17	金	일어날	3	1
謗	방	17	17	金	헐뜯을 방	3	1
謙	겸	17	17	金	사양할 겸	4	1
謚	익	17	17	金	웃을 익	3	0
講	강	17	17	金	강론할 강	4	1
謜	원	17	17	金	천천히 말할 원	0	1
謝	사	17	17	金	사례할 사	4	1
謞	학	17	17	金		0	1
謠	요	17	17	金	노래 요	3	0
謣	우	18	18	金	망령되게 말할 우	0	1
謦	경	18	18	金	기침 경	1	1
謨	모	17	17	金	꾀 모	3	1
謪	상	18	18	金		0	1
謫	적	18	18	金	귀양갈 적	3	1
謬	류,유	18	18	金	그릇될 류	3	1
謱	루	18	18	金		0	1
謳	구	18	18	金	읊조릴 구	3	1
謷	오	17	17	金	중얼거릴 오	0	1
謹	근	18	18	金	삼갈 근	3	0
謼	효	18	18	金		0	1
謾	만	18	18	金	속일 만	1	1
譁	화	17	17	金	시끄러울 화	3	1
譃	후	18	18	金	망녕된 말 후	0	1
譆	희	19	19	金		1	1
證	증	19	19	金	증거 증	4	1
譌	와	19	19	金	거짓 와	0	1
譎	휼	19	19	金	속일 휼	3	1
譏	기	19	19	金	나무랄 기	3	0
譓	혜	19	19	金		0	1
譔	선	19	19	金	가르칠 선	0	0
譖	참	19	19	金	참소할 참	1	1
識	식,지	19	19	金	알 식	4	1
譙	초	19	19	金	꾸짖을 초	1	1
譚	담	19	19	金	클 담	3	0
譜	보	19	19	金	계보 보	4	1
譞	현	20	20	金		0	1
譟	조	20	20	金	시끄러울 조	1	1
警	경	19	19	金	경계할 경	4	1
譪	애	19	19	金		1	1
譫	섬	20	20	金	헛소리 섬	1	1
譬	비	20	20	金	비유할 비	3	1
譯	역	20	20	金	통변할 역	3	1
議	의	20	20	金	말할 의	4	1
譱	선	20	20	金	善의 古字	0	1
譴	견	20	20	金	꾸짖을 견	3	1
護	호	20	20	金	보호할 호	4	1
譹	호	21	21	金		0	1
譽	예	20	20	金	칭찬할 예	3	0
譿	혜	22	22	金	슬기로울 혜	2	0
讀	독,두	22	22	金	읽을 독	4	1
讂	현	21	21	金		0	1
讃	찬	22	22	金		1	1
讅	심	22	22	金		0	1
讉	유	22	22	金	성낼 유	0	1
變	변	23	23	金	변할 변	4	1
讌	연	23	23	金	잔치 연	1	1
讎	수	23	23	金	짝 수	1	1
讐	수	23	23	金	讎와 同字	3	1
讒	참	24	24	金	참소할 참	3	1
讓	양	24	24	金	사양할 양	4	1
讖	참	24	24	金	참서 참	3	1
讙	환,훤	24	24	金		0	1
讚	찬	26	26	金	기릴 찬	4	0
讜	당	27	27	金	곧은 말 당	1	1
讞	언	27	27	金	죄 의논할 언	1	1
谷	곡	7	7	水	골짜기 곡	4	1
谿	계	17	17	水	시내 계	3	0
豁	활	17	17	水	뚫린 골 활	3	1
豆	두	7	7	木	콩 두	4	1
豇	강	10	10	木	광저기 강	0	1
豈	개,기	10	10	木	승전악 개	3	1
豉	시	11	11	木	메주 시	1	1
豊	풍	13	13	木	豐의 略字	3	1
豌	완	15	15	木	동부 완	3	1
豎	수	15	15	木	세울 수	1	0
豐	풍	18	18	木		4	1
豕	시	7	7	水	돼지 시	3	1
豖	축	8	8	水	발 얽은 돼지걸음 축	0	1
豚	돈	11	11	水	돼지 돈	3	1
象	상	11	11	水	코끼리 상	4	1
豢	환	13	13	水	기를 환	1	0
豨	희	14	14	水	멧돼지 희	0	1
豪	호	14	14	水	호걸 호	3	1
豫	서,예	15	15	水	기쁠 예	3	0
豳	반,빈	17	17	水	나라 이름 빈	1	0
豸	치	7	7	水	발 없는 벌레 치	1	1
豹	표	10	10	水	표범 표	3	1
豺	시	10	10	水	승냥이 시	3	1
貂	초	12	12	水	담비 초	3	1
貃	맥	12	12	水	오랑캐 맥	0	1
貊	맥	13	13	水	북방 종족 맥	3	1
貌	모	14	14	水	얼굴 모	4	0
貍	리,이	14	14	水	삵 리	2	1
貓	묘	15	15	水	猫와 同字	2	1
貔	비	17	17	水	비휴 비	0	1
貘	맥	17	17	水	짐승 이름 맥	1	1
貝	배,패	7	7	金	조개 패	4	1
貞	정	9	9	金	곧을 정	3	0
貟	원	9	9	金		0	1
負	부	9	9	金	질 부	4	1
財	재	10	10	金	재물 재	4	1
貢	공	10	10	金	바칠 공	3	1
貤	이	10	10	金		0	1
貥	항	11	11	金		0	1
貧	빈	11	11	金	가난할 빈	4	1
貨	화	11	11	金	재화 화	4	1
販	판	11	11	金	장사 판	4	1
貪	탐	11	11	金	탐할 탐	4	1
貫	관	11	11	金	꿸 관	4	1
責	채,책	11	11	金	꾸짖을 책	4	1
貯	저	12	12	金	쌓을 저	4	1
貰	세	12	12	金	빌릴 세	3	1
貲	자	13	13	金	재물 자	1	1
貳	이	12	12	金	二의 갖은자	3	1
貴	귀	12	12	金	높을 귀	4	0
貶	폄	11	11	金	떨어질 폄	3	1
買	매	12	12	金	살 매	4	1
貸	대	12	12	金	빌릴 대	3	1
貹	성	12	12	金		0	1
貺	황	12	12	金	줄 황	0	1
費	비	12	12	金	쓸 비	4	1
貼	첩	12	12	金	붙을 첩	4	1
貽	이	12	12	金	끼칠 이	3	1
貿	무	12	12	金	바꿀 무	4	1
賀	하	12	12	金	축하할 하	4	1
賁	분	12	12	金	클 분	3	0
賂	뇌,뢰	13	13	金	뇌물 뇌	3	1
賃	임	13	13	金	품팔이 임	3	1
賄	회	13	13	金	뇌물 회	3	1
賅	해	13	13	金		1	1
賆	변	13	13	金		0	1
資	자	13	13	金	재물 자	4	1
賈	가,고	13	13	金	값 가	3	1
賊	적	13	13	金	도적 적	4	1
賏	영	14	14	金		0	1
賐	준	14	14	金		0	1
賑	진	14	14	金	구휼할 진	3	1
賓	빈	14	14	金	손 빈	4	1
賙	주	15	15	金	진휼할 주	0	1
賚	뇌,뢰	15	15	金	줄 뢰	3	1
賛	찬	15	15	金		1	1
賜	사	15	15	金	줄 사	4	1
賝	침	15	15	金		0	1
賞	상	15	15	金	상줄 상	4	1
賟	전	15	15	金		0	1
賠	배	15	15	金	물어줄 배	3	1
賡	갱	15	15	金	이을 갱	1	1
賢	현	15	15	金	어질 현	3	0
賣	매	15	15	金	팔 매	4	1
賤	천	15	15	金	천할 천	4	1
賥	수	15	15	金		0	1
賦	부	15	15	金	구실 부	3	1
質	질	15	15	金	바탕 질	4	1
賭	도	15	15	金	노름 도	4	1
賰	춘	16	16	金		2	1
賱	운	16	16	金		2	1
賲	보	16	16	金		0	1
賳	재	16	16	金		0	1
賴	뇌,뢰	16	16	金	힘 입을 뢰	4	1
賻	부	17	17	金	부의 부	3	1
購	구	17	17	金	살 구	4	1
賽	새	17	17	金	굿할 새	4	1
贄	지	18	18	金	폐백 지	3	1
贅	췌	17	17	金	붙일 췌	3	1
贇	빈,윤	19	19	金	예블	3	1
贈	증	19	19	金	보낼 증	4	1
贊	찬	19	19	金	도울 찬	4	0
贍	섬	20	20	金	넉넉할 섬	3	0
贏	영	20	20	金	이문 남길 영	1	1
贐	신	21	21	金	노자 신	0	1
贓	장	21	21	金	장물 장	3	1
贔	비	21	21	金	힘쓸 비	1	0
贖	속	22	22	金	속바칠 속	3	1
贛	공	24	24	金	줄 공	1	1
赤	적	7	7	火	붉을 적	3	0
赥	혁	11	11	火		0	1
赦	사	11	11	火	용서할 사	3	1
赧	난	11	11	火	얼굴 붉힐 난	1	0
赩	혁	13	13	火		0	1
赫	혁	14	14	火	불 이글이글할 혁	3	0
赬	정	16	16	火		0	1
赭	자	15	15	火	붉은흙 자	1	1
赮	하	16	16	火		0	1
走	주	7	7	火	달릴 주	4	1
赳	규	9	9	火	헌걸찰 규	4	1
赴	부	9	9	火	나아갈 부	3	0
赶	간	10	10	火	달릴 간	1	1
起	기	10	10	火	일어날 기	4	1
趁	진	12	12	火	좇을 진	2	1
超	초	12	12	火	뛰어넘을 초	4	1
越	월	12	12	火	넘을 월	4	1
趌	길	13	13	火		0	1
趎	주	13	13	火	사람이름 주	0	1
趐	혈	13	13	火	새가 떼로 날 혈	0	1
趙	조	14	14	火	조나라 조	3	0
趜	국	15	15	火		0	1
趠	초	15	15	火	멀 초	0	0
趡	유,추	15	15	火		0	1
趣	취	15	15	火	추창할 취	4	1
趨	추	17	17	火	달아날 추	3	1
趫	교	19	19	火		0	1
趲	찬	26	26	火	놀라 흩어질 찬	0	1
足	족	7	7	土	발 족	4	1
趺	부	11	11	土	책상다리할 부	3	0
趾	지	11	11	土	발 지	4	1
跂	기	11	11	土	육발 기	0	1
跆	태	12	12	土	밟을 태	3	1
跇	예	12	12	土		0	1
跋	발	12	12	土	밟을 발	3	1
跌	질	12	12	土	넘어질 질	4	1
跎	타	12	12	土	미끄러질 타	1	1
跏	가	12	12	土	책상다리할 가	3	0
跕	접	12	12	土	미끄러질 접	0	1
跖	척	12	12	土	발바닥 척	1	1
跗	부	12	12	土	발등 부	1	1
跛	파	12	12	土	절뚝발이 파	4	1
距	거	11	11	土	며느리 발톱 거	4	1
跟	근	13	13	土	발두꿈치 근	2	1
跡	적	13	13	土	자취 적	4	1
跣	선	13	13	土	맨발 선	3	1
跨	과	13	13	土	타넘을 과	3	1
跪	궤	13	13	土	끓어앉을 궤	2	1
跫	공	13	13	土	발자국 소리 공	1	1
跬	규	13	13	土	한발자국 규	1	1
跭	강	13	13	土		0	1
路	노,로	13	13	土	길 노	4	0
跱	치	13	13	土	머뭇거릴 치	0	1
跳	도	13	13	土	뛸 도	4	1
跼	국	14	14	土	구부릴 국	1	1
踆	준	14	14	土	그칠 준	0	1
踉	량,양	14	14	土	뛸 량	1	1
踊	용	14	14	土	뛸	3	1
踏	답	15	15	土	떨어지는 소리 답	4	1
踐	천	15	15	土	밟을 천	4	1
踔	탁	15	15	土	우뚝 설 탁	0	1
踚	륜,윤	15	15	土		0	1
踝	과	15	15	土	복사뼈 과	1	0
踞	거	15	15	土	걸터앉을 거	3	1
踟	지	15	15	土	머뭇거릴 지	1	1
踪	종	15	15	土	자취 종	4	1
踰	유	16	16	土	넘을 유	3	1
踴	용	16	16	土	뛸 용	2	1
踵	종	16	16	土	발꿈치 종	3	1
踶	제	16	16	土	찰 제	0	1
踺	건	15	15	土		0	1
踽	우	16	16	土	타달거릴 우	1	1
踾	복	16	16	土		0	1
蹀	접	16	16	土	저벅저벅 걸을 접	0	1
蹂	유	16	16	土	밟을 유	3	1
蹄	제	16	16	土	굽 제	4	1
蹇	건	17	17	土	절름거릴 건	3	1
蹈	도	17	17	土	밟을 도	3	1
蹉	차	16	16	土	넘어질 차	3	1
蹊	혜	17	17	土	지름길 혜	3	1
蹌	창	17	17	土	추창할 창	1	1
蹏	제	17	17	土	蹄와 同字	0	1
蹕	필	17	17	土	길 치울 필	1	0
蹙	축	18	18	土	찡그릴 축	3	1
蹜	축	18	18	土	발 끌어 디딜 축	0	1
蹟	적	18	18	土	행적 적	4	1
蹠	척	18	18	土	밟을 척	3	1
蹣	만	18	18	土	비틀거릴 만	1	1
蹤	종	18	18	土	자취 종	2	1
蹲	준	19	19	土	걸터앉을 준	1	1
蹴	축	19	19	土	찰 축	3	1
蹶	궐	19	19	土	우물벌레 궐	3	1
蹻	교	19	19	土		1	1
躁	조	20	20	土	떠들 조	4	1
躅	촉	20	20	土	자취 촉	1	1
躇	저	18	18	土	머뭇거릴 저	3	1
躉	돈	19	19	土	거룻배 돈	1	1
躊	주	21	21	土	머뭇거릴 주	3	1
躋	제	21	21	土	오를 제	1	0
躍	약	21	21	土	뛸 약	4	1
躐	렵,엽	22	22	土	밟을 렵	0	1
躑	척	21	21	土	머뭇거릴 척	1	1
躓	지	22	22	土	넘어질 지	1	1
躔	전	22	22	土	햇길 전	0	1
躙	린,인	23	23	土	짓밟을 린	1	1
躞	섭	24	24	土		0	1
躡	섭	25	25	土	밟을 섭	1	1
躪	린,인	26	26	土	짓밟을 린	3	1
身	신	7	7		몸 신	4	1
躬	궁	10	10		몸 궁	4	1
躱	타	13	13		피할 타	0	1
躳	궁	13	13		躬의 本字	0	1
躾	미	16	16			1	1
軀	구	18	18		몸 구	4	1
車	거,차	7	7	火	수레 거	4	0
軋	알	8	8	火	수레 삐걱거릴 알	3	1
軌	궤	9	9	火	수레바퀴 사이 궤	4	1
軍	군	9	9	火	군사 군	4	1
軒	헌	10	10	火	초헌 헌	3	1
軞	모	11	11	火		0	1
軟	연	11	11	火	부드러울 연	4	1
軨	령,영	12	12	火	사냥 수레 령	1	1
軫	진	12	12	火	수레 뒤턱 나무 진	3	0
軸	축	12	12	火	바디집 축	3	1
軹	지	12	12	火	굴대 머리 지	0	1
軺	초	12	12	火	수레 초	0	1
軻	가	12	12	火	수레 가기 힘들 가	3	1
軼	일	12	12	火	앞지를 일	1	1
軾	식	13	13	火	수레앞 가로막이 나무	3	1
輂	국	13	13	火		0	1
較	교	13	13	火	견줄 교	4	1
輅	노,로	13	13	火	수레 로	3	1
輇	전	13	13	火	달 전	0	0
輈	주	13	13	火	끌채 주	0	1
載	재	13	13	火	실을 재	4	0
輐	완	14	14	火		0	1
輒	첩	14	14	火	문득 첩	3	1
輓	만	14	14	火	끌 만	3	1
輔	보	14	14	火	덧방나무 보	4	0
輕	경	14	14	火	가벼울 경	4	1
輖	주	15	15	火		0	1
輛	량,양	15	15	火	수레 량	4	1
輜	치	15	15	火	짐수레 치	3	1
輝	휘	15	15	火	빛날 휘	4	0
輞	망	15	15	火	바퀴테 망	3	1
輟	철	15	15	火	그칠 철	3	1
輦	련,연	15	15	火	손수레 련	2	1
輧	병	15	15	火	거마 소리 병	3	1
輨	관	15	15	火	줏대 관	0	1
輩	배	15	15	火	무리 배	3	1
輪	륜,윤	15	15	火	바퀴 륜	4	1
輭	연	16	16	火		0	1
輯	집	16	16	火	모을 집	4	1
輰	양	16	16	火	상여수레 양	0	1
輳	주	16	16	火	모일 주	3	1
輸	수	16	16	火	떨어뜨릴 수	4	1
輹	복	16	16	火	복토 복	3	0
輻	복,폭	16	16	火	바퀴살 복	3	1
輾	전	17	17	火	돌아 누울 전	3	1
輿	여	17	17	火	수레바탕 여	3	1
轀	온	17	17	火	온량차 온	0	1
轂	곡	17	17	火	바퀴 곡	1	1
轃	진	17	17	火		0	1
轄	할	17	17	火	다스릴 할	3	0
轅	원	17	17	火	진문 원	3	1
轆	녹,록	18	18	火	도르래 록	1	1
轉	전	18	18	火	구를 전	4	1
轍	철	19	19	火	바퀴 자국 철	3	1
轎	교	19	19	火	가마 교	3	1
轒	분	19	19	火	병거 분	0	1
轔	린,인	19	19	火	수레 소리 린	1	1
轗	감	20	20	火		0	1
轘	환	20	20	火	환형 환	0	1
轝	여	20	20	火	輿와 同字	3	1
轞	함	21	21	火	함거 함	0	1
轟	굉	21	21	火	울릴 굉	4	1
轡	비	22	22	火	고삐 비	1	1
轢	력,역	22	22	火	삐걱거릴 력	3	1
轣	력,역	23	23	火	갈 력	0	1
轤	노,로	23	23	火	고패 로	1	1
辛	신	7	7	金	매울 신	4	1
辜	고	12	12	金	허물 고	3	1
辟	벽	13	13	金	임금 벽	1	1
辢	날,랄	14	14	金	辣과 同字	0	1
辣	날,랄	14	14	金	매울 랄	3	1
辦	판	16	16	金	힘들일 판	4	1
辨	변	16	16	金	분별할 변	4	1
辭	사	19	19	金	말 사	3	1
辮	변	20	20	金		1	1
辯	변	21	21	金	말잘할 변	4	1
辰	신,진	7	7	土	날 신	4	1
辱	욕	10	10	土	욕될 욕	3	1
辿	천	10	6	土	천천히 걸을 천	1	1
迀	간	10	6	土	구할 간	0	1
迂	우	10	6	土	굽을 우	3	1
迃	오	10	6	土		0	1
迄	흘	10	6	土	이를 흘	1	1
迅	신	10	6	土	빠를 신	4	1
迍	둔	11	7	土	머뭇거릴 둔	0	1
迎	영	11	7	土	맞을 영	4	1
近	근	11	7	土	가까울 근	4	1
迓	아	11	7	土	마중할 아	1	1
返	반	11	7	土	돌이킬 반	4	1
迕	오	11	7	土	만날 오	0	1
迢	초	12	8	土	멀 초	1	0
迤	이	12	8	土	든든할 이	1	1
迥	형	12	8	土	막을 형	1	1
迦	가	12	8	土	부처이름 가	3	1
迨	태	12	8	土	미칠 태	1	1
迪	적	12	8	土	나아갈 적	3	0
迫	박	12	8	土	닥칠 박	4	1
迬	왕	11	8	土	往과 同字	0	1
迭	질	12	8	土	갈마들 질	3	1
述	술	12	8	土	이을 술	4	1
迲	겁	12	8	土	자내	3	1
迴	회	13	9	土	回와 同字	1	1
迶	우	13	9	土		0	1
迷	미	13	9	土	미혹할 미	4	1
迸	병	13	9	土	달아날 병	1	1
迹	적	13	9	土	발자국 적	4	1
迺	내	13	9	土	이에 내	1	1
迼	결	13	9	土		0	1
追	추	13	9	土	쫓을 추	4	1
迿	준	13	9	土		0	1
退	퇴	13	9	土	물러갈 퇴	4	1
送	송	13	9	土	보낼 송	4	1
适	괄	13	9	土	빠를 괄	3	1
逃	도	13	9	土	달아날 도	4	1
逅	후	13	9	土	만날 후	3	1
逆	역	13	9	土	거스를 역	3	1
逈	형	13	9	土	멀 형	3	0
逋	포	14	10	土	달아날 포	3	1
逌	유	14	10	土	빙그레할 유	0	1
逍	소	14	10	土	노닐 소	3	1
逎	주	14	10	土		0	1
透	투	14	10	土	통할 투	4	0
逐	축	14	10	土	쫓을 축	4	1
逑	구	14	10	土	짝 구	3	1
途	도	14	10	土	길 도	4	0
逕	경	14	10	土	소로 경	4	1
逖	적	14	10	土	멀 적	1	0
逗	두	14	10	土	머무를 두	4	1
這	저	14	10	土	맞을 저	4	1
通	통	14	10	土	뚫릴 통	4	1
逜	오	14	10	土		0	1
逝	서	14	10	土	갈 서	4	1
逞	령,영	14	10	土	굳셀 령	3	0
速	속	14	10	土	빠를 속	4	1
造	조	14	10	土	지을 조	4	1
逡	준	14	10	土	뒷걸음칠 준	3	1
逢	봉	14	10	土	만날 봉	4	1
連	련,연	14	10	土	잇닿을 련	4	1
逮	체	15	11	土	미칠 체	3	1
週	주	15	11	土	돌 주	4	0
進	진	15	11	土	나아갈 진	4	0
逴	탁	15	11	土	멀 탁	0	0
逵	규	15	11	土	구거리 규	3	1
逶	위	15	11	土	비틀거릴 위	1	1
逸	일	15	11	土	달아날 일	3	0
逼	핍	16	12	土	가까울 핍	4	1
逾	유	16	12	土	갈 유	4	1
遁	둔	16	12	土	달아날 둔	3	1
遂	수	16	12	土	사무칠 수	3	1
遇	우	16	12	土	만날 우	3	1
遉	정	16	12	土	순라군 정	0	1
遊	유	16	12	土	놀 유	4	1
運	운	16	12	土	움직일 운	4	1
遍	편	16	12	土	두루 편	4	1
過	과	16	11	土	지날 과	4	1
遏	알	16	12	土	막을 알	1	1
遐	하	16	12	土	멀 하	3	0
遑	황	16	12	土	허둥거릴 황	3	1
遒	주	16	12	土	다가설 주	2	1
道	도	16	12	土	길 도	4	0
達	달	16	12	土	통달할 달	4	1
違	위	16	12	土	어길 위	4	1
遘	구	17	13	土	만날 구	1	1
遙	요	17	13	土	멀 요	4	0
遛	류,유	17	13	土	머무를 류	1	1
遜	손	17	13	土	순할 손	3	1
遝	답	17	13	土	가다가설 답	3	1
遞	체	17	13	土	갈마들 체	3	1
遠	원	17	13	土	멀 원	4	0
遡	소	17	13	土	거스를 소	3	1
遣	견	17	13	土	보낼 견	4	1
遧	장	18	14	土		0	1
遨	오	18	13	土	노닐 오	1	1
適	적	18	14	土	맞갖을 적	4	1
遬	속	18	14	土	공손할 속	0	0
遭	조	18	14	土	만날 조	4	1
遮	차	18	14	土	막을 차	4	1
遯	둔	18	14	土	달아날 둔	3	1
遲	지	19	15	土	늦을 지	4	1
遵	준	19	15	土	좇을 준	4	1
遶	요	19	15	土	둘릴 요	1	1
遷	천	19	15	土	옮길 천	4	1
選	선	19	15	土	가릴 선	4	1
遹	휼	19	15	土		0	1
遺	유	19	15	土	잃어버릴 유	4	1
遼	료,요	19	15	土	멀 료	3	0
遽	거	20	16	土	급할 거	3	1
遾	서	20	16	土		0	1
避	피	20	16	土	숨을 피	4	1
邀	요	20	16	土	맞을 요	4	1
邁	매	20	15	土	갈 매	3	1
邂	해	20	16	土	우연히 만날 해	3	1
邃	수	20	17	土	깊숙할 수	3	1
還	환	20	16	土	돌아올 환	4	1
邅	전	20	16	土	머뭇거릴 전	0	1
邇	이	21	17	土	가까울 이	3	1
邈	막	21	17	土	멀 막	3	0
邊	변	22	18	土	가 변	4	1
邌	려,여	22	18	土	천천히 걸을 려	0	1
邍	원	23	19	土		0	1
邏	나,라	26	22	土	돌 나	3	0
邐	리,이	26	22	土	이어질 리	1	1
邑	읍	7	7	土	고을 읍	3	0
邕	옹	10	10	土	막힐 옹	3	0
邗	한	10	5	土		1	1
邘	우	10	5	土		0	1
邙	망	10	5	土	산 이름 망	3	0
邠	빈	11	6	土	나라 이름 빈	0	0
邢	형	11	6	土	나라 이름 형	3	0
那	나	11	6	土	어찌 나	4	1
邦	방	11	6	土	나라 방	3	0
邧	원	11	6	土		0	1
邨	촌	11	6	土	村과 同字	3	1
邪	사	11	6	土	간사할 사	3	1
邯	감,한	12	7	土	조나라 서울	3	0
邰	태	12	7	土	태나라 태	3	0
邱	구	12	7	土	언덕 구	3	0
邲	필	12	7	土		0	1
邳	비	12	7	土	클 비	1	0
邴	병	12	7	土		1	1
邵	소	12	7	土	땅이름 소	3	0
邸	저	12	7	土	사처 저	3	1
邽	규	13	8	土	고을이름 규	1	0
邾	주	13	8	土		1	1
邿	시	13	8	土		0	1
郁	욱	13	8	土	문채날 욱	3	1
郃	합	13	8	土	땅이름 합	1	1
郄	극	13	8	土	隙과 同字	0	1
郅	질	13	8	土	고을 이름 질	1	0
郇	순	13	8	土		1	1
郈	후	13	8	土		0	1
郊	교	13	8	土	성 밖 교	4	1
郋	해	13	8	土		0	1
郎	낭,랑	13	8	土	사나이 낭	1	1
郔	연	14	8	土		0	1
郕	성	14	8	土		0	1
郗	치	14	9	土		1	1
郚	오	14	9	土		1	1
郜	고	14	9	土	나라이름 고	1	0
郝	학	14	9	土	고을 이름 학	1	0
郞	낭,랑	14	9	土	사나이 랑	3	1
郠	경	14	9	土		0	1
郡	군	14	9	土	고을 군	3	0
郢	영	14	9	土	땅이름 영	1	1
部	부	15	10	土	거느릴 부	4	1
郩	효	15	10	土		0	1
郪	처	15	10	土	고을 이름 처	1	0
郫	비	15	10	土	고을 이름 비	1	0
郭	곽	15	10	土	성곽 곽	3	0
郯	담	15	10	土	나라이름 담	1	0
郲	래	15	10	土		0	1
郳	예	15	10	土		0	1
郴	침	15	10	土	땅이름 침	1	1
郵	우	15	10	土	역말 우	4	1
都	도	16	10	土	도읍 도	4	0
郾	언	16	11	土		1	1
郿	미	16	11	土		0	1
鄂	악	16	11	土	나라이름 악	3	0
鄃	유	16	11	土		0	1
鄄	견	16	11	土		0	1
鄅	우	16	11	土		0	1
鄆	운	16	11	土		0	1
鄇	후	16	11	土		0	1
鄈	규	16	11	土		0	1
鄋	수	17	11	土		0	1
鄍	명	17	12	土		0	1
鄎	식	17	12	土		0	1
鄒	추	17	12	土	추나라 추	3	0
鄔	오	17	12	土		1	1
鄕	향	17	12	土	시골 향	3	1
鄖	운	17	12	土		0	1
鄗	교,호	17	12	土		1	1
鄙	비	18	13	土	다라울 비	3	1
鄝	료	18	13	土		0	1
鄞	은	18	13	土	땅이름 은	1	1
鄡	교	18	13	土		0	1
鄢	언	18	13	土	땅이름 언	1	1
鄣	장	18	13	土	나라이름 장	0	0
鄤	만	18	13	土		0	1
鄦	허	19	14	土		0	1
鄧	등	19	14	土	나라 이름 등	3	0
鄩	심	19	14	土		0	1
鄪	비	19	14	土		0	1
鄫	증	19	14	土		0	1
鄬	위	19	14	土		0	1
鄭	정	19	14	土	나라이름 정	3	0
鄯	선	19	14	土		1	1
鄰	린,인	19	14	土	이웃 린	3	1
鄱	파	19	14	土	땅이름 파	1	1
鄲	다,단	19	14	土	조나라 서울 단	3	0
鄴	업	20	15	土	땅이름 업	1	1
鄵	조	20	15	土		0	1
鄶	회	20	15	土		0	1
鄽	전	22	17	土	가게 전	0	1
酀	연	23	18	土		0	1
酇	찬	26	21	土		0	1
酈	력,역	26	21	土	땅 이름 력	1	1
酉	유	7	7	金	별 유	3	0
酊	정	9	9	金	비틀거릴 정	3	1
酋	추	9	9	金	괴수 추	3	1
酌	작	10	10	金	따를 작	3	1
配	배	10	10	金	아내 배	4	1
酎	주	10	10	金	세 번 빚은 술 주	3	1
酒	주	10	10	金	술 주	4	1
酖	탐	11	11	金	술 즐길 탐	0	1
酗	후	11	11	金	주정할 후	1	1
酢	초	12	12	金	초 초	3	1
酣	감	12	12	金		1	1
酤	고	12	12	金	계명주 고	0	1
酥	소	12	12	金	타락죽 소	1	1
酩	명	13	13	金	술 취할 명	3	1
酪	낙,락	13	13	金	타락 낙	3	1
酬	수	13	13	金	술 권할 수	3	1
酲	정	14	14	金	술병 정	0	1
酴	도	14	14	金	두번 빚은 술 도	1	1
酵	효	14	14	金	삭일 효	3	1
酶	매	14	14	金	술밑 매	1	1
酷	혹	14	14	金	독할 혹	3	1
酸	산	14	14	金	초 산	4	1
酹	뇌,뢰	14	14	金	부을 뢰	0	1
醃	엄	15	15	金	절일 엄	1	1
醇	순	15	15	金	전국술 순	3	1
醉	취	15	15	金	술취할 취	4	1
醋	초	15	15	金	초산 초	3	1
醍	제	16	16	金	맑은 술 제	3	1
醐	호	16	16	金	제호 호	1	1
醒	성	16	16	金	술 깰 성	3	1
醜	추	16	16	金	추할 추	4	1
醞	온	17	17	金	술 빚을 온	1	1
醢	해	17	17	金	젓 해	0	1
醪	료,요	18	18	金	막걸리 료	1	1
醫	의	18	18	金	의원 의	4	1
醬	장	18	18	金	장 장	4	1
醮	초	19	19	金	초례 초	3	1
醯	혜	19	19	金	초 혜	3	1
醱	발	19	19	金	술 괼 발	3	1
醴	례,예	20	20	金	단술 례	3	1
醵	갹	20	20	金	술추렴	3	1
醼	연	23	23	金		0	1
釀	양	24	24	金	술 빚을 양	4	1
釁	흔	26	26	金	피바를 흔	1	0
釃	시	26	26	金	술 거를 시	0	1
釆	변	7	7		분별하다	1	1
采	채	8	8		캘 채	3	0
釉	유	12	12		물건 빛날 유	3	0
釋	석	20	20		풀 석	4	1
里	리,이	7	7	土	마을 리	3	0
重	중	9	9	土	무거울 중	4	1
野	야	11	11	土	들판 야	4	1
量	량,양	12	12	土	헤아릴 량	4	1
釐	리,이	18	18	土	다스릴 리	3	0
金	금,김	8	8	金	성 금	4	0
釗	소,쇠	10	10	金	쇠	3	0
釘	정	10	10	金	창 정	4	1
釜	부	10	10	金	가마 부	3	1
針	침	10	10	金	바늘 침	4	1
釣	조	11	11	金	낚시 조	4	1
釤	삼	11	11	金	낫 삼	0	1
釥	초	11	11	金		0	1
釦	구	11	11	金	그릇에 금테 두를 구	1	1
釧	천	11	11	金	팔찌 천	3	1
釩	범	11	11	金		1	1
釪	우	11	11	金	요령 우	3	1
釬	한	11	11	金		0	1
釭	공	11	11	金	굴대 공	1	1
釮	재	11	11	金		0	1
釱	체	11	11	金		0	1
釴	익	11	11	金		0	1
釵	채	11	11	金	비녀 채	3	1
釿	근	12	12	金	대패 근	0	1
鈄	두	12	12	金		0	1
鈇	부	12	12	金	도끼 부	1	1
鈍	둔	12	12	金	무딜 둔	3	1
鈏	인	12	12	金		0	1
鈐	검	12	12	金	굴대 비녀장 검	3	1
鈑	판	12	12	金	불린 금 판	3	0
鈒	삽	11	11	金	창 삽	3	1
鈔	초	12	12	金	노략질할 초	2	1
鈕	뉴,유	12	12	金		3	1
鈗	윤	12	12	金	창 윤	3	1
鈜	횡	12	12	金	쇳소리 횡	1	1
鈞	균	12	12	金	서른 근 균	3	1
鈟	조	12	12	金	낚시 조	0	1
鈦	태	12	12	金		1	1
鈱	민	13	13	金		0	1
鈳	아	13	13	金		0	1
鈴	령,영	13	13	金	방울 령	4	1
鈵	병	13	13	金		0	1
鈷	고	13	13	金	다리미 고	1	1
鈸	발	13	13	金	방울 발	1	1
鈺	옥	13	13	金	보배 옥	3	0
鈿	전	13	13	金	비녀 전	3	1
鉀	갑	13	13	金	갑옷 갑	3	1
鉁	진	13	13	金	보배 진	0	0
鉄	철	13	13	金		1	1
鉅	거	12	12	金	갈고리 거	3	1
鉉	현	13	13	金	솥귀 현	3	0
鉋	포	13	13	金	대패 포	1	1
鉌	화	13	13	金		0	1
鉍	필	13	13	金		2	1
鉎	생	13	13	金	녹 생	0	1
鉏	서	13	13	金	호미 서	0	1
鉐	석	13	13	金	놋쇠 석	2	1
鉑	박	13	13	金		2	1
鉒	주	13	13	金	쇳돌 주	0	1
鉖	동	13	13	金		0	1
鉗	겸	13	13	金	목사슬 겸	3	1
鉚	류,유	13	13	金		1	1
鉛	연	13	13	金	납 연	3	1
鉞	월	13	13	金	도끼 월	3	1
鉢	발	13	13	金	바리때 발	3	1
鉤	구	13	13	金	갈고랑쇠 구	3	1
鉥	술	13	13	金	돗바늘 술	3	1
鉦	정	13	13	金	징 정	3	1
鉷	홍	14	14	金	돌쇠뇌 홍	2	1
鉸	교	14	14	金		1	1
鉺	이	14	14	金		1	1
鉻	락	14	14	金		1	1
鉼	병	14	14	金	판금 병	2	1
鉽	식	14	14	金		0	1
銀	은	14	14	金	은 은	4	0
銂	주	14	14	金		0	1
銃	총	14	14	金	도끼 구멍 총	3	1
銅	동	14	14	金	구리 동	4	1
銋	임	14	14	金	젖을 임	0	1
銑	선	14	14	金	끌 선	3	1
銓	전	14	14	金	사람 가릴 전	3	1
銕	철	14	14	金	鐵의 古字	1	1
銖	수	14	14	金	저울눈 수	3	1
銘	명	14	14	金	새길 명	3	1
銙	과	14	14	金	대구 과	0	1
銚	조	14	14	金	쟁개비 조	1	1
銛	섬	14	14	金	가래 섬	1	1
銜	함	14	14	金	재갈 함	3	1
銧	광	14	14	金		1	1
銲	한	15	15	金		1	1
銳	예	15	15	金	날카로울 예	4	1
銴	세	15	15	金		0	1
銶	구	15	15	金	끌 구	3	1
銷	소	15	15	金	녹을 소	3	1
銹	수	15	15	金	동록 수	3	1
銾	홍	15	15	金		0	1
鋀	두	15	15	金		0	1
鋆	윤	15	15	金		1	1
鋈	옥	15	15	金		0	1
鋋	연	14	14	金		0	1
鋌	정	14	14	金	화살촉 정	3	1
鋎	환	15	15	金		0	1
鋏	협	15	15	金	칼 손잡이 협	3	1
鋑	전	15	15	金		0	1
鋒	봉	15	15	金	칼끝 봉	4	1
鋕	지	15	15	金		2	1
鋗	현	15	15	金	노구솥 현	0	1
鋟	침	15	15	金	새길 침	0	1
鋠	신	15	15	金		0	1
鋤	서	15	15	金	호미 서	4	1
鋥	정	15	15	金		2	1
鋦	국	15	15	金		0	1
鋧	현	15	15	金		0	1
鋪	포	15	15	金	전방 포	4	1
鋸	거	16	16	金	톱 거	3	1
鋹	창	16	16	金		0	1
鋺	완,원	16	16	金	저울 바탕 원	1	1
鋼	강	16	16	金	쇠 강	4	0
鋽	조	16	16	金	불리지 않은 쇠 조	0	0
鋾	도	16	16	金		0	1
鋿	상	16	16	金		0	1
錀	륜,윤	16	16	金		0	1
錄	녹,록	16	16	金	기록할 녹	4	1
錈	권	16	16	金		0	1
錉	민	16	16	金		0	1
錌	안	16	16	金		0	1
錏	아	16	16	金	투구의 목가림 아	1	1
錐	추	16	16	金	송곳 추	3	1
錕	곤	16	16	金	붉은 쇠 곤	2	0
錘	추	16	16	金	저울눈 추	3	1
錙	치	16	16	金	저울눈 치	1	1
錚	쟁	14	14	金	쇳소리 쟁그렁거릴 쟁	3	1
錝	종	16	16	金		0	1
錞	순	16	16	金	사발종 순	3	1
錟	담	16	16	金	긴 창 담	3	1
錠	정	16	16	金	촛대 정	3	1
錡	기	16	16	金	솥 기	3	1
錢	전	16	16	金	돈 전	4	1
錣	철	16	16	金	물미 철	1	1
錤	기	16	16	金	호미 기	3	1
錦	금	16	16	金	비단 금	3	1
錧	관	16	16	金	비녀장 관	2	1
錨	묘	16	16	金	닻 묘	3	1
錩	창	16	16	金		1	1
錪	전	16	16	金	솥 전	0	1
錫	석	16	16	金	주석 석	3	1
錮	고	16	16	金	땜질할 고	3	1
錯	착	16	16	金	섞일 착	4	1
鍈	영	16	16	金	방울소리 영	3	1
鍉	시	17	17	金	숟가락 시	0	1
鍊	련,연	17	17	金	불릴 련	4	1
鍋	과	16	16	金	노구솥 과	4	1
鍍	도	17	17	金	도금할 도	3	0
鍑	복	17	17	金		2	1
鍔	악	17	17	金	칼날끝 악	3	1
鍗	제	17	17	金	큰 가마 제	0	1
鍚	양	17	17	金		1	1
鍛	단	17	17	金	쇠불릴 단	3	1
鍜	하	17	17	金	목투구 하	1	1
鍝	우	17	17	金	귀고리 우	0	1
鍠	굉,황	17	17	金		1	1
鍤	삽	17	17	金	가래 삽	1	1
鍥	결	17	17	金		1	1
鍫	초	17	17	金	가래 초	0	1
鍬	초	17	17	金	가래 초	1	1
鍮	유	17	17	金	놋쇠 유	3	1
鍰	환	17	17	金	무게 단위 환	1	1
鍱	섭	17	17	金		0	1
鍲	민	17	17	金		0	1
鍵	건	16	16	金	열쇠 건	3	1
鍸	호	17	17	金		0	1
鍹	선	17	17	金		0	1
鍼	침	17	17	金	바늘 침	3	1
鍾	종	17	17	金	술병 종	3	1
鎀	수	17	17	金		0	1
鎈	차	17	17	金		0	1
鎊	방	18	18	金	깎을 방	1	1
鎌	겸	18	18	金	낫 겸	3	1
鎏	류,유	18	18	金		1	1
鎔	용	18	18	金	불릴 용	3	1
鎖	쇄	18	18	金	자물쇠 쇄	4	1
鎗	쟁	18	18	金	금석소리 쟁	1	1
鎚	추	17	17	金	쇠마치 추	3	1
鎛	박	18	18	金	종 박	0	1
鎟	상	18	18	金	방울소리 상	0	1
鎠	강	18	18	金		0	1
鎡	자	17	17	金	호미 자	1	1
鎣	형	18	18	金	줄 형	3	1
鎤	황	18	18	金	종소리 황	1	1
鎧	개	18	18	金	투구 개	3	1
鎬	호	18	18	金	호경 호	3	1
鎭	진	18	18	金	누를 진	3	1
鎰	일	18	18	金	중량 일	3	1
鎻	쇄	18	18	金		0	1
鏃	족	19	19	金	화살촉 족	3	1
鏇	선	19	19	金	갈이틀 선	0	1
鏈	련,연	18	18	金	쇠사슬 련	1	1
鏊	오	18	18	金	번철 오	0	1
鏋	만	19	19	金	금 만	2	0
鏌	막	18	18	金	칼 이름 막	0	1
鏐	류,유	19	19	金		0	1
鏑	적	19	19	金	화살촉 적	3	1
鏖	오	19	19	金	무찌를 오	1	1
鏗	갱	19	19	金	금석 소리 갱	1	1
鏘	장	19	19	金	금옥 소리 장	1	1
鏛	상	19	19	金		0	1
鏜	당	19	19	金	북방축소 당	1	1
鏝	만	19	19	金	흙손 만	1	1
鏞	용	19	19	金	큰 쇠북 용	3	1
鏟	산	19	19	金	대패 산	2	1
鏡	경	19	19	金	거울 경	4	1
鏢	표	19	19	金	칼날 표	1	1
鏤	누,루	19	19	金	새길 루	3	1
鏦	총	19	19	金	창 총	0	1
鏨	참	19	19	金	끌 참	1	1
鏴	로	21	21	金		0	1
鏵	화	18	18	金		2	1
鏶	집	20	20	金	판금 집	3	1
鏸	혜	20	20	金		0	1
鏹	강	20	20	金		1	1
鏻	린,인	20	20	金	굳셀 린	0	0
鐀	궤	20	20	金		0	1
鐃	뇨,요	20	20	金	작은 징 뇨	1	1
鐄	횡	19	19	金	종 횡	3	1
鐌	상	19	19	金		0	1
鐍	휼	20	20	金		0	1
鐏	준	20	20	金	창고달 준	1	1
鐐	료,요	20	20	金	은 료	1	0
鐓	대	20	20	金	창고달 대	0	1
鐔	심	20	20	金	칼날 아래 코등이 심	0	1
鐘	종	20	20	金	쇠북 종	4	1
鐙	등	20	20	金	등자 등	1	1
鐛	영	20	20	金		0	1
鐥	선	20	20	金	복자 선	3	0
鐪	노,로	21	21	金	부레 로	0	1
鐫	전	20	20	金	새길 전	3	1
鐵	철	21	21	金	쇠 철	4	0
鐶	환	21	21	金	고리 환	2	1
鐸	탁	21	21	金	요령 탁	3	1
鐺	당	21	21	金	죄인 자물쇠 당	2	1
鑂	훈	22	22	金	금빛 투색할 훈	2	1
鑄	주	22	22	金	쇠 부어 만들 주	3	0
鑅	횡	22	22	金		0	1
鑊	확	21	21	金	가마 확	1	1
鑌	빈	22	22	金	강철 빈	1	1
鑑	감	22	22	金	거울 감	3	1
鑒	감	22	22	金	鑑과 同字	3	1
鑕	질	23	23	金	모루 질	0	1
鑛	광	22	22	金	쇳돌 광	3	1
鑞	납,랍	23	23	金	땜납 랍	1	1
鑠	삭	23	23	金	녹일 삭	1	1
鑢	려,여	23	23	金	줄 려	0	1
鑣	표	23	23	金	말 재갈 표	1	1
鑪	노,로	24	24	金	화로 로	1	1
鑫	흠	24	24	金		1	1
鑭	란	25	25	金		0	1
鑮	박	24	24	金		0	1
鑰	약	25	25	金	자물쇠 약	1	1
鑱	참	25	25	金	보습 참	0	1
鑲	양	25	25	金	거푸집 속 양	1	1
鑵	관	25	25	金	두레박 관	1	1
鑷	섭	26	26	金	쪽집게 섭	1	1
鑼	나,라	27	27	金	징 라	1	1
鑽	찬	27	27	金	끌 찬	3	1
鑾	난,란	27	27	金	방울 란	1	1
鑿	착	28	28	金	뚫을 착	3	1
钁	곽	28	28	金		0	1
長	장	8	8	木	길 장	4	0
門	문	8	8	木	문 문	4	1
閃	섬	10	10	木	번쩍할 섬	4	1
閈	한	11	11	木	마을 문 한	0	0
閉	폐	11	11	木	닫을 폐	4	1
開	개	12	12	木	열 개	4	0
閎	굉	12	12	木	마을문 굉	1	0
閏	윤	12	12	木	윤달	3	1
閑	한	12	12	木	한가할 한	3	1
閒	한	12	12	木	한가할 한	4	1
間	간	12	12	木	틈 간	4	1
閔	민	12	12	木	위문할 민	3	0
閘	갑	13	13	木	문 빗장 갑	3	1
閜	하	13	13	木		0	1
閟	비	13	13	木	문 닫을 비	0	1
閠	윤	13	13	木		0	1
閣	각	14	14	木	문설주 각	3	1
閤	합	14	14	木	도장 합	3	1
閥	벌	14	14	木	공훈 벌	3	1
閨	규	14	14	木	색시 규	3	1
閩	민	14	14	木	종족이름 민	1	1
閫	곤	15	15	木	문지방 곤	1	1
閬	낭,랑	15	15	木	솟을 대문 랑	1	1
閭	려,여	14	14	木	이문 려	3	1
閱	열	15	15	木	겪을 열	4	1
閵	린	16	16	木		0	1
閶	창	16	16	木		0	1
閹	엄	16	16	木	고자 엄	1	1
閻	염	16	16	木	마을 염	3	0
閼	알	16	16	木	막을	3	1
閽	혼	16	16	木	문지기 혼	0	1
閾	역	16	16	木	문지방 역	1	1
闃	격	17	17	木	고요할 격	0	0
闇	암	17	17	木	어두울 암	3	1
闈	위	17	17	木	대궐안의 문 위	1	1
闊	활	17	17	木	트일 활	4	1
闋	결	17	17	木	쉴 결	1	1
闌	난,란	17	17	木	가막을 란	1	1
闍	도	16	16	木	성문 층대 도	0	1
闓	개	18	18	木	열 개	0	0
闔	합	18	18	木	문짝 합	3	1
闕	궐	18	18	木	대궐 궐	3	1
闖	틈	18	18	木	엿볼	3	1
闚	규	19	19	木	갸웃이 볼 규	0	1
關	관	19	19	木	빗장 관	4	1
闞	함	19	19	木	범 소리 함	0	1
闠	궤	20	20	木	저자문 궤	0	1
闡	천	20	20	木	열 천	3	0
闢	벽	21	21	木	열 벽	4	0
闥	달	20	20	木	대문 달	0	1
阜	부	8	8	土	언덕 부	3	0
阡	천	11	5	土	두렁 천	3	1
阤	치	11	5	土	떨어질 치	0	1
阧	두	12	6	土		0	1
阨	액	12	6	土	막힐 액	1	1
阩	승	12	6	土		0	1
阪	판	12	6	土	산비탈 판	3	1
阭	윤	12	6	土		2	1
阮	완,원	12	6	土	성씨 완	3	1
阯	지	12	6	土	터 지	0	0
防	방	12	6	土	둑 방	4	1
阷	정	13	7	土		0	1
阻	조	13	7	土	험할 조	4	1
阿	아	13	7	土	언덕 아	3	0
陀	타	13	7	土	비탈 타	3	1
陂	피	13	7	土	기울어질 피	3	1
附	부	13	7	土	붙을 부	4	1
陋	누,루	14	8	土	줍을 누	3	1
陌	맥	14	8	土	두렁 맥	3	1
降	강,항	14	8	土	내릴 강	4	1
陏	수,타	14	8	土		0	1
限	한	14	8	土	한정할 한	4	1
陑	이	14	8	土		0	1
陔	해	14	8	土		1	1
陖	준	15	9	土		0	1
陗	초	15	9	土		0	1
陘	형	15	9	土	지레목 형	1	1
陛	폐	15	9	土	대궐 섬돌 폐	3	1
陜	합	15	9	土	고을이름	3	0
陝	섬	15	9	土	고을이름 섬	3	0
陞	승	15	9	土	오를 승	3	0
陟	척	15	9	土	오를 척	3	0
陡	두	15	9	土	절벽 두	1	1
院	원	15	9	土	원집 원	4	1
陣	진	15	9	土	줄 진	4	1
除	제	15	9	土	섬돌 제	4	1
陪	배	16	10	土	쌓아올릴 배	4	1
陬	추	16	10	土	벼루 추	1	1
陰	음	16	10	土	음기 음	4	0
陱	국	16	10	土		0	1
陲	수	16	10	土	변방 수	1	1
陳	진	16	10	土	늘어놓을 진	4	1
陴	비	16	10	土	성가퀴 비	1	1
陵	능,릉	16	10	土	능 능	3	1
陶	도	16	10	土	질 그도 도	3	0
陷	함	16	10	土	빠질 함	4	1
陸	륙,육	16	10	土	뭍 륙	4	0
陹	승	16	10	土		0	1
陼	저	17	10	土	모래섬 저	0	1
陽	양	17	11	土	볕 양	4	1
隄	제	17	11	土	堤와 同字	1	1
隅	우	17	11	土	모퉁이 우	3	1
隆	륭,융	17	11	土	클 륭	4	0
隊	대	17	11	土	군대 대	4	1
隋	수	17	11	土	수나라 수	3	0
隍	황	17	11	土	해자 황	3	1
階	계	17	11	土	섬돌 계	4	1
隑	기	18	12	土		0	1
隔	격	18	12	土	막을 격	4	1
隕	운	18	12	土	떨어질 운	3	1
隗	외	18	11	土	높을 외	1	0
隘	애	18	12	土	좁을 애	3	1
隙	극	18	12	土	틈 극	3	1
際	제	19	13	土	사이 제	4	1
障	장	19	13	土	막을 장	3	1
隣	린,인	20	14	土	鄰의 俗字	3	1
隤	퇴	20	14	土	무너질 퇴	0	1
隧	수	21	14	土	무덤길 수	4	1
隨	수	21	14	土	따를 수	4	1
隩	오	21	14	土	감출 오	0	1
險	험	21	15	土	험할 험	4	1
隮	제	22	16	土		0	1
隰	습	22	16	土	진펄 습	1	1
隱	은	22	16	土	숨을 은	3	1
隳	휴	23	17	土	무너뜨릴 휴	0	1
隴	농,롱	24	18	土	고개 이름 롱	1	1
隶	이	8	8	水	밑 이	1	1
隷	례,예	16	16	水	隸와 同字	3	1
隸	례,예	17	17	水	붙을 례	1	1
隹	추	8	8	火	새 추	1	1
隺	각,학	10	10	火		0	1
隻	척	10	10	火	새 한 마리 척	4	1
隼	준	10	10	火	새매 준	2	1
雀	작	11	11	火	참새 작	4	1
雁	안	12	12	火	鴈과 同字	3	1
雄	웅	12	12	火	수컷 웅	4	1
雅	아	12	12	火	아담할 아	4	0
集	집	12	12	火	모일 집	4	1
雇	고	12	12	火	새이름 고	4	1
雉	치	13	13	火	꿩 치	3	1
雋	전,준	12	12	火	새살찔	3	1
雌	자	14	14	火	암컷 자	4	1
雍	옹	13	13	火	조화로울 옹	3	0
雎	저	13	13	火	저구 저	3	1
雕	조	16	16	火	독수리 조	4	1
雖	수	17	17	火	비록 수	4	1
雗	한	18	18	火		0	1
雙	쌍	18	18	火	짝 쌍	4	1
雚	관	17	17	火	황새 관	0	1
雛	추	18	18	火	새 새끼 추	3	1
雜	잡	18	18	火	섞일 잡	4	1
雝	옹	18	18	火	조화로울 옹	0	1
雞	계	18	18	火	닭 계	2	1
離	리,이	18	18	火	떼 놓을 리	4	1
難	난	19	19	火	어려울 난	4	1
雨	우	8	8	水	비 우	4	0
雩	우	11	11	水	기우제 우	3	1
雪	설	11	11	水	눈 설	4	1
雯	문	12	12	水	구름 무늬 문	3	0
雰	분	12	12	水	안개 분	3	0
雲	운	12	12	水	구름 운	4	0
零	령,영	13	13	水	조용히 오는 비 령	4	1
雷	뇌,뢰	13	13	水	우뢰 뇌	4	1
雹	박	13	13	水	누리 박	3	1
雺	몽	13	13	水	안개 몽	0	0
電	전	13	13	水	번개 전	4	1
需	수,유	14	14	水	음식 수	4	1
霄	소	15	15	水	하늘 소	1	0
霅	삽	15	15	水	비올 삽	0	1
霆	정	14	14	水	벼락 정	3	1
震	진	15	15	水	벼락 진	4	1
霈	패	15	15	水	비 쏟아질 패	1	1
霉	매	15	15	水	매우 매	1	1
霌	주	16	16	水	운우 모양 주	0	1
霍	곽	16	16	水	빠를 곽	1	1
霎	삽	16	16	水	가랑비 삽	1	1
霏	비	16	16	水	눈 펄펄 내릴 비	1	1
霑	점	16	16	水	젖을 점	3	1
霓	예	16	16	水	암무지개 예	3	1
霔	주	16	16	水	장마 주	0	1
霖	림,임	16	16	水	장마 림	3	1
霙	영	16	16	水	눈꽃 영	3	1
霜	상	17	17	水	서리 상	3	1
霞	하	17	17	水	놀 하	3	1
霣	운	18	18	水	떨어질 운	0	1
霦	빈	19	19	水	옥 광채 빈	1	0
霧	무	18	18	水	안개 무	4	0
霪	음	19	19	水	장마 음	1	1
霰	산	20	20	水	싸라기눈 산	3	1
霱	율,휼	20	20	水		0	1
露	노,로	21	21	水	이슬 노	4	0
霸	패	21	21	水	으뜸 패	1	0
霹	벽	21	21	水	벼락 벽	3	1
霽	제	22	22	水	갤 제	3	1
靂	력,역	24	24	水	벼락 력	3	1
靄	애	24	24	水	아지랭이 애	3	1
靆	체	23	23	水	구름 낄 체	1	0
靈	령,영	24	24	水	신령 령	4	1
靉	애	25	25	水	구름낄 애	1	0
靌	보	27	27	水		0	1
靑	청	8	8	木	푸를 청	3	0
青	청	8	8	木		2	1
靕	진	13	13	木		0	1
靖	정	13	13	木	다스릴 정	3	0
靘	정	14	14	木		0	1
静	정	14	14	木		1	1
靚	정	15	15	木	단장할 정	2	1
靛	전	16	16	木	푸른 대 전	1	1
靜	정	16	16	木	고요할 정	4	0
靝	천	18	18	木	하늘 천	0	0
非	비	8	8	水	아닐 비	4	1
靠	고	15	15	水	기댈 고	2	1
靡	미	19	19	水	쓰러질 미	3	1
面	면	9	9	火	낯 면	4	1
靦	전	16	16	火	무안할 전	1	1
靨	엽	23	23	火	웃는 볼 옴쏙 들어갈	1	1
革	혁	9	9	金	가죽 혁	3	1
靭	인	12	12	金	韌과 同字	3	1
靳	근	13	13	金	아낄 근	1	1
靴	화	13	13	金	신 화	3	1
靷	인	13	13	金	가슴걸이 인	3	1
靺	말	14	14	金	버선 말	3	1
靼	달	14	14	金	다룬가죽 달	1	1
鞀	도	14	14	金	소고 도	0	1
鞁	피	14	14	金	말 가슴걸이 피	0	1
鞄	포	14	14	金	가방 포	1	1
鞅	앙	14	14	金	가슴걸이 앙	1	1
鞋	혜	15	15	金	신 혜	4	1
鞍	안	15	15	金	안장 안	3	1
鞏	공	15	15	金	묶을 공	3	1
鞕	경	16	16	金		0	1
鞘	초	16	16	金	칼집 초	1	1
鞠	국	17	17	金	기를 국	4	0
鞣	유	18	18	金	다룬 가죽 유	1	1
鞦	추	18	18	金	그네 추	1	1
鞨	갈	18	18	金	말갈나라 갈	3	0
鞫	국	18	18	金	문초받을	3	1
鞬	건	17	17	金	칼집 건	0	1
鞭	편	18	18	金	채찍 편	4	1
鞱	도	19	19	金	너그러울 도	0	0
鞴	비	19	19	金	풀무 비	0	1
鞸	필	19	19	金	슬갑 필	0	1
鞹	곽	19	19	金	무두질한 가죽 곽	0	1
韁	강	22	22	金	고삐 강	1	1
韃	달	21	21	金	칠 달	1	1
韆	천	24	24	金	그네 천	3	1
韋	위	9	9	金	다룬 가죽 위	3	1
韍	불	14	14	金	폐슬 불	0	1
韓	한	17	17	金	나라 이름 한	3	0
韙	위	18	18	金	옳을 위	1	0
韜	도	19	19	金	활집 도	3	1
韝	구	19	19	金	깍지 구	0	1
韞	온	18	18	金	감출 온	1	1
韠	필	19	19	金	슬갑 필	0	1
韡	위	19	19	金	꽃 환히 필 위	1	0
韭	구	9	9	木	부추 구	1	1
韱	섬	17	17	木	산부추 섬	1	1
韲	제	19	19	木	양념할 제	0	1
音	음	9	9	金	소리 음	4	1
韵	운	13	13	金	韻과 同字	1	1
韶	소	14	14	金	아름다울 소	3	0
韸	봉	16	16	金		0	1
韺	영	17	17	金	풍류이름 영	0	0
韻	운	19	19	金	울림 운	3	1
韾	음	20	20	金		1	1
響	향	20	20	金	소리 울릴 향	4	1
頀	호	22	22	金	구할 호	3	1
頁	혈	9	9	火	머리 혈	4	1
頂	정	11	11	火	이마 정	4	1
頃	경	11	11	火	밭 넓이 단위 경	3	1
項	항	12	12	火	목덜미 항	4	1
順	순	12	12	火	좇을 순	4	0
須	수	12	12	火	수염 수	4	1
頊	욱	13	13	火	머리 굽실거릴 욱	3	1
頌	송	13	13	火	기릴 송	4	0
頍	규	13	13	火	고깔비녀 규	0	1
頎	기	13	13	火	헌걸찰 기	1	1
頏	항	13	13	火	목 항	0	1
預	예	13	13	火	미리 예	4	1
頑	완	13	13	火	완고할 완	4	1
頒	반	13	13	火	나눌 반	3	1
頓	돈	13	13	火	조아릴 돈	4	0
頖	반	14	14	火	풀릴 반	0	1
頗	파	14	14	火	비뚤어질 파	3	1
領	령,영	14	14	火	옷깃 령	4	1
頞	알	15	15	火	콧마루 알	0	1
頡	힐	15	15	火	곧은목 힐	1	1
頣	신	15	15	火	눈들고 볼 신	0	1
頤	이	16	16	火		2	1
頦	해	15	15	火	턱 해	0	1
頫	부	15	15	火	머리 숙일 부	1	1
頭	두	16	16	火	머리 두	4	1
頮	회	16	16	火	세수할 회	0	1
頰	협	16	16	火	뺨 협	3	1
頲	정	15	15	火		0	1
頷	암	16	16	火		1	1
頸	경	16	16	火	목 경	4	1
頹	퇴	16	16	火	기울어질 퇴	3	1
頻	빈	16	16	火	자주 빈	3	1
頼	뇌,뢰	16	16	火		1	1
頿	자	18	18	火	코밑수염 자	0	1
顁	정	17	17	火		0	1
顆	과	17	17	火	낟알 과	4	1
顇	췌	17	17	火		0	1
顈	경	17	17	火	홑옷 경	0	1
顋	시	18	18	火	뺨 시	0	1
題	제	18	18	火	이마 제	4	1
額	액	18	18	火	이마 액	4	1
顎	악	18	18	火	턱 악	3	1
顒	옹	18	18	火	우러를 옹	0	1
顓	전	18	18	火	어리석을 전	1	1
顔	안	18	18	火	顏과 同字	3	1
顕	현	18	18	火		1	1
願	원	19	19	火	하고자할 원	4	0
顙	상	19	19	火	이마 상	1	1
顚	전	19	19	火	이마 전	3	1
顜	강	19	19	火		0	1
類	류,유	19	19	火	무리 류	4	1
顥	호	21	21	火	클 호	3	0
顦	초	21	21	火	야윌 초	0	1
顧	고	21	21	火	돌아볼 고	4	1
顫	전	22	22	火	사지 떨릴 전	3	1
顯	현	23	23	火	나타날 현	4	0
顰	빈	24	24	火	찡그릴 빈	1	1
顱	노,로	25	25	火	머리뼈 로	1	1
顳	섭	27	27	火	귀밑 뼈 섭	1	1
顴	관	26	26	火	광대뼈 관	1	1
風	풍	9	9	木	바람 풍	4	0
颭	점	14	14	木	펄렁거릴 점	0	1
颯	삽	14	14	木	바람소리 삽	3	0
颱	태	14	14	木	몹시 부는 바람 태	4	0
颲	렬,열	15	15	木	사나운 바람 렬	0	0
颶	구	17	17	木	사방풍 구	1	1
颺	양	18	18	木	날릴 양	1	1
颼	수	18	18	木	바람소리 수	1	0
颿	범	19	19	木	돛 범	0	1
飂	료,요	20	20	木	높이 부는 바람 료	0	0
飄	표	20	20	木	회오리바람 표	4	0
飆	표	21	21	木		1	1
飇	표	21	21	木	회오리바람 표	3	0
飉	료,요	21	21	木	바람 료	0	0
飛	비	9	9	火	날 비	4	1
飜	번	21	21	火	뒤칠 번	3	1
食	식	9	9	水	밥 식	4	1
飡	손	11	11	水	飱과 同字	3	1
飢	기	10	10	水	주릴 기	4	1
飦	전	11	11	水	범벅 전	0	1
飧	손	12	12	水	저녁밥 손	1	1
飪	임	12	12	水	익힐 임	1	1
飫	어	12	12	水	먹기 싫을 어	0	1
飭	칙	12	12	水	갖출 칙	3	1
飮	음	13	13	水	마실 음	3	1
飯	반	12	12	水	밥 반	4	1
飴	이	13	13	水	엿 이	3	1
飻	철	13	13	水	탐할 철	0	1
飼	사	13	13	水	먹일 사	4	1
飽	포	13	13	水	배부를 포	4	1
飾	식	13	13	水	꾸밀 식	4	1
餃	교	14	14	水	경단 교	3	1
餉	향	14	14	水	먹일 향	3	1
養	양	14	14	水	기를 양	4	0
餐	찬	16	16	水	먹을 찬	4	1
餓	아	15	15	水	주릴 아	4	1
餔	포	15	15	水	저녁 곁두리 포	0	1
餕	준	15	15	水	대궁 준	0	1
餘	여	15	15	水	남을 여	4	1
餚	효	16	16	水	반찬 효	1	1
餞	전	16	16	水	전별잔치 전	3	1
餠	병	16	16	水	떡 병	3	1
餦	장	16	16	水	산자 장	0	1
餧	위	16	16	水	먹일 위	0	1
館	관	16	16	水	객사 관	4	1
餪	난	17	17	水	풀보기 잔치 난	0	1
餬	호	17	17	水	기식할 호	1	1
餮	철	18	18	水	탐할 철	1	1
餰	전	17	17	水	된죽 전	0	1
餱	후	17	17	水	건량 후	0	1
餳	당	17	17	水	엿 당	0	1
餹	당	18	18	水	엿 당	0	1
餼	희	18	18	水	꾸밀 희	0	1
餽	궤	17	17	水	饋와 同字	1	1
饅	만	19	19	水	만두 만	3	1
饈	수	18	18	水	드릴 수	1	1
饉	근	19	19	水	주릴 근	3	1
饋	궤	20	20	水	먹일 궤	3	1
饌	찬	20	20	水	반찬 찬	3	1
饍	선	20	20	水	膳과 同字	3	1
饐	의	20	20	水	밥 쉴 의	0	1
饑	기	20	20	水	주릴 기	3	1
饒	요	20	20	水	용서할 요	4	1
饔	옹	22	22	水	아침밥 옹	3	0
饕	도	22	22	水	탐할 도	1	1
饗	향	20	20	水	잔치할 향	3	1
饜	염	23	23	水	싫을 염	1	1
饞	참	25	25	水	탐할 참	1	1
首	수	9	9	水	머리 수	4	1
馗	규	11	11	水	아홉거리 규	1	1
馘	괵	17	17	水	벨 괵	0	1
香	향	9	9	木	향내 향	4	0
馜	니,이	14	14	木		0	1
馝	필	14	14	木	향내날 필	3	0
馞	발	16	16	木		0	1
馟	도	16	16	木		0	1
馡	비	17	17	木		0	1
馣	암	17	17	木	향기로울 암	0	0
馥	복	18	18	木	향기 복	3	0
馧	온	18	18	木		0	1
馨	형	20	20	木	향기 형	3	0
馪	빈	23	23	木		0	1
馬	마	10	10	火	말 마	4	0
馭	어	12	12	火	말 부릴 어	3	1
馮	풍	12	12	火	벼슬이름 풍	3	0
馰	적	13	13	火	별배기 적	0	1
馱	타	13	13	火	탈 타	3	1
馳	치	13	13	火	달릴 치	4	1
馴	순	13	13	火	길들일 순	3	1
馶	지	14	14	火		0	1
馹	일	14	14	火	역말 일	3	1
駁	박	14	14	火	얼룩말 박	3	1
駄	태	14	14	火	馱의 俗字	1	1
駉	경	15	15	火	목장 경	0	1
駏	거	14	14	火	튀기 거	0	1
駐	주	15	15	火	머무를 주	3	1
駒	구	15	15	火	망아지 구	3	1
駕	가	15	15	火	멍에 가	4	1
駘	태	15	15	火		1	1
駙	부	15	15	火	곁마 부	3	1
駛	사	15	15	火	달릴 사	2	1
駜	필	15	15	火	살찐 말 필	0	1
駝	타	15	15	火	약대 타	4	1
駞	타	15	15	火	駞와 同字	0	1
駟	사	15	15	火	사마 사	3	1
駢	변	16	16	火	騈의 俗字	1	1
駨	순	16	16	火		0	1
駪	신	16	16	火	말 우물거릴 신	0	1
駭	해	16	16	火	놀랄 해	3	1
駮	박	16	16	火	짐승이름 박	0	1
駱	낙,락	16	16	火	낙타 낙	4	1
駸	침	17	17	火	말 몰아 달릴 침	1	1
駺	낭,랑,량,양	17	17	火		0	1
駻	한	17	17	火	사나운 말 한	0	1
駽	현	17	17	火	돗총이 현	0	1
駿	준	17	17	火	준마 준	3	1
騁	빙	17	17	火	달리다 빙	3	1
騂	성	17	17	火	붉은 소 성	0	1
騃	애	17	17	火	어리석을 애	0	1
騄	록	18	18	火	말이름 록	0	1
騅	추	18	18	火	청부루말 추	1	1
騈	병	18	18	火	나란히 할 병	3	1
騋	내,래	18	18	火	큰 말 래	0	1
騍	과	18	18	火	암말 과	0	1
騎	기	18	18	火	말탈 기	4	1
騏	기	18	18	火	털총이 기	3	1
騑	비	18	18	火	곁마 비	0	1
騖	무	19	19	火	달릴 무	1	1
騙	편	19	19	火	속일 편	4	1
騛	비	19	19	火	빠른 말 비	0	1
騤	규	19	19	火		0	1
騫	건	20	20	火	말 배 앓을 건	3	1
騭	즐	19	19	火	수말 즐	0	1
騰	등	20	20	火	오를 등	4	0
騵	원	20	20	火	배 희고 갈기 검은	1	0
騶	추	20	20	火	거덜 추	3	1
騷	소	19	19	火	근심스러울 소	3	1
騸	선	20	20	火	불깔 선	0	1
騾	나,라	21	21	火	노새 라	1	1
驀	맥	20	20	火	말탈 맥	3	1
驁	오	20	20	火	준마 오	1	1
驂	참	21	21	火	곁마 참	0	1
驃	표	21	21	火	날쌜 표	3	1
驄	총	21	21	火	총이말 총	1	1
驅	구	21	21	火	몰 구	4	1
驊	화	20	20	火	준마 화	1	1
驌	숙	23	23	火	좋은말 숙	1	1
驍	효	22	22	火	날랠 효	3	1
驎	린,인	22	22	火	워라말 린	0	1
驏	잔	22	22	火	안장 얹지 않은 말 잔	0	1
驒	탄	22	22	火	돈짝무늬총이말 탄	0	0
驕	교	22	22	火	교만할 교	4	1
驖	철	23	23	火		0	1
驗	험	23	23	火	시험할 험	4	1
驘	나,라	23	23	火	옹 솥 라	0	1
驚	경	22	22	火	놀랄 경	4	1
驛	역	23	23	火	잇닿을 역	3	1
驟	취	24	24	火	몰아갈 취	4	1
驢	려,여	26	26	火	나귀 려	3	1
驤	양	27	27	火	날뛰는 말 양	1	1
驥	기	26	26	火	천리마 기	3	1
驩	환	27	27	火	기뻐할 환	3	1
驪	려,여	29	29	火	가라말 려	3	1
骨	골	10	10	金	뼈 골	4	1
骪	위	12	12	金		0	1
骰	투	13	13	金	주사위 투	1	1
骸	해	15	15	金	뼈 해	3	1
骹	교	15	15	金		1	1
骼	격	15	15	金	마른 뼈 격	1	1
骿	변	15	15	金	통갈비 변	0	1
髀	비	17	17	金	넓적다리 비	1	1
髆	박	19	19	金	어깨쭉지 박	0	1
髏	누,루	20	20	金	해굴 루	1	1
髑	촉	22	22	金	해골 촉	1	1
髓	수	21	21	金	뼛속 기름 수	3	1
體	체	22	22	金	몸 체	4	1
髖	관	23	23	金	허리뼈 관	1	1
髗	노,로	25	25	金	해골 로	0	1
高	고	10	10	火	높을 고	4	0
髟	표	10	10	火	머리털 희뜩희뜩할 표	0	1
髡	곤	13	13	火	머리 깍을 곤	1	1
髣	방	14	14	火	비슷할 방	0	1
髥	염	14	14	火	구레나룻 염	3	1
髦	모	14	14	火	다팔머리 모	1	1
髫	초	15	15	火	다박머리 초	0	1
髭	자	16	16	火	코밑수염 자	1	1
髮	발	15	15	火	터럭 발	4	1
髰	체	15	15	火		0	1
髲	피	15	15	火	머리쓰개 피	0	1
髴	불	15	15	火	비슷할 불	0	1
髹	휴	16	16	火	옻칠할 휴	1	1
髺	괄	16	16	火	머리 묶을 괄	0	1
髻	계	16	16	火	상투 계	1	1
髽	좌	17	17	火	북상투 좌	0	1
鬅	붕	18	18	火		0	1
鬆	송	18	18	火	터럭 더부룩할 송	2	1
鬊	순	19	19	火	머리 풀어헤칠 순	0	1
鬋	전	19	19	火	수염 깎을 전	0	1
鬍	호	19	19	火	수염 호	1	1
鬐	기	20	20	火	갈기 기	0	1
鬒	진	20	20	火	숱 많을 진	0	0
鬖	삼	21	21	火	헝클어질 삼	0	0
鬘	만	21	21	火	머리장식 만	1	1
鬙	승	22	22	火	터럭 더부룩할 승	0	1
鬚	수	22	22	火	턱수염 수	3	1
鬟	환	23	23	火	쪽찐 머리 환	1	1
鬢	빈	24	24	火	살쩍 빈	1	1
鬣	렵,엽	25	25	火	갈기 렵	1	1
鬧	뇨,요	15	15	金	시끄러울 뇨	4	1
鬨	홍	16	16	金	싸울 홍	1	1
鬩	혁	18	18	金	송사할 혁	1	1
鬪	투	20	20	金	싸움 투	3	1
鬮	구	27	27	金	제비뽑을 구	1	1
鬯	창	10	10	木	술	1	1
鬱	울	29	29	木	향기로운 풀 울	3	0
鬲	격	10	10		오지병 격	1	1
鬷	종	19	19			0	1
鬺	상	21	21		삶을 상	0	1
鬼	귀	9	9	火	귀신 귀	4	1
魁	괴	13	13	火	으뜸 괴	3	0
魂	혼	13	13	火	넋 혼	3	1
魃	발	14	14	火	가물 귀신 발	3	1
魄	백	14	14	火	넋 백	3	1
魅	매	14	14	火	도깨비 매	3	1
魈	소	16	16	火	산도깨비 소	0	1
魋	추	17	17	火	북상투 추	0	1
魍	망	17	17	火	도깨비 망	1	1
魎	량,양	17	17	火	도깨비 량	1	1
魏	위	17	17	火	위나라 위	3	0
魑	리,이	19	19	火	도깨비 리	1	1
魔	마	20	20	火	마귀 마	4	1
魘	염	23	23	火	잠꼬대할 염	1	1
魚	어	11	11	水	물고기 어	4	1
魦	사	15	15	水	鯊와 同字	0	1
魯	노,로	15	15	水	미련할 노	3	0
魴	방	15	15	水	방어 방	1	1
鮀	타	16	16	水	모래무지 타	0	1
鮃	평	16	16	水	가자미 평	0	1
鮎	점	16	16	水	메기 점	3	1
鮐	태	16	16	水		1	1
鮑	포	16	16	水	절인 생선 포	3	1
鮒	부	16	16	水	붕어 부	1	1
鮓	자	16	16	水	젓 자	1	1
鮟	안	17	17	水	아귀 안	3	1
鮧	제	17	17	水	복 제	0	0
鮨	지	17	17	水	젓갈 지	1	1
鮪	유	17	17	水	상어 유	1	1
鮫	교	17	17	水	상어 교	3	1
鮭	해	17	17	水	어채 해	1	1
鮮	선	17	17	水	고울 선	4	0
鮹	소	18	18	水	문어 소	0	1
鯁	경	18	18	水	생선뼈 경	1	1
鯆	포	18	18	水	매가리 포	0	1
鯉	리,이	18	18	水	잉어 리	3	1
鯊	사	18	18	水	문절망둑 사	1	1
鯔	치	19	19	水	숭어 치	1	1
鯖	청	19	19	水	청어 청	3	1
鯛	조	19	19	水	도미 조	1	1
鯢	예	19	19	水	암고래 예	0	1
鯤	곤	19	19	水	준마 이름 곤	3	1
鯨	경	19	19	水	고래 경	3	1
鯷	제	20	20	水	메기 제	1	1
鰈	접	20	20	水	가자미 접	1	1
鰊	련,연	20	20	水	고기 이름 련	1	1
鰌	추	20	20	水	미꾸라지 추	1	1
鰍	추	20	20	水	미꾸라지 추	3	1
鰐	악	20	20	水	악어 악	3	1
鰒	복	20	20	水	전복 복	3	0
鰓	새	20	20	水	뿔심 새	1	1
鰕	하	20	20	水	새우 하	3	1
鰤	사	21	21	水	새우 사	1	1
鰥	환	21	21	水	환어 환	3	1
鰭	기	21	21	水	지느러미 기	1	1
鰱	련,연	21	21	水	연어 련	1	1
鰲	오	21	21	水	큰 자라 오	3	1
鰵	민	22	22	水	대구 민	0	1
鰹	견	22	22	水	큰 가물치 견	1	1
鰻	만	22	22	水	뱀장어 만	3	1
鰾	표	22	22	水	부레 표	1	1
鱇	강	22	22	水	천징어 강	3	1
鱉	별	22	22	水	鼈과 同字	3	1
鱏	심	23	23	水	칼철갑상어 심	0	1
鱒	준	23	23	水	송어 준	1	1
鱓	선	23	23	水	두렁허리 선	0	1
鱗	린,인	23	23	水	비늘 린	4	1
鱠	회	24	24	水	회 회	1	1
鱣	전	24	24	水	전어 전	0	1
鱧	례,예	24	24	水	가물치 례	1	1
鱸	노,로	27	27	水	농어 로	1	1
鱹	관	28	28	水		0	1
鱻	선	33	33	水	생선 선	0	1
鳥	조	11	11	火	새 조	4	1
鳦	을	12	12	火	제비 을	0	1
鳧	부	13	13	火	오리 부	3	1
鳩	구	13	13	火	비둘기 구	3	1
鳳	봉	14	14	火	봉새 봉	3	1
鳴	명	14	14	火	울 명	4	1
鳶	연	14	14	火	솔개 연	3	1
鳷	지	15	15	火		0	1
鴃	격	15	15	火	왜가리 격	1	1
鴆	짐	15	15	火	짐새 짐	1	1
鴇	보	15	15	火	능에 보	1	1
鴈	안	15	15	火	기러기 안	1	1
鴉	아	15	15	火	갈가마귀 아	4	1
鴊	정	16	16	火		0	1
鴌	봉	15	15	火	鳳의 古字	0	1
鴒	령,영	16	16	火	할미새 령	1	1
鴕	타	16	16	火	타조 타	1	1
鴘	변	16	16	火	매 변	0	1
鴙	치	16	16	火	雉와 同字	0	1
鴛	원	16	16	火	숫원앙새 원	3	1
鴟	치	16	16	火	솔개 치	1	1
鴣	고	16	16	火	자고 고	1	1
鴥	율	16	16	火		0	1
鴦	앙	16	16	火	암원앙새 앙	3	1
鴨	압	16	16	火	오리 압	4	1
鴯	이	17	17	火		0	1
鴰	괄	17	17	火	재두루미 괄	0	1
鴶	알	17	17	火	뻐꾸기 알	0	1
鴻	홍	17	17	火	큰 기러기 홍	3	1
鵁	교	17	17	火		0	1
鵂	휴	17	17	火	수리부엉이 휴	0	1
鵄	치	17	17	火	솔개 치	1	1
鵑	견	18	18	火	접동새 견	3	1
鵓	발	18	18	火	집비둘기 발	0	1
鵔	준	18	18	火	금계 준	0	1
鵛	경	18	18	火		0	1
鵝	아	18	18	火	거위 아	4	1
鵞	아	18	18	火	鵝와 同字	1	1
鵠	곡	18	18	火	고니 곡	3	1
鵡	무	19	19	火	앵무새 무	3	1
鵦	녹,록	19	19	火		0	1
鵩	복	19	19	火	새 이름 복	0	1
鵬	붕	19	19	火	대붕새 붕	3	1
鵯	필	19	19	火	갈가마귀 필	1	1
鵰	조	19	19	火	수리 조	1	1
鵲	작	19	19	火	까치 작	3	1
鵷	원	19	19	火	원추새 원	0	1
鵻	추	19	19	火	아롱비둘기 추	0	1
鵾	곤	19	19	火	댓닭 곤	0	1
鵿	승	19	19	火		0	1
鶄	청	19	19	火	교청새 청	0	1
鶉	순	19	19	火	메추라기 순	1	1
鶊	경	19	19	火		0	1
鶖	추	20	20	火	두루미 추	1	1
鶚	악	20	20	火	물수리 악	1	1
鶠	언	20	20	火		0	1
鶤	곤	20	20	火	댓닭 곤	1	1
鶩	목	20	20	火	집오리 목	3	1
鶬	창	21	21	火		0	1
鶯	앵	21	21	火	꾀꼬리 앵	3	1
鶱	건	21	21	火		0	1
鶴	학	21	21	火	두루미 학	3	1
鶵	추	21	21	火		0	1
鶸	약	21	21	火	댓닭 약	1	1
鶹	류,유	21	21	火	올빼미 류	0	1
鶻	골	20	20	火	송골매 골	0	1
鶿	자	20	20	火	가마우지 자	1	1
鷁	익	21	21	火	익새 익	0	1
鷂	요	21	21	火	장끼 요	1	1
鷄	계	21	21	火	닭 계	3	1
鷇	구	21	21	火	새 새끼 구	0	1
鷓	자	22	22	火	자고 자	1	1
鷖	예	22	22	火	갈매기 예	0	1
鷗	구	22	22	火	갈매기 구	3	1
鷙	지	22	22	火	맹금 지	0	1
鷦	초	23	23	火	뱁새 초	1	1
鷩	별	22	22	火	금계 별	0	1
鷫	숙	24	24	火	숙상새 숙	0	1
鷱	고	23	23	火	새이름 고	0	1
鷲	취	23	23	火	독수리 취	3	1
鷳	한	23	23	火	소리개 한	0	1
鷸	휼	23	23	火	황새	3	1
鷹	응	24	24	火	매 응	4	1
鷺	노,로	24	24	火	해오라기 노	3	1
鷽	학	24	24	火	메까치 학	0	1
鷿	벽	24	24	火	농병아리 벽	1	1
鸃	의	24	24	火		0	1
鸇	전	24	24	火	구진매 전	0	1
鸎	앵	25	25	火		0	1
鸏	몽	24	24	火	비둘기 몽	0	1
鸕	노,로	27	27	火	가마우지 로	1	1
鸚	앵	28	28	火	앵무새 앵	3	1
鸛	관	28	28	火	황새 관	1	1
鸜	구	29	29	火	구관조 구	0	1
鸝	리	30	30	火		1	1
鸞	난,란	30	30	火	난새 난	3	1
鹵	노,로	11	11	水	소금 로	3	1
鹷	령,영	16	16	水	나이 령	0	1
鹹	함	20	20	水	짤 함	4	1
鹺	차	20	20	水		0	1
鹻	감	21	21	水		0	1
鹽	염	24	24	水	소금 염	3	1
鹿	녹,록	11	11	土	사슴 녹	4	1
麀	우	13	13	土	암사슴 우	0	1
麂	궤	13	13	土	큰고라니 궤	1	1
麈	주	16	16	土		0	1
麋	미	17	17	土	큰사슴 미	1	1
麌	우	18	18	土	숫사슴 우	0	1
麏	균	18	18	土	고라니 균	0	1
麑	예	19	19	土	아기사슴 예	0	1
麒	기	19	19	土	기린 기	3	0
麓	녹,록	19	19	土	신기슭 록	3	1
麖	경	19	19	土		1	1
麗	려,여	19	19	土	고울 려	4	0
麘	향	20	20	土		0	1
麝	사	21	21	土	사향노루 사	3	1
麞	장	22	22	土	노루 장	0	1
麟	린,인	23	23	土	기린 린	3	0
麤	추	33	33	土	성길 추	0	1
麥	맥	11	11	木	보리 맥	4	1
麩	부	15	15	木	밀기울 부	1	1
麪	면	15	15	木	밀가루 면	2	1
麯	국	17	17	木	麴과 同字	0	1
麴	국	19	19	木	누룩 국	3	1
麵	면	20	20	木	麪과 同字	3	1
麻	마	11	11	木	삼 마	4	1
麽	마	14	14	木	잘 마	0	1
麾	휘	15	15	木	대장기 휘	3	1
黃	황	12	12	土	누를 황	4	0
黅	금	15	15	土	누른 빛 금	0	0
黌	횡	24	24	土	글방 횡	1	0
黍	서	12	12	木	기장 서	3	1
黎	려,여	15	15	木	검을 려	3	0
黏	점	17	17	木	붙일 점	2	1
黐	리,이	22	22	木	끈끈이 리	1	1
黑	흑	12	12	水	검을 흑	4	0
黔	검	16	16	水	검을 검	3	0
默	묵	16	16	水	묵묵할 묵	3	1
黚	겸	17	17	水	얕은 금향빛 겸	0	1
黛	대	17	17	水	눈썹 그릴 대	3	1
黜	출	17	17	水	내칠 출	3	1
黝	유	17	17	水	검푸를 유	1	0
點	점	17	17	水	더러울 점	4	1
黠	힐	18	18	水	약을 힐	1	1
黥	경	20	20	水	묵형할 경	1	1
黨	당	20	20	水	무리 당	3	1
黮	담	21	21	水	검을 담	0	0
黯	암	21	21	水	어두울 암	1	1
黲	참	23	23	水	검푸르죽죽할 참	0	1
黴	미	23	23	水	곰팡이 미	3	1
黵	담	25	25	水	문신할 담	0	1
黶	염	26	26	水	검은 사마귀 염	0	1
黷	독	27	27	水	더러울 독	1	1
黺	분	16	16	木	옷에 오색 수 놓을 분	0	1
黻	불	17	17	木	수 불	0	1
黼	보	19	19	木	수 보	0	1
黽	민	13	13		힘쓸 민	1	0
黿	원	17	17		큰 자라 원	1	1
鼀	축	18	18		두꺼비 축	0	1
鼂	조	18	18		朝와 同字	0	1
鼄	주	19	19		거미 주	0	1
鼇	오	23	23		매우 큰 자라 오	3	1
鼈	별	24	24		자라 별	3	1
鼉	타	25	25		자라 타	0	1
鼊	벽	26	26		거북 벽	0	1
鼎	정	12	12	火	솥 정	3	1
鼐	내	14	14	火	가마솥 내	1	1
鼓	고	13	13	金	북 고	4	1
鼔	고	13	13	金		0	1
鼗	도	19	19	金	땡땡이 도	0	1
鼙	비	21	21	金	마상북 비	1	1
鼠	서	13	13	水	쥐 서	4	1
鼢	분	17	17	水	두더지 분	0	1
鼫	석	18	18	水	석서 석	0	1
鼬	유	18	18	水	청서 유	1	1
鼯	오	20	20	水	날다람쥐 오	1	1
鼴	언	22	22	水	두더쥐 언	1	1
鼸	겸	23	23	水	두더쥐 겸	0	1
鼹	언	23	23	水	鼴과 同字	1	1
鼻	비	14	14		코 비	4	1
鼾	한	17	17		코골 한	1	1
齊	제	14	14	土	가지런할 제	4	1
齋	재	17	17	土	재계할 재	3	1
齎	재	21	21	土	탄식할 재	3	1
齒	치	15	15	金	이 치	4	1
齕	흘	18	18	金	깨물 흘	0	1
齗	은	19	19	金	잇몸 은	0	1
齟	저	20	20	金	이 어긋날 저	3	1
齠	초	20	20	金	이를 갈 초	0	1
齡	령,영	20	20	金	나이 령	4	1
齦	간	21	21	金	물을 간	1	1
齧	설	21	21	金	물 설	3	0
齩	교	21	21	金		0	1
齪	착	22	22	金	악착할 착	3	0
齫	곤	22	22	金	이 빠질 곤	0	1
齬	어	22	22	金	이 어긋날 어	3	1
齲	우	24	24	金	충치 우	1	1
齶	악	24	24	金	잇몸 악	0	1
齷	악	24	24	金	악착할 악	3	0
龍	룡,용	16	16	土	용 룡	4	0
龐	방	19	19	木	어지러울 방	3	1
龑	엄	20	20	土		0	1
龒	룡,용	21	21	土	龍의 古字	0	1
龔	공	22	22	土	공손할 공	1	0
龕	감	22	22	土	취할 감	3	1
龜	구,귀,균	17	17	水	나라 이름 구	4	0
龝	추	22	22	水	秋의 古字	0	1
龠	약	17	17		피리 약	0	1
龢	화	22	22		풍류 조화될 화	1	0
龤	해	26	26			0	1
龥	유	26	26		부르짖을 유	0	1
𠃗	울	4	4	木		0	1
𠄬	조	8	8			0	1
𠗊	경	9	9	水		0	1
𡊍	술	8	8	土		0	1
𡖔	나	10	10	水		0	1
𡜧	세	9	9	土		0	1
𡽜	한	17	17	土		0	1
𢒰	욱	16	16			0	1
𢓭	준	10	10	火		0	1
𢥏	영	21	20	火		0	1
𢱯	남,람	14	13	木		0	1
𢻠	리,이	16	16	土		0	1
𣃽	나	12	12	土		0	1
𣍃	인	14	14			0	1
𣘻	다	15	15	木		0	1
𣫙	예	19	19	金		0	1
𤋱	훈	13	13	火		0	1
𤎝	안	16	16	火		0	1
𤣰	보	8	7	金		0	1
𤨁	진	15	14	金		0	1
𤨒	은	15	14	金		0	1
𥁕	온	10	10			0	1
𥌾	응	22	22	木		0	1
𥎵	지	10	10	金		0	1
𥏾	지	16	16	金		0	1
𥠲	률,율	15	15	木		0	1
𥠺	온	15	15	木		0	1
𥥸	다	12	12	水		0	1
𥮗	국	14	14	木		0	1
𥹄	미	11	11	木		0	1
𦁗	섭	14	14	木		0	1
𦖤	성	15	15	火		0	1
𦟘	인	17	15	水		0	1
𧗿	솔	17	17	火		0	1
𧘥	뉴,유	10	9	木		0	1
𧩑	서	15	15	金		0	1
𧬂	하	19	19	金		0	1
𧹽	혁	21	21	火		0	1
𧼛	내,래	15	15	火		0	1
𨏶	련,연	26	26	火		0	1
𨓜	일	14	10	土		0	1
𨶊	준	18	18	木		0	1
𨶡	은	19	19	木		0	1
𩇣	슬	21	21	木		0	1
𩓞	정	17	17	火		0	1
𩔉	민	18	18	火		0	1
𩠻	별	13	13	木		0	1
𪊭	린,인	17	17	土		0	1
𪓐	초	23	23	木		0	1
𪙤	은	27	27	金		0	1
